,Store ID,Employee Number,Area,Sales,Marketing Spend,Home Sales,Clothes Sales,Actual,Predicted
1801,0.3811274107713804,0.24456138795373578,South America,-0.9786767270623731,-0.1003202879365726,-0.802268184984725,-0.8871877880232627,36191.64,38997.582
1190,-0.3811274107713804,-1.7465877787474586,Europe,0.7893042538038881,1.1209536741657957,1.2731254249789816,0.7193244311622065,70303.43,82271.984
1817,0.3811274107713804,0.35316952431925547,South America,0.45426546474182855,-1.1029214726241117,0.37421967371375725,0.585197172506992,58418.72,74563.445
251,-1.420565803784236,0.24456138795373578,South America,1.3317621238352721,-0.04576959688868442,1.7963845752608985,1.6067761786435544,100162.94,94631.25
2505,1.1433822323141412,0.2807641000755757,Asia,0.5021158273206088,1.410227569374735,1.1620068820283322,0.38001796131214005,77378.0,75783.89
1117,-0.4504233036389041,-0.5881009908485819,Europe,-0.619270629681824,-1.2836887915533313,-0.8530045978600524,-0.8346102152180109,49544.05,48207.918
1411,-0.10394383930128556,-0.551898278726742,South America,-0.151155332395757,-0.734673693045628,0.13134963290476334,-0.013865056345090493,59887.5,60055.906
2113,0.7276068751089989,-1.3121552332853799,South America,-0.9363362819839326,-0.5400287380276643,-0.7929186631167284,-0.8538844680940969,44398.8,40248.25
408,-1.2819740180491885,1.4754536000962923,North America,-1.3008951783347609,1.4601749299207096,-1.2911251712030198,-1.3754006239187435,34369.29,34145.69
2579,1.212678125181665,0.2807641000755757,South America,2.322398675504529,0.7732768455355651,2.19478457982645,2.1756136789539764,101502.4,118876.18
2254,0.8661986608440464,0.24456138795373578,Asia,1.192299106207331,1.3655588188747858,1.7810902879267323,1.1183079496245996,74136.5,91861.96
52,-1.697749375254331,0.24456138795373578,Asia,0.17427977421292476,1.4015597324631,-0.5766698482333806,0.002569292951791416,69383.8,67099.305
644,-1.0047904465790938,1.620264448583652,Asia,0.5284715683011143,1.5040319454246285,-0.30485192842807185,0.610568015997975,58262.97,76814.664
1763,0.3118315179038567,1.1858319031215732,South America,1.5765879471173416,-0.2732466666670674,1.2543745321607278,2.2404116145187936,100109.39,99882.984
2776,1.4898616966517597,-1.0949389605543405,Asia,-0.9900807052194835,0.47018712739131524,-0.7808682212394411,-0.836485740772213,42359.5,39616.047
900,-0.6583109822414752,-1.7465877787474586,Asia,-1.417170859453021,1.4542688580530403,-1.1644125697874288,-1.4010146854729901,31182.03,32730.23
1073,-0.5197191965064278,-0.7691145514577814,Asia,1.033949395197017,1.5134112167437037,1.0421961682181253,1.0688621987026552,115744.64,87423.46
472,-1.212678125181665,1.1134264788778934,South America,-0.2730444736441229,-0.6652738497427698,-0.9259514888700362,-0.31110556060605127,65577.01,56183.58
2738,1.420565803784236,-1.5655742181382593,Europe,0.1846029744005431,0.6951963361760196,-0.16210782916386418,0.3355223633588119,66212.18,68391.65
2546,1.212678125181665,0.534183084928455,South America,0.2666568844976444,1.04932039333794,1.0605024700551502,0.285179055672553,63561.83,70155.48
44,-1.697749375254331,0.24456138795373578,Asia,0.9666002987513195,0.2320000540661688,0.13327579651244847,0.5808203799319838,88101.34,87149.95
289,-1.420565803784236,0.35316952431925547,South America,-0.4105242357415366,0.029746249746333962,0.00935648990787901,-0.19971678416805536,52717.04,52824.285
912,-0.6583109822414752,-1.7465877787474586,Asia,-1.3857841891774707,0.7308322022733031,-1.218981642984855,-1.4758406235367763,32370.0,32280.855
2083,0.6583109822414752,1.0410210546342136,Europe,-0.3557570184091623,1.2303617894569112,-0.3195991185494114,-0.25488368082493407,54255.88,54709.777
1360,-0.17323973216880928,-0.9863308241888208,Asia,-0.05141975804149416,1.3896099669899284,0.19482304102249398,-0.4202597887841198,57865.76,62390.53
2895,1.628453482386807,-0.551898278726742,Europe,-0.6756100383045575,-1.6858661609371552,-0.788782655865078,-0.8178612963422162,44027.96,48345.758
2603,1.2819740180491885,-1.7103850666256188,Europe,0.8164745646527586,1.4128132252457113,0.3376243530671279,1.2334313549967628,78977.26,83347.44
1226,-0.3118315179038567,0.6065885091721348,South America,-0.5735458937494988,-1.112696114867978,-0.7183620666907926,-0.3731086120003475,54422.62,49175.49
296,-1.420565803784236,0.5703857970502949,South America,1.3470361113224973,0.6787820282246808,1.669355515653574,1.8055071381820964,116697.88,95087.79
1241,-0.3118315179038567,0.46177766068477516,South America,0.49877398894492797,-1.5742071138323348,-0.3079545298332729,0.8659985140751736,82343.18,75678.51
1005,-0.5890150893739515,1.4030481758526125,North America,0.4809668310204907,1.407998796993393,-0.11703250171842591,-0.004696386584195571,88623.67,75459.695
1665,0.17323973216880928,1.0772237667560534,South America,0.5254603415422746,0.6562190609355943,1.050406202209298,0.14203743906608088,92368.27,75943.055
746,-0.8661986608440464,-1.7103850666256188,Europe,0.07170060861741306,-1.3099010674668132,-0.08890050080964834,0.2964135216960474,59483.81,65426.074
2851,1.5591575895192835,0.8600074940250141,South America,-0.6257596462892268,1.7592024742270662,-0.7132450986414162,-0.4833611438657271,50613.87,49144.91
291,-1.420565803784236,0.35316952431925547,South America,-0.22559275018993913,0.07103626995389796,-0.2645562520140798,-0.44468579097462363,62131.3,57364.06
781,-0.7969027679765226,-1.0225335363106607,Asia,-1.2565059352411507,-1.1755927479152823,-1.231656061748667,-1.1483804872709875,38445.86,33425.35
2144,0.7276068751089989,-1.2397498090417,South America,1.276487651159677,1.0837328255116085,0.6829940698421361,0.5295441228645208,77304.43,94118.086
322,-1.3512699109167123,-1.0225335363106607,South America,1.1288448693228923,-1.2994686399675432,1.2164329232746924,1.503664744302711,94917.54,90004.82
298,-1.420565803784236,0.20835867583189588,South America,2.0919356645677487,1.4245367312515989,3.3166872742330114,1.4773091366393982,95342.16,113485.23
1298,-0.24253562503633297,0.17215596371005598,North America,-0.3463039904820928,-1.4067319554631128,-0.014732474517440865,-0.5009379668357984,64847.13,55571.363
194,-1.4898616966517597,0.896210206146854,South America,-0.360995654219517,-0.6765576659591408,-0.8090103535780857,-0.027039604055993257,46650.01,53805.645
63,-1.628453482386807,1.5116563122181321,North America,-1.2738494292694986,0.28570868668426713,-0.9239919511404356,-1.1715012097506114,34822.3,33193.754
393,-1.2819740180491885,1.222034615243413,North America,-0.3018675319493098,1.5421123467973135,-0.10726461139356218,-0.2990032676164294,68768.19,56930.094
727,-0.8661986608440464,-1.7103850666256188,Europe,-0.918744596272037,-0.5534130351748554,-0.9771432201229229,-0.6669236772282867,40682.99,41486.3
1583,0.10394383930128556,-0.9501281120669809,South America,1.4350668126375512,-1.0936133447457805,1.6356452686532332,1.1167843682527456,98628.78,97659.79
1547,0.03464794643376185,0.42557494856293526,Asia,2.7771749899684286,-1.6104109611696564,1.486667956154874,2.381260922114574,132307.23,130260.36
2425,1.0740863394466176,0.17215596371005598,South America,-0.8920819549369071,-0.6934373219901006,-0.5178098165039827,-0.7104319627408686,42830.21,41803.74
14,-1.697749375254331,-0.08126302114282331,Asia,-0.22572714852337483,1.7334158926721344,-0.608212565208613,-0.24264548018645693,56331.02,58183.613
2567,1.212678125181665,0.6789939334158146,South America,3.0541778244190474,-1.4009646716191901,1.7793411263584908,3.1228735693006087,107445.98,135609.3
1600,0.10394383930128556,-0.9863308241888208,South America,-0.40381560521640136,1.0013557188454882,-0.43936334697552165,-0.680501134489858,47809.08,53607.336
1090,-0.4504233036389041,-0.5156955666049021,Europe,-0.031745726502385115,1.2236719734551433,0.4526190618916592,0.5572678675263095,71983.35,61998.99
2111,0.7276068751089989,-1.27595252116354,South America,1.1457752282584754,1.4156076462952643,0.11831107863219681,1.1484075298729388,91492.86,90558.24
203,-1.4898616966517597,0.896210206146854,South America,1.8032088016914138,-1.626836931980134,1.351290002370551,2.466774581056147,81956.94,106668.54
2418,1.0740863394466176,-0.008857596899143517,South America,-0.5450532399758936,-0.3583213926518922,-0.8637892069704083,-0.752870258659651,50359.99,50277.723
152,-1.5591575895192835,-1.3121552332853799,Asia,1.0727435052059895,0.47118430184764565,1.9524205145443514,0.9809557157184248,92728.05,88856.71
2901,1.628453482386807,-0.2622765817520228,Europe,-0.5980450118356793,0.09220669186186345,-0.9325553932440335,-0.5384105370345332,53611.94,49076.996
1359,-0.17323973216880928,-1.0949389605543405,Asia,-0.41394839050788085,0.06338660064504242,-0.21279239295693025,-0.28164276432078605,60918.09,53258.78
772,-0.8661986608440464,-1.7103850666256188,Europe,-0.28803102679111897,0.7114613595303878,0.02759425560168463,-0.6706447153975684,47492.32,57317.7
2678,1.3512699109167123,-0.045060309020983416,Asia,-0.2996198285423609,0.872658400825426,0.03815060955679837,-0.15186709869735432,45341.34,56659.406
1001,-0.5890150893739515,1.584061736461812,North America,1.0764489852974068,-1.6953958831391158,0.3612860095386386,1.6605579498458503,97256.47,89528.2
718,-0.9354945537115701,-0.913925399945141,Asia,1.7941171375422262,-0.6236899254849189,1.3910910266204406,1.1620365187847008,84795.39,106874.26
612,-1.0047904465790938,1.3306427516089328,Asia,-1.352118959791301,0.27180772487724614,-1.3688821075340514,-1.3499997674886384,26627.02,30923.576
842,-0.7276068751089989,-0.08126302114282331,Europe,-0.6816872658733829,-1.105526955355623,-0.8775482846964684,-0.8384906617337625,36018.36,46466.957
266,-1.420565803784236,0.24456138795373578,South America,-0.3921191191302034,0.7356011453749817,-0.36740516432727954,-0.3589943195257983,58040.9,53543.55
51,-1.697749375254331,0.13595325158821608,Asia,-0.7106251529549797,-0.9981586741278082,-0.3900101722602924,-0.9156009808620567,46057.34,45895.88
1195,-0.3811274107713804,-1.7465877787474586,Europe,0.36476331911517695,0.15897072899945044,1.4546544256740501,0.5190132620647875,75316.12,72010.27
1270,-0.24253562503633297,0.42557494856293526,North America,0.13533097151508233,0.6603395490691796,0.01680666665901478,0.5381408479364834,80214.12,66246.26
1491,-0.03464794643376185,1.1134264788778934,Asia,-0.7235852732948354,1.2536490202984907,-0.8784654770826773,-0.9006488743605017,34896.76,45536.848
1582,0.10394383930128556,-0.9863308241888208,South America,0.4450210752137362,0.19840985346175558,-0.11591089283548509,0.42073023009046073,95315.25,73833.23
521,-1.1433822323141412,0.9324129182686939,North America,1.3661122877173408,-0.7683700256682006,2.067490315143192,1.1317528969285369,110523.09,96409.766
1694,0.24253562503633297,0.06354782734453628,South America,-0.3684193501458126,1.6124498839748964,-0.323874581953351,-0.3754433921513063,62788.14,53921.566
2663,1.3512699109167123,-0.045060309020983416,Asia,2.4500840296245365,0.05265560395183009,3.272250226869203,2.838960225714578,117145.39,121654.555
2748,1.420565803784236,-1.601776930260099,Europe,-1.3337355871322187,-0.09622079294943633,-1.1386304646413687,-1.3232446479658782,34254.86,31338.148
1921,0.5197191965064278,1.7288725849491715,South America,-1.2170883950583602,-0.40180986180703865,-1.2527753252899843,-1.251446335921277,30042.14,33977.473
102,-1.628453482386807,1.8012780091928513,North America,-0.6212259287023153,-0.677613154711163,-0.45996590759361417,-0.47478480494109276,49360.43,48936.754
695,-0.9354945537115701,-0.9863308241888208,Asia,2.2673244542749,-1.5335398903027595,1.234595001227726,2.2607966292833357,110708.72,117713.13
2332,0.9354945537115701,-0.15366844538650312,South America,-0.11218085112573266,-0.17392225938698483,-0.1371356424407139,-0.4989636250952413,70855.08,61383.11
2724,1.420565803784236,-1.5655742181382593,Europe,-1.260799951640155,-1.6094930941554668,-0.9198386608613647,-1.004373591966804,36926.24,34698.19
2272,0.8661986608440464,0.35316952431925547,Asia,-0.530275739398394,-0.17331229185404823,-0.30993373445614486,-0.6883313970504645,61609.85,51093.49
2482,1.1433822323141412,0.09975053946637617,Asia,0.5416171334908803,-1.6392788701089445,0.641467126716053,0.6526642776671382,69567.03,77477.016
1842,0.3811274107713804,0.35316952431925547,South America,-0.6266754808495023,0.9863327899893564,-0.288923532777515,-0.30423939292951163,50195.75,47600.254
1830,0.3811274107713804,0.534183084928455,South America,-0.1711856541238891,-1.0850609701396152,-0.6633859483992919,-0.09237607367939872,55739.11,59587.277
794,-0.7969027679765226,-1.0225335363106607,Asia,0.04341120902603722,1.290784730080968,0.4725648674677749,0.07393581507034186,73025.12,64726.062
1820,0.3811274107713804,0.42557494856293526,South America,-0.15339910118277508,-1.4239941532738112,-0.4310204124631502,-0.14795465725593496,53956.24,60301.52
2001,0.5890150893739515,0.13595325158821608,North America,-0.2495522040897819,-1.4671350692266343,0.40291009519815363,-0.6243497568015842,60522.41,58703.797
144,-1.5591575895192835,-1.2397498090417,Asia,-1.5451931412902855,1.1339950832543186,-1.4672815342361816,-1.3900155095665763,24728.37,31164.848
2525,1.212678125181665,0.31696681219741557,South America,-0.20953422019698104,0.016309469733020387,-0.665899734939272,-0.2512478680771218,45447.73,58649.082
1330,-0.17323973216880928,-1.0587362484325005,Asia,0.6618405844542089,0.9093485893888177,-0.24098220261259695,0.805007691523914,78862.74,79058.12
2477,1.1433822323141412,0.13595325158821608,Asia,0.044704767099697285,-0.9307298540193341,0.6424176932241775,-0.007575080471510105,61493.19,65690.65
2881,1.628453482386807,-0.2622765817520228,Europe,-1.0886923243276423,-1.2197553303286264,-0.6112865602236005,-1.0032107321462866,41514.58,38237.535
321,-1.3512699109167123,-1.0587362484325005,South America,0.16781260510040297,-0.43093085478962934,0.1895225153025831,0.3684655280185111,69338.39,67665.04
1261,-0.24253562503633297,0.5703857970502949,North America,-1.1480210086717049,1.3824932903436962,-1.2770913529376209,-1.3019179064511432,34837.87,34967.66
2414,1.0740863394466176,0.027345115222696382,South America,-0.7080116334370692,-0.2385100070093526,-0.12093667801605719,-1.0142931514876243,44379.87,46633.375
1269,-0.24253562503633297,0.35316952431925547,North America,-0.7394602222052192,0.04423385336801472,-0.5770095491171618,-1.0504913043374062,50809.7,45012.176
1760,0.3118315179038567,1.584061736461812,South America,0.6481172513903517,-0.5887503320781963,0.19805615908304222,0.3714336944413221,88413.99,79482.914
416,-1.2819740180491885,1.1134264788778934,North America,1.5468553703522945,-0.6369062774605173,1.9133131952571307,2.217258047690697,115753.36,100131.13
2631,1.2819740180491885,-1.7103850666256188,Europe,-0.7659551244801295,0.738105161231989,-1.1677332949180048,-1.0093005273787408,49864.81,44982.8
2291,0.9354945537115701,-0.18987115750834302,South America,0.954671980717077,1.7288650450363432,0.2810009834725202,1.155839129996903,92272.9,86132.81
174,-1.5591575895192835,-1.3121552332853799,Asia,0.456095166552414,-1.0205968488241142,-0.16486000228895392,0.7292909920782558,90758.86,74656.98
1725,0.24253562503633297,0.09975053946637617,South America,0.4369937257559082,1.1692892275788476,1.3265812328239466,0.47172362936374396,75144.98,73113.34
2175,0.7969027679765226,0.6427912212939747,South America,-0.6425815960914456,0.303667157185526,-0.3341865896587271,-0.7491146772962851,46003.69,47799.05
45,-1.697749375254331,0.06354782734453628,Asia,-0.2112979653524065,-1.6797524901768228,0.1154653387724516,-0.14436839417176778,56276.77,59191.68
685,-0.9354945537115701,-1.0225335363106607,Asia,-0.8394233832597067,-0.3532048963478903,-0.26976559486518636,-0.8588249942709191,52610.25,42540.363
1607,0.10394383930128556,-1.0225335363106607,South America,2.621132415834549,-0.3068345346996533,3.689477407960245,2.3863704834296597,130810.44,124723.555
1231,-0.3118315179038567,0.534183084928455,South America,-0.631625025637552,-0.41144921488489966,-0.7730288783881136,-0.4516043397241597,59872.57,47450.27
862,-0.7276068751089989,0.06354782734453628,Europe,0.39637633357939484,-0.4003939907076406,1.1668288466786352,-0.0017078340140562706,69882.19,73708.586
1965,0.5197191965064278,1.3306427516089328,South America,0.12097488944072839,1.3830915950174947,-0.398926426509852,-0.007737603368266285,82656.55,66208.96
331,-1.3512699109167123,-1.1311416726761803,South America,-0.3957624736437613,0.9753078892458573,-0.5223874349045486,-0.6227321726392723,55286.54,55211.926
93,-1.628453482386807,1.2944400394870927,North America,0.4912140309178609,1.3615992781973103,0.46715468391871384,0.5409937759987029,78897.92,76660.42
1641,0.17323973216880928,1.7288725849491715,South America,-0.19460896428680627,0.27118609448517134,-0.7255065126465255,0.04667585526027131,50578.08,58545.984
2986,1.697749375254331,-1.1673443847980203,Asia,1.6186865166126494,-0.4253490104060066,1.8001254567477292,1.8436300831087902,79757.27,102048.43
506,-1.1433822323141412,0.8600074940250141,North America,0.09240054053223835,1.6730244417677518,0.707210571090489,0.06170978949207447,65937.48,66479.836
2909,1.628453482386807,-0.4794928544830622,Europe,0.7726044843047928,-1.1114831775175875,0.9675847428776141,0.9853435507899024,70056.44,82200.62
2045,0.6583109822414752,0.8238047819031742,Europe,-0.18272630855229016,-1.3544205333697914,0.6411697394511289,0.028284152678939016,60001.5,60122.84
495,-1.1433822323141412,0.6789939334158146,North America,-1.083985379921133,-0.009198369488504185,-1.2812011376649093,-0.956629234923966,40205.14,36085.137
2132,0.7276068751089989,-1.2397498090417,South America,1.0016980404202944,1.0205691129900354,0.927473220100619,0.6169347230649718,76687.32,87448.57
0,-1.697749375254331,0.027345115222696382,Asia,-1.748022073939476,0.13806038885027072,-1.6254373262277213,-1.7367963338218098,23312.79,25445.115
314,-1.3512699109167123,-1.1311416726761803,South America,-0.594591140334592,0.6878090811977774,-0.28949029688361305,-0.6522377232057397,47195.22,50341.37
1272,-0.24253562503633297,0.5703857970502949,North America,-1.409963671165565,0.3063962662239038,-0.8570345230813292,-1.3039811544453264,32282.49,28223.05
1941,0.5197191965064278,1.258237327365253,South America,0.21029148667483982,-0.024044022885732593,0.7752198799563916,-0.10346245699382808,68820.36,68874.79
2967,1.697749375254331,-1.20354709691986,Asia,-0.8368294332988216,1.4555669342751403,-0.07995385227048693,-0.6797709140181963,44072.02,45361.133
1316,-0.24253562503633297,0.31696681219741557,North America,0.7579394310232185,-0.6576521712958463,0.802917421313807,0.11913218683807969,91389.53,82444.414
755,-0.8661986608440464,-1.7103850666256188,Europe,1.3506860925643602,1.368303089630044,0.45338666669571176,0.5695921430090619,94884.54,96048.21
1770,0.3118315179038567,1.1858319031215732,South America,-0.4624183521831783,-1.1604251996058348,-0.40988505782733786,-0.0712132707660957,49805.43,52397.004
1200,-0.3118315179038567,0.35316952431925547,South America,-1.5197336653130302,0.9353812572715686,-1.6318511173000938,-1.5015124458417863,22218.15,26756.871
2174,0.7969027679765226,0.2807641000755757,South America,0.022841844367346056,0.9522947355940298,-0.05881849763467462,0.0439670459340258,62097.32,63693.906
1991,0.5890150893739515,0.35316952431925547,North America,0.9887808902717917,-0.604931382846768,1.237071837847014,0.6043018239629442,90049.62,87496.24
879,-0.7276068751089989,0.20835867583189588,Europe,-0.6342639130997548,-1.480463384649961,-0.5568438319162824,-0.8670442924763736,54243.74,48016.605
765,-0.8661986608440464,-1.7103850666256188,Europe,-0.3548374563142151,0.4602515376913398,-0.12714366872584706,-0.2649309369074913,64134.49,55222.934
927,-0.6583109822414752,-1.7465877787474586,Asia,-1.0683301484711116,1.3977121552333527,-0.7063444029689575,-0.8822645334434824,43793.26,39779.465
2377,1.0047904465790938,0.38937223644109537,South America,-0.32250337097631054,0.40613587128931267,-0.6172223861928283,-0.4245522053604635,68004.04,55656.082
1374,-0.17323973216880928,-1.0225335363106607,Asia,0.017945313405736567,0.056606980627909254,0.02047126443861159,0.42566197889829466,74811.16,64013.406
1814,0.3811274107713804,0.13595325158821608,South America,-0.14620206007303593,-1.5761466473070451,0.5685899637822138,-0.4429722220353073,61830.35,61130.496
1798,0.3118315179038567,1.3306427516089328,South America,1.0099873527314296,-0.13161057271889998,1.285037602636906,0.7628327166747886,77243.48,87502.75
929,-0.6583109822414752,-1.7465877787474586,Asia,0.45587876245620446,0.08459434370225066,0.930914926423138,0.3323486366171072,60230.76,74668.66
436,-1.212678125181665,1.1496291909997332,South America,-0.9662782219463653,-1.104014282525377,-0.6173022456988398,-1.0269229360393657,38046.32,39587.19
196,-1.4898616966517597,0.6789939334158146,South America,-0.2987808226133709,0.09382199785252744,-0.6246534920171556,-0.5036283720012615,53450.88,55579.895
1762,0.3118315179038567,1.6926698728273317,South America,1.064135281595177,0.5627389123697478,2.213522361382523,0.747020144871419,74265.13,89000.586
1064,-0.5197191965064278,-0.8053172635796213,Asia,1.3720298525510672,1.2626702418420181,2.110753904541798,0.48304360394964324,90486.53,96291.4
2342,1.0047904465790938,0.2807641000755757,South America,-0.2992311295102212,-1.4047562671250735,-0.5350457625738656,-0.4426927619323489,52044.03,56930.516
2528,1.212678125181665,0.31696681219741557,South America,-0.20762913935192606,-1.207551314526238,-0.14326277364449186,-0.17994760093738815,51260.74,59320.74
1268,-0.24253562503633297,0.31696681219741557,North America,-0.09408988285310818,0.5197484472998097,-0.561494158225307,-0.39738228436775974,67328.92,60938.52
2323,0.9354945537115701,0.027345115222696382,South America,-0.5075810587211366,0.9730954448673088,-0.5349325289459385,-0.8874216624356678,46889.51,50933.09
2779,1.4898616966517597,-1.1311416726761803,Asia,-0.8759301330345302,-1.0389915102571483,-0.5476611806578628,-0.8685735366669299,49449.57,42915.785
2225,0.8661986608440464,0.35316952431925547,Asia,0.11138011165351056,1.165579272086933,0.3208145230181284,-0.22885991433757585,65311.75,66665.914
450,-1.212678125181665,1.4392508879744523,South America,-0.812552931866637,-0.47818642744646844,-0.2527561160511573,-0.7176962265721801,43853.67,43561.598
2164,0.7969027679765226,0.6427912212939747,South America,-0.8488815883182641,-1.471617105993509,-1.1729480014672762,-0.6150743429081508,49730.45,42819.773
2372,1.0047904465790938,0.6065885091721348,South America,0.2030382219171381,-0.3112186034497659,-0.18158341720085136,0.693471398658723,82313.48,68050.125
2012,0.5890150893739515,0.24456138795373578,North America,0.2708782139705533,1.2057251658130232,0.6606691661466271,0.659344138608372,79433.39,69233.61
270,-1.420565803784236,0.46177766068477516,South America,-0.12247775148539079,-0.730814452956742,-0.17429117156235033,-0.36433237557552206,63762.36,60246.832
1840,0.3811274107713804,0.534183084928455,South America,-0.13461781419750404,1.5836437881890413,0.34693930888028357,0.052340939090053024,48977.17,59655.37
2934,1.628453482386807,-0.2984792938738627,Europe,-0.27703759516102855,1.2128651681775318,0.24446645140509404,-0.563388097766641,55119.56,57857.63
978,-0.5890150893739515,1.1496291909997332,North America,-0.8663709739119514,-1.265298795263953,-1.0660745276309647,-0.5468801318266291,38568.14,41740.152
2166,0.7969027679765226,0.35316952431925547,South America,-0.9820776882796503,-1.509591375348035,-0.46954308865039,-0.84238526529627,42226.34,39881.445
354,-1.3512699109167123,-1.0225335363106607,South America,0.44859350302590495,-0.9009079232025273,1.1180853456548236,0.22556996088465447,75962.22,74456.4
1876,0.4504233036389041,-0.18987115750834302,Asia,-0.45452540105878575,1.4624771783146233,-0.4248855336953561,-0.7024720216319796,63133.44,52138.457
184,-1.4898616966517597,0.8238047819031742,South America,-1.0251358908676251,-1.6865297776221284,-1.344228762868485,-0.6788753392404275,30835.05,38432.645
2744,1.420565803784236,-1.5293715060164192,Europe,0.7544274721068329,1.7664521074674757,1.3936399751817246,0.7019441080011051,83409.58,83079.28
1614,0.10394383930128556,-0.9863308241888208,South America,-0.20526505402912057,-0.8023112783326788,0.29623924995918527,0.2893972893238967,54755.19,58427.445
2759,1.420565803784236,-1.5293715060164192,Europe,3.6788584825766804,1.482834698940645,4.301438418662033,3.1668943399057494,161616.19,153391.03
1706,0.24253562503633297,-0.18987115750834302,South America,-0.5624065705540688,-0.3879882074421588,-0.6224984772877653,-0.612896139694311,57020.13,49536.098
1861,0.4504233036389041,-0.22607386963018292,Asia,-1.1796173527725304,-0.14505085158995515,-1.3049933107917677,-1.1811172421889882,36196.98,34031.57
246,-1.420565803784236,0.46177766068477516,South America,-0.5808336382029123,1.7022399039093634,-0.646626775499628,-0.5357107882182112,41364.36,50881.543
555,-1.0740863394466176,0.7151966455376545,South America,-0.8887077077181096,-0.025387584258472626,-1.0397369817415991,-0.7668446795122534,47448.41,40931.84
1752,0.3118315179038567,1.5478590243399721,South America,-1.3224489227746326,-0.9034982442171589,-0.9887139089976774,-1.3225891767010869,36162.78,31688.07
1364,-0.17323973216880928,-1.0949389605543405,Asia,0.8459327534489272,-0.26168644068911723,-0.04038287107522766,1.210696270470766,89075.74,83634.43
67,-1.628453482386807,1.4754536000962923,North America,-0.36208544039779866,-0.12470499382307224,-0.306172590109579,-0.46541255684784966,57915.35,54785.31
2618,1.2819740180491885,-1.7103850666256188,Europe,0.48028251778037034,1.094482482779442,-0.08191100613423609,0.3558801965935831,77661.57,75584.336
2284,0.9354945537115701,0.06354782734453628,South America,-0.8144778928966071,-0.7135254305700255,-0.25288484480711665,-0.9174368666853426,41314.15,43933.23
532,-1.1433822323141412,0.8600074940250141,North America,0.2251968624000995,-1.2272405533236308,0.2534363426363036,0.2987828450410898,82047.12,69465.83
2873,1.5591575895192835,0.7876020697813343,South America,0.6375909005631335,1.4940835265796004,0.09756667799596401,0.4158684170936007,67108.89,79292.31
2705,1.420565803784236,-1.601776930260099,Europe,0.055534394289498634,1.5853792216288307,-0.6625742420769939,0.09526935196751964,74158.48,65687.85
1502,0.03464794643376185,0.13595325158821608,Asia,-0.5211743422420083,0.6600456450188926,-0.2954022841943296,-0.1487780310952495,41535.93,50430.934
761,-0.8661986608440464,-1.7103850666256188,Europe,1.112189830239855,0.22389786582274449,-0.05753776570617371,0.7749907884286285,103846.46,90219.086
2752,1.420565803784236,-1.5655742181382593,Europe,0.23656988131091022,-0.6097784671046735,-0.4725974167721061,0.5717938469205163,67166.96,69458.9
1211,-0.3118315179038567,0.6427912212939747,South America,1.0197817607088355,1.7370243812895458,0.1963743417250943,0.4369329701024187,74588.31,87321.02
2243,0.8661986608440464,0.42557494856293526,Asia,1.7088676948053028,1.720708041354969,0.3518041831159065,0.904065963378585,130041.19,104495.43
1793,0.3118315179038567,1.7650752970710115,South America,0.6457990354525323,0.7877586177276767,0.7953557988341323,0.253551363797398,78981.67,78906.555
535,-1.1433822323141412,0.6427912212939747,North America,0.0057465420225461675,-0.18588252143338105,0.771325835088627,0.26996561008788655,65034.32,63637.297
1746,0.3118315179038567,1.7650752970710115,South America,-0.8332067873112169,-0.4713753177096616,-0.6142491095100494,-0.6983027713624107,43626.42,43114.52
463,-1.212678125181665,1.584061736461812,South America,-0.31440354167764617,-1.3825245250355165,0.4678877226679254,-0.17514666324157765,68099.6,56584.78
2677,1.3512699109167123,0.17215596371005598,Asia,-0.5105511790559594,-0.10643279241099121,-0.8630901383095745,-0.6038135447776904,51942.7,51430.69
1839,0.3811274107713804,0.31696681219741557,South America,-0.7597476402830592,-0.43813383659348537,-0.337836884243217,-0.5812279586654344,48383.07,44811.02
2862,1.5591575895192835,0.9686156303905338,South America,0.021328568833323625,-1.2824362004818708,-0.014752141410712074,-0.06084238459470214,60801.28,64995.844
124,-1.5591575895192835,-1.3121552332853799,Asia,-1.0566103652932164,0.17444734307606474,-0.826134257952967,-0.949427545239315,36161.53,39335.777
178,-1.5591575895192835,-1.27595252116354,Asia,1.1559833925844245,-0.7791290132233449,2.039969179858757,0.5562932964276437,83025.63,91799.82
192,-1.4898616966517597,0.6065885091721348,South America,-1.6058020267087685,1.2725731755364063,-1.083525617593909,-1.4558313367931317,31848.15,28649.75
2307,0.9354945537115701,-0.11746573326466321,South America,-0.819052095651757,-1.4291351415820037,-0.3180800000358005,-0.731006681931938,50815.84,43946.867
1429,-0.10394383930128556,-0.6967091272141016,South America,-0.19944129881796133,0.8980752697456713,-0.12191823478024581,-0.10057243746910911,73697.13,58466.293
1691,0.24253562503633297,-0.08126302114282331,South America,0.8421213492472595,0.10960651141039439,0.039968903234721125,0.3761165623671897,93227.08,83742.945
741,-0.8661986608440464,-1.7103850666256188,Europe,-0.40067929896080506,1.0028648928179928,-0.5500372989449421,-0.45661678369850117,48162.44,54764.535
1034,-0.5197191965064278,-0.8053172635796213,Asia,-0.1614706633435134,-1.663822190879726,-0.41351032182039144,-0.27599155439682516,59225.34,60012.09
1966,0.5197191965064278,1.258237327365253,South America,1.90053224694266,0.6887456087865886,1.9556262181476116,1.1523060974085377,100044.85,108810.38
478,-1.212678125181665,1.5116563122181321,South America,1.9624196767534872,1.327407274061357,1.432940983569347,1.8825860286665927,125661.13,110448.1
1027,-0.5197191965064278,-0.8415199757014612,Asia,-1.09132033981372,-0.4121478201472879,-1.3859678700553153,-0.990031654180422,36329.97,35787.996
2601,1.2819740180491885,-1.7103850666256188,Europe,-0.32451396176109654,1.1831482030929703,-0.4246256923175867,-0.12536539031152222,63851.07,56313.87
368,-1.2819740180491885,1.3668454637307725,North America,0.10840408938879069,0.48557510373847773,0.30912166101850536,0.09774145547200896,59494.23,66554.125
2523,1.212678125181665,0.6427912212939747,South America,-0.7901212494689841,-1.1805016453266215,-1.0815303218765417,-0.9303611178096036,52215.01,44697.168
845,-0.7276068751089989,0.09975053946637617,Europe,0.01658113925857637,0.27648919653538695,0.3618217833886726,0.10420641244349066,81205.44,64010.52
256,-1.420565803784236,0.24456138795373578,South America,-0.22888592352963041,0.0429999228711754,0.39856847951684615,-0.5782844255039783,51094.67,57676.117
1222,-0.3118315179038567,0.534183084928455,South America,0.09891720302178832,1.759052023344181,-0.1935516157062761,-0.1665618300888898,67371.1,65555.01
1992,0.5890150893739515,0.534183084928455,North America,-1.378962179472742,1.680710265939936,-1.2352652346472253,-1.129742452076105,30753.63,30264.676
211,-1.4898616966517597,0.7876020697813343,South America,-0.7954742998852296,-0.3556809213429658,-0.9417189735756443,-0.8509899183144157,39374.05,43338.31
2689,1.3512699109167123,0.17215596371005598,Asia,-0.2924125367122751,0.9175720713672807,-0.23865018584376255,-0.34661030130573667,58726.52,56845.758
1949,0.5197191965064278,1.8374807213146913,South America,0.3214222380626827,-0.9634033538954718,0.44343581466677645,0.5677791916015203,72429.66,71422.484
1362,-0.17323973216880928,-1.0949389605543405,Asia,0.02861134324050828,-1.5807604743821837,-0.24477314528230154,0.08146141798476467,64003.38,64887.805
2151,0.7276068751089989,-1.3121552332853799,South America,-0.8721369523357017,1.656508666941909,-1.1822051485335425,-0.9045097841517303,51610.1,43814.863
2153,0.7276068751089989,-1.27595252116354,South America,1.0123895417419888,1.2341148975276381,0.17657812373113493,0.5045014397173361,86396.57,87735.19
567,-1.0740863394466176,0.7151966455376545,South America,-1.0307907680496369,1.248765781177256,-0.823733705040914,-0.8645498208380101,31074.42,38992.793
2206,0.7969027679765226,0.42557494856293526,South America,1.0576291804538627,1.6477125385797518,1.0394839248460415,0.7780858019903709,67208.53,88669.92
2093,0.6583109822414752,1.0048183425123736,Europe,0.5268492623779488,0.5566753919037102,1.0141523703458382,0.9522675930316339,72769.71,75577.06
1710,0.24253562503633297,-0.15366844538650312,South America,-0.6727203705930626,0.7943388028535437,-0.24724044643818543,-0.5926306104043872,47750.5,46532.16
1263,-0.24253562503633297,0.17215596371005598,North America,-1.2360753177063453,-1.5241734481287363,-1.4273577408949603,-1.4481706756526591,33665.7,32761.238
2123,0.7276068751089989,-1.27595252116354,South America,1.3141792392469072,-1.185684619927712,0.37615358488545825,0.9292578617985755,106578.52,95130.414
798,-0.7969027679765226,-1.0225335363106607,Asia,-0.85287025750209,-1.3673231544345676,-0.42155110133613627,-0.5738957410096952,47652.67,43100.066
80,-1.628453482386807,1.222034615243413,North America,0.9031239037441114,0.8325230036725604,1.08165451175192,0.8147151784843328,83086.43,85769.836
32,-1.697749375254331,0.20835867583189588,Asia,0.07395286790007137,1.1449290136965387,0.2594073306268351,0.0542504415564689,57275.57,64854.145
414,-1.2819740180491885,0.9324129182686939,North America,0.05071759115280869,0.5891961083251352,-0.8158067551195589,0.2976298951533014,69029.1,64056.29
1804,0.3811274107713804,0.20835867583189588,South America,-0.4194092288017125,0.49370994798748935,-0.549452655844961,-0.6532799649878985,51549.04,52997.91
2213,0.7969027679765226,0.46177766068477516,South America,1.3887768374893361,0.031410539745379114,0.3723680059139189,1.9571650678349581,113932.74,95469.516
1321,-0.17323973216880928,-1.1311416726761803,Asia,-0.7653271384306016,-0.4573390667366358,-1.197761065144866,-0.31780042801684666,39416.17,43999.777
1567,0.10394383930128556,-1.0949389605543405,South America,-0.7058498704128255,-1.1364650217919716,-0.35201194656029355,-0.5429464548150761,39146.06,46157.19
783,-0.7969027679765226,-0.9501281120669809,Asia,-1.1145426737322621,-1.725898924929603,-0.6715614163356237,-1.162760365942675,39717.51,37973.434
2991,1.697749375254331,-1.1311416726761803,Asia,-0.5302490253999147,1.394544522691372,-0.4861294312758495,-0.7545606100422876,50809.05,52011.05
1412,-0.10394383930128556,-0.7329118393359415,South America,0.17719615592289958,-0.32903711964136423,-0.11205022208963605,0.15439569146104695,59524.21,67827.92
457,-1.212678125181665,1.3306427516089328,South America,-0.7471012541113927,0.08635893428988563,-0.9053179379958793,-0.4342704516764172,50371.99,44858.41
139,-1.5591575895192835,-1.27595252116354,Asia,-0.38614315625328877,-1.0276038945944457,-0.3329809495045356,-0.07535873719711506,44337.41,54099.695
2230,0.8661986608440464,0.31696681219741557,Asia,0.9789710544425502,1.0854449332331209,1.1605479561274616,0.3804514500838011,81429.44,87187.43
1025,-0.5197191965064278,-0.7691145514577814,Asia,0.011697965296206413,0.172030798662595,0.09323400181159819,-0.06741295313498163,50180.13,63956.473
88,-1.628453482386807,1.2944400394870927,North America,-0.07481096998918424,0.12003310748009548,-0.9254550488065456,-0.3956630526097412,47146.85,61409.29
1442,-0.03464794643376185,0.9686156303905338,Asia,-0.38538066832769563,-0.8460038475227465,-0.11310448676228316,-0.5783118901746844,55237.81,54707.598
1831,0.3811274107713804,0.17215596371005598,South America,-0.6134310324483104,0.5839198308509379,-0.5634536959549074,-0.3233100674732501,47706.31,47915.13
2576,1.212678125181665,0.534183084928455,South America,0.6744657443867729,1.0125287379000447,1.8770486359973408,0.6736249179527695,90763.45,80038.56
254,-1.420565803784236,0.24456138795373578,South America,-0.3166608745491635,0.9242082382170123,-0.402278737862955,0.08365830850032215,51532.19,55380.55
605,-1.0047904465790938,1.3668454637307725,Asia,-0.26330421846208407,1.0647655176948805,0.12878638114837326,0.024548674321966526,51635.32,57333.332
1044,-0.5197191965064278,-0.7691145514577814,Asia,-1.3550553252288202,-0.7129504516145039,-1.2832435147328354,-1.1796553855409893,33878.9,29875.926
568,-1.0740863394466176,1.1496291909997332,South America,-0.01565302744160454,0.6166189890171798,-0.05058343305206534,-0.02063722123117217,54047.39,63126.496
1732,0.24253562503633297,-0.18987115750834302,South America,0.044164481657581085,-0.43156648061267044,-0.5599571607178132,0.2399713582674103,65014.27,64592.383
2542,1.212678125181665,0.46177766068477516,South America,0.874792051674532,1.2441589518176004,0.2395401926238055,0.3568213570619052,72830.4,84609.49
857,-0.7276068751089989,0.09975053946637617,Europe,0.3518592153380248,-1.034968990140325,0.5401325651847618,0.16753399713225503,55068.86,72835.66
2472,1.1433822323141412,0.20835867583189588,Asia,-1.7095531913305964,-0.34283544828796725,-1.712418035503104,-1.7328349089986155,24407.5,23329.395
817,-0.7969027679765226,-1.0587362484325005,Asia,-0.6989206940862897,-0.9349261507373189,-1.047949399598623,-0.7950087083281464,41949.34,45951.645
2030,0.5890150893739515,0.46177766068477516,North America,-0.27361437227835217,0.08561251130503013,-0.8051020055152146,-0.3235258208658076,58165.32,56772.465
1877,0.4504233036389041,-0.18987115750834302,Asia,0.5044566155517171,-1.4825265444315383,1.1852030886924165,0.30358378273690034,55999.21,76737.48
141,-1.5591575895192835,-1.27595252116354,Asia,0.037148018894153256,-1.2837914247137492,-0.6915096057775906,-0.3003428073804586,52875.48,64364.95
443,-1.212678125181665,1.3306427516089328,South America,0.9501561760051151,1.336504304189284,1.8908446636440925,0.6336442853507855,73281.5,87116.586
1174,-0.3811274107713804,-1.7465877787474586,Europe,0.3131478358902345,-0.41683045809134256,-0.01603168140628763,-0.0677544211027303,58765.98,71602.83
486,-1.1433822323141412,0.9686156303905338,North America,-0.5537599326276134,-1.5629979399144494,-0.8712131611971823,-0.6609080649208324,51312.7,49709.926
881,-0.7276068751089989,0.24456138795373578,Europe,0.805641209928286,0.022451131355284915,0.9132957739176915,0.7420326172993678,68590.53,82794.34
2564,1.212678125181665,0.534183084928455,South America,0.6850723407520599,1.4628993738154326,0.5012141672662402,0.28152823645517966,92727.28,80208.63
1084,-0.4504233036389041,-0.2984792938738627,Europe,-0.6413391880768897,-1.5359704301471955,-0.6169565851504311,-0.6574628060223529,44164.78,47827.363
1299,-0.24253562503633297,0.35316952431925547,North America,-0.8940019459206483,1.1224290258467995,-0.28064317474373474,-0.8911662013025641,43588.74,41032.766
175,-1.5591575895192835,-1.2397498090417,Asia,0.29662398531911,-1.5342303315637509,1.0817045729347932,0.5320077321409566,64682.89,72033.79
1094,-0.4504233036389041,-0.4070874302393824,Europe,-0.019704754086957512,0.7455087442130253,-0.6295261138167946,0.1465008727672343,72575.58,62433.8
2700,1.420565803784236,-1.5293715060164192,Europe,-1.6184654974143464,-1.1907276402191422,-1.3759413302856078,-1.418959308517776,23895.72,26855.031
2846,1.5591575895192835,0.7151966455376545,South America,-0.2525213925409369,0.6685921881954889,-0.18865575121458872,-0.24139512981698882,52197.6,57885.83
1963,0.5197191965064278,1.5116563122181321,South America,-0.31368723376492863,1.703093625198292,-0.6769245185341256,0.09770351458670365,53747.96,55798.27
2681,1.3512699109167123,-0.045060309020983416,Asia,1.3792420108847523,-0.35902349677202205,1.5525687356754823,1.6851807349862595,104699.43,96122.41
2097,0.6583109822414752,1.0410210546342136,Europe,0.40672811153282856,0.5988727825522393,0.8739780784691116,0.6661817090504653,91216.91,72953.664
2155,0.7276068751089989,-1.2397498090417,South America,-0.19470919355241917,0.30544107806047166,-0.33236829598080414,0.05397352972192643,76332.01,58779.652
1556,0.03464794643376185,0.06354782734453628,Asia,1.8322891634315677,-1.2594895251271319,2.3933236553020096,2.7325946526064575,83948.03,106345.664
1670,0.17323973216880928,1.3668454637307725,South America,-0.23432211867757752,0.2753007511891874,-0.9097304736862571,-0.5553010263778855,45638.74,57527.152
177,-1.5591575895192835,-1.3121552332853799,Asia,0.28634644743121856,1.4974844163043484,-0.5631402175954884,-0.205990337867399,80044.94,70989.2
1078,-0.5197191965064278,-0.6605064150922617,Asia,2.1096992310450546,-1.1545389545987006,0.3527535576911053,2.449572070402298,138530.7,113657.695
598,-1.0740863394466176,0.8600074940250141,South America,1.938999162241574,-0.4490584367483946,1.1779156107856175,2.2387659994039053,90265.14,109056.805
2190,0.7969027679765226,0.2807641000755757,South America,-0.5533014458630118,1.727095789305053,-0.15065931341397834,-0.5240601050200977,44396.22,49859.215
2531,1.212678125181665,0.31696681219741557,South America,1.5436046494908071,0.49108697096727066,2.000148488715596,1.8518677854750272,127608.46,100118.52
2667,1.3512699109167123,0.20835867583189588,Asia,-0.48656770326601095,-0.27077880567338874,-0.5012491004364226,-0.23795779886469243,49475.11,52162.598
2786,1.4898616966517597,-1.1311416726761803,Asia,-0.42914171828651865,-1.629751480478812,-0.6924697077491191,-0.11473769531197914,61853.98,54065.91
479,-1.212678125181665,1.6564671607054917,South America,2.0599303270793494,0.06493659462453162,1.3357185906311955,1.4131615758025406,108542.19,113030.85
1967,0.5197191965064278,1.584061736461812,South America,1.6102715035489794,-1.3956918930027338,0.5592535531763982,1.6590573028897406,101052.96,101982.71
1057,-0.5197191965064278,-0.8415199757014612,Asia,-0.3605072436349131,-0.04672595133803046,-0.005365073655561241,-0.6063193420534586,46930.36,54755.848
2268,0.8661986608440464,0.5703857970502949,Asia,-1.2148007241963217,-0.9490183834342089,-1.2391288852253883,-1.0976005762627814,30904.72,34366.473
533,-1.1433822323141412,0.6427912212939747,North America,0.5581399486357068,1.3412790787205315,0.8858598618374338,0.6910519593681647,65074.45,76608.01
1103,-0.4504233036389041,-0.3708847181175425,Europe,1.8138054579642426,0.4582070384843836,0.5373923113889274,2.054652190640677,92026.47,105870.18
1106,-0.4504233036389041,-0.4794928544830622,Europe,-0.44152210344231746,-1.3420858935450535,0.014930564234202899,0.020353941368237004,44159.78,52899.21
2927,1.628453482386807,-0.551898278726742,Europe,2.3863863640175196,1.2879319947357228,3.2978720170367772,2.6099164808035544,138268.32,121999.76
1123,-0.4504233036389041,-0.5881009908485819,Europe,-0.6352688978642586,-1.4576193424556398,-0.5156327510154697,-0.265460127315221,56237.13,47835.61
942,-0.6583109822414752,-1.7465877787474586,Asia,-0.11520150026388111,1.7577947671290652,0.37409392479011194,-0.16609436440501502,65888.76,62116.09
162,-1.5591575895192835,-1.27595252116354,Asia,-0.675161698717673,1.7416778620857543,-0.2751036664722519,-0.35497003741500815,58047.27,49436.188
1551,0.03464794643376185,0.09975053946637617,Asia,-0.25062759784252636,0.585004476750806,0.20334953320539967,-0.02931435832870778,52268.95,57540.832
965,-0.5890150893739515,1.584061736461812,North America,-0.019244921268168978,1.5181241781215182,-0.3621874779456944,-0.1617872245000448,53571.03,63431.46
471,-1.212678125181665,1.2944400394870927,South America,-0.6300233246977097,-0.5684173034563657,0.06342673917596325,-0.920683926929242,57008.85,48125.2
844,-0.7276068751089989,0.24456138795373578,Europe,-0.5285106481887819,1.1237982455096436,-0.22792934514492352,-0.3203283102855537,57679.47,49828.203
998,-0.5890150893739515,1.4392508879744523,North America,0.45592452829856067,-0.04580458546609944,-0.4492248040350406,0.2023085173602785,59667.95,74830.76
1904,0.4504233036389041,-0.18987115750834302,Asia,0.19008855938288885,-0.7435736208541165,1.0282231385319294,0.267509645616699,59370.52,68750.016
30,-1.697749375254331,-0.008857596899143517,Asia,-0.5347932007924322,0.6224037671498102,0.08776362564979683,-0.5577400023929664,65204.94,49841.715
2890,1.628453482386807,-0.4070874302393824,Europe,0.9223945331976543,0.026892348115175407,1.4669903354870064,1.0151749965726875,101660.98,85685.12
423,-1.212678125181665,1.584061736461812,South America,-0.9501962913190805,0.8807757507857299,-1.005418252982766,-0.8230113468110235,47502.42,40637.902
511,-1.1433822323141412,1.0048183425123736,North America,-0.5415691340269151,0.9258270430654174,-0.18615924770202905,-0.6722070870775334,55428.27,50270.4
2758,1.420565803784236,-1.601776930260099,Europe,2.1375441221268474,-1.6194613398610298,3.1493136689617476,1.4572491676683679,126147.05,115188.51
2737,1.420565803784236,-1.5655742181382593,Europe,-0.903757628954522,-0.6931877368045394,-0.6444765285019398,-0.7478617786584011,46155.91,41715.65
1393,-0.10394383930128556,-0.6967091272141016,South America,-1.196145862761994,-0.12881731795526077,-0.8108346069206366,-0.8623775635838076,44943.29,33454.203
1586,0.10394383930128556,-1.0949389605543405,South America,0.1731232030384448,-1.7266325187694065,0.4569976274936588,0.5442419688063426,67146.44,67921.85
1929,0.5197191965064278,1.8374807213146913,South America,-0.3517585126755086,0.38093826412086845,-0.0919500611996621,-0.5692573262106408,54225.41,55282.36
2497,1.1433822323141412,0.31696681219741557,Asia,-0.3508892722986276,1.7224633016552933,0.08493338091808388,0.16507520125171574,46386.47,55210.145
787,-0.7969027679765226,-1.0225335363106607,Asia,-0.6451597040299765,0.38357640285796757,-0.6496673963927003,-0.6682745426297203,46422.75,47165.24
2636,1.2819740180491885,-1.7103850666256188,Europe,1.6016476450010722,-0.9727441377793907,1.904534013294008,1.2085449656457616,111495.21,102021.945
2538,1.212678125181665,0.6789939334158146,South America,-0.23132228160801202,0.2186064266316671,0.3520795196217082,-0.17534910901018513,57656.05,58102.523
402,-1.2819740180491885,1.1134264788778934,North America,-0.054079664657539724,1.2215365039469086,0.45787369819393625,0.13236902555470767,52971.13,62969.09
433,-1.212678125181665,1.3668454637307725,South America,-1.1878730137289917,1.1958758812706713,-0.7676848471164203,-0.8264268759113161,28939.62,35640.805
1151,-0.3811274107713804,-1.7465877787474586,Europe,1.6841697748699727,1.2771298546017666,0.6290001042812867,1.7105824408391694,116552.19,102820.22
73,-1.628453482386807,1.258237327365253,North America,-0.8659835173913688,-0.2561372523110818,-0.6627631634456931,-1.0608418043614716,53247.29,42226.652
1536,0.03464794643376185,0.38937223644109537,Asia,-1.2382007372675414,-1.0545369352026788,-1.4116921664544864,-1.2286464121211387,37007.18,32727.91
2709,1.420565803784236,-1.5655742181382593,Europe,-0.5549092558180101,-0.5747234113924812,-0.5343812599678727,-0.6818296317574177,50472.42,50501.06
621,-1.0047904465790938,1.6926698728273317,Asia,-0.6148290650354041,1.4513718038430696,-0.6415437775386297,-0.6118417228519425,54523.59,49127.85
1437,-0.10394383930128556,-0.5881009908485819,South America,0.6898680211922776,-0.8492507875068682,1.0435883458751651,0.5917926574495618,95310.39,79984.97
1559,0.03464794643376185,0.42557494856293526,Asia,3.1865862755958068,1.5489759394002427,3.6255576209618963,3.443159480552452,111357.77,139274.12
1566,0.10394383930128556,-1.0225335363106607,South America,-0.7465388105465066,-0.4687103543965445,-0.739486097963812,-1.0035606943420887,46560.28,44874.195
324,-1.3512699109167123,-1.0949389605543405,South America,-1.225977840451616,-0.013525290228838511,-1.0046816384347776,-1.0654425614161558,40242.51,35740.652
332,-1.3512699109167123,-1.0949389605543405,South America,0.14310153525109262,0.9731747523094497,0.013841137540252343,0.17499730904095218,70458.56,67396.766
1392,-0.10394383930128556,-0.551898278726742,South America,-1.7306765090585328,-1.5637175383232866,-1.2948964469794526,-1.4781371796614944,19432.93,23697.875
650,-1.0047904465790938,1.620264448583652,Asia,0.2680205409316559,-1.4841103607025288,-0.2938718423179263,0.47266252470458553,75463.64,70849.65
2236,0.8661986608440464,0.49798037280661506,Asia,-0.3329518577459449,0.03667398807452467,0.31334765920603463,-0.6061327521772178,62392.24,56348.26
1533,0.03464794643376185,0.49798037280661506,Asia,0.12318728481092724,0.9373266221758484,-0.6252881963000096,-0.18940394188836046,79585.05,66506.87
2163,0.7969027679765226,0.38937223644109537,South America,-0.8721562112648382,-0.9463592515506609,-0.47267429644580394,-1.043936308548558,34164.24,42443.02
543,-1.0740863394466176,1.1496291909997332,South America,-0.868614017900561,-0.9129929778417042,-0.9621415523219792,-0.7346136143043684,41363.96,41541.27
2958,1.697749375254331,-1.20354709691986,Asia,-0.9427556144015031,-0.6989270297865303,-0.37422480856080087,-0.8434478932257566,49823.26,41271.88
1818,0.3811274107713804,0.09975053946637617,South America,-0.833439965313449,0.38197042715461427,-0.9141412214772466,-0.7764760015611267,36782.8,42386.457
1624,0.17323973216880928,1.4754536000962923,South America,-0.6667593178548341,1.1153823263553972,-0.3363082302662022,-0.6141960397274239,54192.87,47275.1
1177,-0.3811274107713804,-1.7465877787474586,Europe,-0.7472859741628943,-1.003270505288155,-0.5652821210626976,-0.5673642459184617,48412.71,45262.01
679,-0.9354945537115701,-0.9501281120669809,Asia,-0.919928399158146,0.8077021068542859,-0.7585653683030548,-0.7628039752272268,40921.53,41137.566
2096,0.6583109822414752,0.8600074940250141,Europe,1.2989743146937354,-0.748071985623785,0.4794816542347282,1.0455993394736036,77734.43,95089.91
2029,0.5890150893739515,0.46177766068477516,North America,-0.6931314185708422,-0.8084692679577371,-0.9309629708555016,-0.5842745551272723,41271.6,46495.98
1659,0.17323973216880928,1.222034615243413,South America,-0.963884523431447,-0.40238367447664614,-1.0084868842995889,-1.0916792498867205,31944.12,39443.664
1637,0.17323973216880928,1.584061736461812,South America,0.44829478253903177,-0.8320690634242246,-0.08397185816250823,0.5903593980360096,72232.19,74499.836
239,-1.4898616966517597,0.6427912212939747,South America,2.082312205472085,0.2009698510426274,1.2676627963811966,1.9265272366689659,129401.16,112753.61
2124,0.7276068751089989,-1.27595252116354,South America,-1.5529347130899611,0.20254550331222074,-1.2615223250641163,-1.3573031047689956,29556.01,26246.834
2619,1.2819740180491885,-1.7103850666256188,Europe,-0.3709011634386614,0.2772449498075536,-0.10086154771751964,-0.290643248366223,42618.08,55214.24
2290,0.9354945537115701,-0.008857596899143517,South America,0.6958169594428233,0.9096180014349137,0.8195216429331497,0.6858161171960174,60756.64,79829.266
764,-0.8661986608440464,-1.7103850666256188,Europe,1.2647077097138881,1.1852276908773416,2.402509882359206,1.4325420065292949,89143.11,93015.01
1128,-0.4504233036389041,-0.4794928544830622,Europe,-1.1443032070073456,-1.0274627739988713,-1.0405159099084447,-1.1343123467688618,33946.55,34962.668
1885,0.4504233036389041,-0.3346820059957026,Asia,-0.8443062465941871,-1.3096363205643724,-0.6767010311105854,-0.7874686652260329,51768.64,43128.273
1116,-0.4504233036389041,-0.551898278726742,Europe,-1.5609351414640504,1.412114619983323,-1.1457194857160637,-1.4255933006275212,28861.73,27694.297
1102,-0.4504233036389041,-0.3708847181175425,Europe,0.14300845042693355,-0.2684077464105586,-0.005754835722215401,0.14066930206760483,74682.87,67270.52
2847,1.5591575895192835,0.896210206146854,South America,-0.4841181952736492,-1.0760467463115706,-0.05249767733049515,-0.8257892425254372,46057.44,53243.848
2330,0.9354945537115701,-0.15366844538650312,South America,-0.12392444910847408,0.10802502771123176,0.0035970700116324155,-0.2074977802059516,57582.48,60706.42
1361,-0.17323973216880928,-0.9863308241888208,Asia,0.8314637063654987,0.5287976597052695,0.9444737594177063,0.8449373587575768,86204.39,83160.84
2316,0.9354945537115701,-0.11746573326466321,South America,-1.330442206707268,1.5658555954312026,-0.8518925244405164,-1.2191229667685446,35132.7,31531.24
1407,-0.10394383930128556,-0.7329118393359415,South America,-0.7790499537813101,-1.7165581410456843,-0.5915898686289243,-0.5426794529132624,36990.58,44418.88
2529,1.212678125181665,0.7151966455376545,South America,-0.7656341423278565,0.8868019501025248,-1.2034155949436645,-0.9435274544333878,45574.18,44256.438
343,-1.3512699109167123,-0.9863308241888208,South America,-0.31957901648384385,-1.4081594894216491,0.31567490824316674,0.048180183048537634,51986.13,56176.652
1105,-0.4504233036389041,-0.551898278726742,Europe,-0.6481901897179525,-0.3070829535993005,-0.10840052347160903,-0.8027942346210045,61438.95,47542.17
2592,1.2819740180491885,-1.7103850666256188,Europe,-1.7306875881199177,0.36476654363960753,-1.5362616724699425,-1.8014611931471225,21932.62,24799.133
557,-1.0740863394466176,0.7151966455376545,South America,0.29765930807413493,-0.30517957498791887,0.38968500342273904,0.05561857855494496,72345.26,70942.65
1475,-0.03464794643376185,1.0410210546342136,Asia,2.4141607425684413,-0.19445822175782304,1.6151189917423758,2.842405201472122,120196.17,120240.18
2703,1.420565803784236,-1.5655742181382593,Europe,-1.1816912081041033,-0.38931310824027726,-0.8139211172313424,-1.2209514909275174,39708.21,34798.17
594,-1.0740863394466176,1.0048183425123736,South America,0.22157411286986545,1.7009021739661925,0.49863780424766857,0.4107226137388198,82735.54,69441.92
1557,0.03464794643376185,0.06354782734453628,Asia,0.5854503526626496,1.6710219288536938,0.4706220167991322,0.7926296192634896,81552.19,76858.27
411,-1.2819740180491885,1.222034615243413,North America,-0.612157458102195,-0.8358315017822621,-0.8537102221519767,-0.7348254037238343,40638.65,47993.062
1055,-0.5197191965064278,-0.8053172635796213,Asia,2.6056820952488327,0.7624408831101075,1.2030975777036643,3.4981089249711634,141321.87,123616.76
2473,1.1433822323141412,0.20835867583189588,Asia,-0.7763348589435998,-0.4386236766772969,-0.5241491117685083,-0.6406660363285236,44360.92,44932.426
108,-1.628453482386807,1.2944400394870927,North America,-1.0228669612215742,-0.7013902256365535,-0.8864651349124911,-1.2684121407533702,34901.94,38864.29
2025,0.5890150893739515,0.534183084928455,North America,0.24567821582349003,-0.7921960806019723,-0.08787365059428878,-0.26893992940778505,62410.99,70562.65
2706,1.420565803784236,-1.5293715060164192,Europe,-1.015038206527636,1.329743344746772,-0.42403330165358954,-0.9030756753153729,42383.4,40643.91
318,-1.3512699109167123,-1.0949389605543405,South America,-0.33004262047742416,-1.463049569670464,-0.016665193756216525,-0.11428665180234109,58892.96,55870.027
2718,1.420565803784236,-1.601776930260099,Europe,-0.8046014791564268,0.07435551966467736,-0.06659705190679892,-0.8908822109446438,45525.71,44586.293
840,-0.7276068751089989,0.06354782734453628,Europe,-1.6122296425367204,1.4704137539582829,-1.503498416178949,-1.6732968825854309,21928.02,27451.777
2957,1.697749375254331,-1.20354709691986,Asia,0.7290597348995501,-1.109037475956272,-0.055627693192983295,1.0504325552360172,87663.01,81367.48
1351,-0.17323973216880928,-0.9863308241888208,Asia,-0.12597883842565102,0.010548017318666683,0.6837455835516939,-0.5150429156594891,61342.8,61175.098
2825,1.5591575895192835,1.0772237667560534,South America,-0.18050511205856087,-0.9928392440747986,0.44656940632804154,0.02397814533770948,66619.95,59867.05
2366,1.0047904465790938,0.46177766068477516,South America,0.26443144275609504,0.854677770891804,0.06838339224685339,0.16365298433463302,55739.11,69639.29
1882,0.4504233036389041,-0.15366844538650312,Asia,0.6604307480073218,1.366073150962788,1.513809460802521,0.6389090078983146,76328.23,78901.086
680,-0.9354945537115701,-0.8777226878233011,Asia,-0.09646235512892466,-0.3405763524728655,-0.41401987314606303,-0.12919911857297967,54514.71,60936.93
729,-0.8661986608440464,-1.7103850666256188,Europe,-0.388580653300598,-1.5460541381582282,0.3645113800351709,0.012995674746467695,49273.29,55140.215
789,-0.7969027679765226,-0.9501281120669809,Asia,-0.682383900686445,-1.1856892850713674,0.14087019714757584,-0.7692140028572961,50850.64,47129.285
1813,0.3811274107713804,0.31696681219741557,South America,-1.1074835514053707,-1.5601801931466195,-1.2405323862452207,-0.8079114407413385,38925.77,36048.293
1345,-0.17323973216880928,-1.0949389605543405,Asia,-1.0501034358108645,1.4947926284152133,-0.777452737441284,-1.0957723352447433,38451.3,38579.355
1868,0.4504233036389041,-0.3346820059957026,Asia,-0.14666976213168675,-0.893914872863162,0.5658312350260336,0.19687334396981007,66197.57,60700.043
2069,0.6583109822414752,1.3306427516089328,Europe,0.028705567033594927,-0.9988117942395567,0.06964088148330659,0.48701833639678827,54801.12,64792.473
432,-1.212678125181665,1.1496291909997332,South America,-1.35923213137093,0.17494418087535923,-1.2012397213880772,-1.2228564631389713,25014.05,30043.082
564,-1.0740863394466176,1.1496291909997332,South America,-1.648581285452155,0.022854666281472345,-1.1463661093281736,-1.4614109120605085,23570.51,23680.93
1748,0.3118315179038567,1.4392508879744523,South America,0.019918628843806952,1.563679305915983,-0.17404146161444795,-0.09984476526586356,72920.15,63911.01
1776,0.3118315179038567,1.7288725849491715,South America,-1.1490520861789097,-0.7806440186254189,-1.0531629142149688,-1.1032370628581163,39569.23,35646.56
70,-1.628453482386807,1.4392508879744523,North America,1.0310942071812337,1.207660034144078,-0.03284091548882466,0.3952588715675122,89312.25,89270.39
1788,0.3118315179038567,1.4030481758526125,South America,-1.0835936781527304,-1.0252025118978556,-0.7908274167988552,-1.0688699824357233,41615.22,37115.02
1229,-0.3118315179038567,0.31696681219741557,South America,0.2825934412727388,0.7699109443882325,-0.08968300477527028,0.25213254457153655,75312.28,69906.625
1512,0.03464794643376185,0.46177766068477516,Asia,-1.5873279507060118,-0.7699550082251048,-1.3651871154648534,-1.4461431034163004,27022.49,24328.646
56,-1.697749375254331,0.09975053946637617,Asia,0.8256445070300489,-1.1240324139504716,0.02891193745087768,0.5591875630663896,99011.87,84278.42
1601,0.10394383930128556,-1.0949389605543405,South America,0.8876885968397115,1.5467588298780393,-0.23236512352734942,0.8178073606367243,75794.54,84263.445
651,-1.0047904465790938,1.4754536000962923,Asia,-0.8694834653627018,1.480464805963728,-0.7005402855880029,-0.9312668856610365,49037.13,42887.05
2176,0.7969027679765226,0.2807641000755757,South America,-0.936099479989659,1.2087936640523276,-1.0857146024116773,-0.755696288333034,31955.64,39594.582
897,-0.7276068751089989,-0.008857596899143517,Europe,0.9301336199742155,0.5273304720256626,1.521054029124,0.6333812474220638,93697.74,85600.445
785,-0.7969027679765226,-0.9863308241888208,Asia,0.20720643402097724,-1.3729738096871071,0.2373476320072604,0.3351299300227425,54282.27,69234.87
309,-1.3512699109167123,-0.9863308241888208,South America,-0.025080169711232343,-1.1450838746952257,0.2256893360624779,0.45572899793909566,47501.35,62849.383
2404,1.0740863394466176,-0.08126302114282331,South America,-0.9531526404841443,1.0007399198829825,-1.0472753615292256,-0.8586675679109952,37338.57,39424.88
1741,0.3118315179038567,1.1858319031215732,South America,-1.2737478539496987,-1.4977162521733487,-0.9244663404448038,-1.3737768106558588,31307.37,33178.504
907,-0.6583109822414752,-1.7465877787474586,Asia,-0.8323888005360696,0.8501257569700992,-1.0355670044015703,-0.7864088687058972,44014.28,44107.402
602,-1.0047904465790938,1.0772237667560534,Asia,-0.4783182548673356,-0.18465908750976628,0.15254815998562998,-0.6152105336979411,45692.92,51850.16
1178,-0.3811274107713804,-1.7465877787474586,Europe,-0.026238294025159297,0.09373919155264493,-0.19415532973306587,-0.15938562308839926,71467.05,63069.742
2297,0.9354945537115701,-0.08126302114282331,South America,0.34447983565726875,1.2225581704074293,0.35009375936774567,0.07205122900621624,73550.95,71713.82
1745,0.3118315179038567,1.620264448583652,South America,0.05533486764194066,-0.5139669129970675,-0.6813370542245034,0.3390661553027114,62916.55,65001.617
1161,-0.3811274107713804,-1.7465877787474586,Europe,-0.5439428488142887,-1.1441835019697437,-0.5662624858939607,-0.6513050569654711,49819.88,50227.145
1509,0.03464794643376185,0.35316952431925547,Asia,-0.7161079422863214,-0.34815604462689076,-0.7551194902152961,-0.6357518422586667,36109.14,45797.53
2095,0.6583109822414752,0.896210206146854,Europe,-0.10022043487626257,-0.5504156803762947,0.3699656651024776,-0.31700480198917325,62628.28,62200.31
1577,0.10394383930128556,-0.9863308241888208,South America,0.2442727281670535,-0.8949050496040094,-0.2696756039293074,0.24577206660511236,58389.26,69637.4
572,-1.0740863394466176,1.1496291909997332,South America,0.45443434277097605,0.37249085524694897,0.3173614933328165,0.848199142330102,67427.34,74018.805
554,-1.0740863394466176,1.0048183425123736,South America,-0.1476795098571596,-1.3387293226850312,-0.01464665534680129,-0.10686382904736516,62272.98,60022.7
945,-0.6583109822414752,-1.7465877787474586,Asia,-0.3136114405599402,-1.7154431717120564,-0.4957006526679977,-0.47676169495006576,64466.7,56699.168
2996,1.697749375254331,-1.2397498090417,Asia,0.6217967149039667,-0.11645235469676307,-0.1842378518260462,0.34790553215606784,95938.27,79064.055
874,-0.7276068751089989,0.09975053946637617,Europe,0.3686963859068191,-1.55103068015257,0.5328474711438143,0.4126629785671631,61907.39,73220.77
2994,1.697749375254331,-1.0949389605543405,Asia,0.04975112424657743,0.78061628279134,0.4256128416310614,-0.018879199165043,55418.8,65579.15
1569,0.10394383930128556,-0.9863308241888208,South America,-0.05659875329710417,-1.3377916288103064,0.32767290507173014,-0.0018641278102398864,68961.83,62637.312
2668,1.3512699109167123,0.09975053946637617,Asia,-0.21551183975597193,1.6981707323559865,-0.3468389576634162,-0.4454910437940909,58769.59,58732.54
2627,1.2819740180491885,-1.7103850666256188,Europe,1.7416432859165276,0.15293519939534506,1.0461897394851727,1.83736445735563,104773.81,104905.11
1553,0.03464794643376185,0.09975053946637617,Asia,1.1100065303486202,-1.5590885495312683,1.760429918561751,1.005917137417231,107215.51,90779.93
120,-1.5591575895192835,-1.27595252116354,Asia,-1.469095003257295,1.574428963183817,-1.4387347406693134,-1.3007530646440801,22903.77,33495.3
2659,1.3512699109167123,0.09975053946637617,Asia,-0.7583118146361011,-0.1620786259319723,-1.0586887152578082,-0.7628368195757003,42050.52,45121.83
809,-0.7969027679765226,-0.9863308241888208,Asia,-0.0359702657968167,0.6829433363652505,0.4775024496118563,-0.11483113182056719,62818.81,62774.152
2186,0.7969027679765226,0.6065885091721348,South America,-0.37175922121152793,-0.5889322726807548,0.06246604123797206,-0.3434300623225244,55752.09,55036.92
1618,0.10394383930128556,-1.0225335363106607,South America,2.301176163937277,-1.0289929411178251,2.7524041765195935,2.513496516182285,121049.91,117139.29
313,-1.3512699109167123,-0.9863308241888208,South America,-0.8136503801995216,-0.9915726575723718,-0.3699612644861166,-0.9688269464087219,55785.27,44188.34
1562,0.10394383930128556,-0.9863308241888208,South America,-0.2556094479310625,0.8119777110144115,-0.4072246635375154,-0.01960035912678103,53568.53,57090.156
233,-1.4898616966517597,0.7876020697813343,South America,0.5777050533283027,1.3553234936949543,-0.5205506662662797,0.778300989101058,78846.81,77432.516
507,-1.1433822323141412,0.8600074940250141,North America,-0.8546499482224991,-0.16962916093815167,-1.0862611036580407,-0.7905667933380616,40330.45,41833.652
1336,-0.17323973216880928,-1.0949389605543405,Asia,-0.6533496154165364,0.055768421055860544,-0.21017312035303928,-0.6185258309072029,55033.38,47331.312
1385,-0.10394383930128556,-0.5881009908485819,South America,-0.04845574672182774,-0.2222624779436921,-0.12942145254656887,-0.12763419862459874,57913.8,62391.23
111,-1.628453482386807,1.222034615243413,North America,-0.36856399919959504,-1.6663763570310286,-1.0667122117461325,-0.5236608763015854,56463.54,54594.715
1578,0.10394383930128556,-1.0225335363106607,South America,-0.4746492217815961,1.429360489791228,-0.15849746433238002,-0.24730371485096922,56956.52,52400.3
410,-1.2819740180491885,1.3306427516089328,North America,0.7545228348688472,-1.0438362619432262,-0.030240713811742013,1.0086757795480572,78877.49,81814.74
218,-1.4898616966517597,0.9686156303905338,South America,0.17257080310864562,1.767213692169211,0.31735195786941234,0.15312297295770494,78510.5,69136.016
2114,0.7276068751089989,-1.3121552332853799,South America,-0.6665041888150919,1.577730718605889,-0.7367976932502394,-0.5844560484666808,55910.59,48237.645
1307,-0.24253562503633297,0.46177766068477516,North America,2.754685737868625,-1.1169822156013283,1.3525349763112855,3.521538554210997,155577.98,127811.08
1080,-0.4504233036389041,-0.4070874302393824,Europe,-1.7665160301271479,0.1306509744396655,-1.458510099837076,-1.613027786277779,19275.17,20662.574
759,-0.8661986608440464,-1.7103850666256188,Europe,-0.34494126593174945,0.4262671324480496,0.07678294357318838,-0.1622263760904085,72227.98,55486.645
911,-0.6583109822414752,-1.7465877787474586,Asia,1.6956375352870185,-1.1012105311885132,2.478457464509256,2.0134050686359233,117695.33,103480.14
807,-0.7969027679765226,-0.9501281120669809,Asia,-1.116191797196537,0.998328040613168,-1.0774729821979774,-1.0121282558977347,32672.61,36824.168
439,-1.212678125181665,1.4030481758526125,South America,-0.7660613592182687,-0.6813429370636129,-0.55518466128392,-0.8155687041905897,50244.73,44538.535
544,-1.0740863394466176,0.9686156303905338,South America,-0.9300905905564788,-0.15165902757775437,-0.43560577842773246,-0.9490294490845435,44767.51,40392.223
485,-1.1433822323141412,1.0048183425123736,North America,-0.00914081728513442,-0.6075193712895718,-0.5101999207408231,-0.13932678668110948,52325.72,63062.082
2475,1.1433822323141412,0.13595325158821608,Asia,-1.0239925731497546,-1.4568694206130428,-1.179247366978796,-0.71074313462856,29760.6,39437.152
387,-1.2819740180491885,1.258237327365253,North America,-0.5113592257386492,0.15971715198430617,-0.10483426015837043,-0.6890650152133474,50708.67,51051.42
2916,1.628453482386807,-0.2622765817520228,Europe,-1.0387574415264227,-1.6942156017943129,-0.6918433469967439,-0.6633912109217917,31567.37,40054.973
1192,-0.3811274107713804,-1.7465877787474586,Europe,-0.5411886148625269,1.448744161679195,-0.864522841686083,-0.6741587775432812,49967.14,51667.824
1230,-0.3118315179038567,0.46177766068477516,South America,-0.5689142248348293,0.09094127164535049,-0.532975971048652,-0.592339541523089,42339.81,49044.566
1210,-0.3118315179038567,0.2807641000755757,South America,0.476233793871281,-1.6957550992005774,-0.05726600499914853,0.26700197392003755,74213.48,75777.57
1273,-0.24253562503633297,0.49798037280661506,North America,-0.9597701534950858,-1.12490129695628,-0.4300525629276056,-0.7830389252961582,37488.52,39839.332
1939,0.5197191965064278,1.4030481758526125,South America,-0.6376836155330192,-1.6912124155661832,-0.07138027873702207,-0.8227228261981413,52463.22,49305.69
2303,0.9354945537115701,-0.08126302114282331,South America,2.0637802491392896,0.2952559031749348,2.276064869885401,1.6259357594409185,94379.67,112419.23
930,-0.6583109822414752,-1.7465877787474586,Asia,-0.6264563846449185,-0.06651315815218545,-0.1327916428935548,-0.6009674120979144,49044.97,48218.566
135,-1.5591575895192835,-1.2397498090417,Asia,-0.9641495925636467,-0.232432491112349,-1.2776980467967245,-1.04683312345572,47035.03,40845.426
1780,0.3118315179038567,1.258237327365253,South America,-0.08666194167899212,-0.3758028522143918,0.4254495468202615,-0.1259042075110461,56350.75,61835.38
2167,0.7969027679765226,0.38937223644109537,South America,-0.5668085819159187,0.030860052794048222,-0.7880800114054676,-0.6216774726559687,38842.32,49487.332
1497,-0.03464794643376185,0.896210206146854,Asia,-0.002279979094244097,1.3575137786411398,-0.4875323363292193,0.10358973148681014,57535.31,63147.273
2256,0.8661986608440464,0.534183084928455,Asia,-1.5071610014937569,-1.2729169748531348,-1.224323290390697,-1.2912488728750735,32343.05,28357.5
366,-1.2819740180491885,1.3306427516089328,North America,-0.9314004048230121,0.5451035030666214,-0.5147101949310957,-1.1117683823740676,45136.56,40875.734
2024,0.5890150893739515,0.42557494856293526,North America,1.560348010437034,-0.5089973687182089,1.5977549128829964,1.5442620578613753,86377.54,100383.336
2897,1.628453482386807,-0.4432901423612223,Europe,-0.14125572510650927,-0.23984073923704036,0.11271614547967591,-0.0195165494099868,58183.7,60635.496
29,-1.697749375254331,0.17215596371005598,Asia,-0.05931654024318829,1.4371606099829681,0.6977227850031292,0.23192958942827333,58758.92,62248.33
2501,1.1433822323141412,0.2807641000755757,Asia,0.19603553032346896,1.2750538656751373,0.6489053841379339,0.46637792850877197,63925.92,68174.68
2968,1.697749375254331,-1.1311416726761803,Asia,-0.6000264035988716,0.4985372053848602,-0.39684590758830846,-0.8456535611103029,53907.28,49611.19
1047,-0.5197191965064278,-0.7691145514577814,Asia,-0.4405701325042539,-0.279945812956146,0.04674265805060908,-0.5902372200798598,48675.41,52840.375
2887,1.628453482386807,-0.4070874302393824,Europe,-0.7568508281301101,-0.7978910547192374,-0.22117525722230763,-0.761578541260049,49785.89,45931.28
1421,-0.10394383930128556,-0.6967091272141016,South America,0.6400145228980536,1.5533868327263733,1.0132208747645228,0.5833074899060345,75891.35,78218.195
1488,-0.03464794643376185,0.8238047819031742,Asia,-0.9162959166207133,1.0843941096247538,-0.7632919783193142,-0.8933189218322437,43100.28,40578.645
183,-1.4898616966517597,0.534183084928455,South America,-0.8592598731849178,0.03700404698814047,-0.3778751031452908,-0.6046842031531692,42810.25,41970.535
1134,-0.4504233036389041,-0.4070874302393824,Europe,0.24352991334111604,-1.4103742663720253,0.3155771697432718,-0.06376326648134896,75779.56,70477.414
188,-1.4898616966517597,0.7876020697813343,South America,0.31115826425929055,-0.5931495625451886,0.8618048675004925,-0.19107050943244758,58977.2,71641.15
420,-1.212678125181665,1.0048183425123736,South America,-1.8117796907291275,0.1736367743659481,-1.6786231612650493,-1.7288106268878254,16537.43,21916.738
170,-1.5591575895192835,-1.27595252116354,Asia,0.39265304415565827,-0.04778610523370812,-0.522926784553359,0.13953334063592343,83127.97,72892.414
1377,-0.17323973216880928,-1.0225335363106607,Asia,0.5370383748600208,1.7354242370157615,-0.33932501250076347,0.9577537317904231,67555.81,75560.02
460,-1.212678125181665,1.620264448583652,South America,-0.4831036845872069,-0.038951489436394426,-0.9882883889432569,-0.26173512517284764,41059.64,51466.816
43,-1.697749375254331,-0.08126302114282331,Asia,0.18910096978018565,0.9179896017244344,-0.36537172675629515,0.3243504714819777,64798.15,67320.91
87,-1.628453482386807,1.6564671607054917,North America,-0.510624694323093,0.15314746343166352,-0.18438922730759083,-0.2659791246492869,51227.28,51673.977
1322,-0.17323973216880928,-1.0587362484325005,Asia,-0.7793121237198765,1.380179379090644,-0.7629457218044426,-0.6297784179505451,38336.17,44364.473
1740,0.3118315179038567,1.6564671607054917,South America,-1.7912243043254543,-1.402029490658523,-1.569316356361232,-1.8207643263985902,23885.75,24332.7
705,-0.9354945537115701,-0.9863308241888208,Asia,0.6295280359832955,0.24224820839105257,0.6467682484024267,0.3543373616381411,71288.27,78915.48
903,-0.6583109822414752,-1.7465877787474586,Asia,-0.8765806913773468,-0.6413101730711651,-0.3099402900872354,-0.5393851081331992,47813.86,42322.16
282,-1.420565803784236,0.35316952431925547,South America,0.08223358617293577,-0.3400281980933621,0.3768234511896164,0.31460929075028016,65999.34,65326.34
2458,1.0740863394466176,0.09975053946637617,South America,1.546484894822994,-0.6863626316367666,1.8403710719788486,1.6670713239172361,98478.1,99806.73
693,-0.9354945537115701,-0.8777226878233011,Asia,0.44598754211996744,1.6339690253710988,0.5124248923974793,0.2164865165452286,88651.98,74277.06
2089,0.6583109822414752,0.9324129182686939,Europe,-0.640511261209285,0.39847920426497396,-1.105404738375263,-0.6883970857474112,42566.53,47507.855
2066,0.6583109822414752,0.7876020697813343,Europe,0.017797558073061034,-0.5854882303771949,0.8141442375395409,0.16653479277223382,58140.4,64497.16
257,-1.420565803784236,0.31696681219741557,South America,0.32923173382748494,-0.10964357753178398,0.28855485838817896,-0.3090046548674978,60674.68,71693.02
2644,1.3512699109167123,-0.008857596899143517,Asia,-0.8776933604768067,1.2377082244281694,-0.525593734474272,-1.1245153872729463,45512.26,42662.31
2594,1.2819740180491885,-1.7103850666256188,Europe,-0.3828071162648748,1.624978127261331,-0.7522135577428108,-0.37463927189557933,53628.55,55223.465
2442,1.0740863394466176,0.06354782734453628,South America,-0.08429588904622105,-0.8853520016837723,-0.8418951870274849,-0.04553493621957775,47612.56,61875.926
2883,1.628453482386807,-0.4432901423612223,Europe,-1.0017109240226316,0.7378229200408407,-1.1273750420254214,-0.8647284827680677,46236.12,39297.332
1216,-0.3118315179038567,0.5703857970502949,South America,-0.7444397943559008,0.2640682515530251,-0.5551876411162338,-0.5229445297357442,41559.83,44550.082
1041,-0.5197191965064278,-0.7329118393359415,Asia,-0.30194156492959207,-1.6922818997491715,0.20316359166901407,-0.2223488053936703,53703.33,56859.137
2453,1.0740863394466176,0.20835867583189588,South America,0.9158661703909408,0.4292085055227457,1.3780798868051616,0.6316209602284537,98422.38,85308.8
149,-1.5591575895192835,-1.3121552332853799,Asia,0.2679464044087435,-1.1086630981779304,0.9370116633373148,0.5807173166316019,72213.02,70543.46
1736,0.24253562503633297,-0.045060309020983416,South America,0.8428829052891851,0.9678774816888033,1.1408101428468538,1.1629756972664778,100728.5,82384.945
2358,1.0047904465790938,0.31696681219741557,South America,-0.6698182777659957,0.9916918737634365,-0.3322514865541003,-0.5024507888521182,42492.93,46850.676
2392,1.0047904465790938,0.49798037280661506,South America,-0.5441572856005329,-0.5652578349157817,-0.9005210039370126,-0.4352042504804265,46404.78,50240.18
2441,1.0740863394466176,-0.008857596899143517,South America,1.1132295017853306,1.741851638686916,1.3329080127927537,1.0069140766497715,73476.17,90654.55
2112,0.7276068751089989,-1.27595252116354,South America,-1.5877696635645915,-0.348475606967282,-1.3627960980162046,-1.4396923034915747,27981.45,24955.371
2417,1.0740863394466176,0.06354782734453628,South America,0.8236299816253317,-1.3649264368816332,1.6365094200242551,0.7229879917216603,71059.81,83361.28
134,-1.5591575895192835,-1.2397498090417,Asia,-0.5816237720106526,-1.0092267274501194,-0.4678392205333195,-0.651863977171388,44439.52,49721.086
2930,1.628453482386807,-0.3346820059957026,Europe,0.6723833985595595,-1.1135311755822852,0.016614765458001963,0.457516749803412,80718.58,80499.85
831,-0.7969027679765226,-1.0949389605543405,Asia,-0.42688366061659316,-1.6239387114842494,-0.6124546544906374,-0.25755341670213355,56393.2,53272.492
1800,0.3811274107713804,0.534183084928455,South America,-1.8148160783470002,-0.3248524857825179,-1.5845099253631891,-1.7380769802713352,19477.38,19069.754
2929,1.628453482386807,-0.551898278726742,Europe,-0.12275742012838714,1.70150631006956,0.2325453342502285,0.0008979120118073841,57811.82,61873.598
2988,1.697749375254331,-1.0949389605543405,Asia,-1.4597955290501679,0.9649267783267959,-1.3270226151217408,-1.4608304731435229,28856.12,30708.979
1898,0.4504233036389041,-0.2622765817520228,Asia,0.2504145663368529,1.3411822769896833,-0.10748809881710238,0.18969883581493016,81778.88,69526.01
864,-0.7276068751089989,0.13595325158821608,Europe,-1.355391424605039,0.5279101161248396,-1.3704107615110663,-1.4121905413229159,33079.78,29608.875
528,-1.1433822323141412,0.6789939334158146,North America,-1.14812910717718,1.5189685691231363,-0.8794607410755098,-1.3135581134346577,34066.26,37136.535
2219,0.7969027679765226,0.6065885091721348,South America,3.058902992328395,0.5594103323716575,3.594830782074201,3.3383330615676177,144747.86,136245.7
430,-1.212678125181665,1.3668454637307725,South America,0.09950408264729899,-0.459602827695393,0.2913404056351843,-0.2530551566659611,70940.64,66226.87
2743,1.420565803784236,-1.5655742181382593,Europe,-0.10659193059888145,1.2339376220687348,-0.48789527990504855,-0.2579843572053787,56659.76,61731.06
1744,0.3118315179038567,1.258237327365253,South America,-0.7143920338258478,-0.8035125528239307,0.008180052110363089,-0.7985887423117407,48817.41,46413.94
610,-1.0047904465790938,1.0772237667560534,Asia,-0.17206649127530413,-0.8974767100440195,0.4077243122844413,0.15196719166056516,52594.49,59777.934
949,-0.6583109822414752,-1.7465877787474586,Asia,-0.4961804974708085,1.1717384279979048,0.03249786765738792,-0.6243474916741033,55655.17,52563.34
2811,1.4898616966517597,-1.0949389605543405,Asia,-0.045372247207411565,0.5002749713964767,-0.7365247406102888,0.5491499337756266,68761.73,62494.254
221,-1.4898616966517597,0.9324129182686939,South America,0.3405421094472871,-0.11180587161603728,0.784194538919303,0.22342488516022269,69810.67,71922.195
1915,0.4504233036389041,-0.3346820059957026,Asia,0.11911671340695747,0.6824301705631622,0.6991972060320317,0.49732523271684553,56220.72,66131.414
2411,1.0740863394466176,0.13595325158821608,South America,0.5602915644822333,-1.5015918202650282,0.8109415137685942,0.36155802176544494,82073.3,77510.87
1036,-0.5197191965064278,-0.7691145514577814,Asia,-0.5827329206607005,0.7850959869863872,-0.11391678905104378,-0.14575889930411776,43714.59,48726.824
2645,1.3512699109167123,0.027345115222696382,Asia,-0.27727677863578687,0.13118513338820276,-0.4198031317008207,-0.5118623935353419,68856.19,57456.57
932,-0.6583109822414752,-1.7465877787474586,Asia,0.2245805766677358,-1.6548989373529608,0.6290251348727232,0.12410555736337515,69283.31,70187.76
2555,1.212678125181665,0.31696681219741557,South America,2.4214005467842736,-0.34942962884480055,2.895388450268299,2.4929894676747084,146828.46,120875.2
173,-1.5591575895192835,-1.3121552332853799,Asia,1.7338156701915164,0.51760248121835,1.8603395242805496,1.4612810945844057,115677.8,104397.79
565,-1.0740863394466176,0.9686156303905338,South America,-1.071988723751245,0.17317725771589654,-1.1249679334822777,-1.2806577030561606,35600.41,36839.543
1960,0.5197191965064278,1.6926698728273317,South America,0.1625115330842994,-1.4140434018569559,-0.13775604352846127,-0.02044581795903455,56791.76,68462.32
812,-0.7969027679765226,-1.0949389605543405,Asia,1.2024832486431742,1.5525517720120663,1.8871335804803995,1.2026462905445103,90060.87,91285.37
2687,1.3512699109167123,0.20835867583189588,Asia,2.724576783644381,-0.4791136247479688,2.3229173693228304,2.404282545266908,111824.89,128365.43
958,-0.6583109822414752,-1.7465877787474586,Asia,1.0811829543302847,-0.7058069503922535,1.312915125866079,1.6924534930456239,82332.33,88769.04
527,-1.1433822323141412,0.7151966455376545,North America,2.2352816343545254,0.06973586115996998,2.8184426242931027,2.114331221239549,97643.86,116521.52
1413,-0.10394383930128556,-0.6243037029704218,South America,-0.35938960448922447,-1.46267752446395,-0.5574576773729395,-0.17160570270702905,69276.29,54729.004
1611,0.10394383930128556,-1.0587362484325005,South America,-0.058374509397582146,-0.850052025929674,0.5539506435906367,0.152148684999974,51261.8,62151.14
272,-1.420565803784236,0.20835867583189588,South America,0.5688670686220404,1.688106851205489,-0.13711120781573996,0.4124701595903499,96580.71,77300.18
926,-0.6583109822414752,-1.7465877787474586,Asia,0.0011743065773622365,1.1642578701465558,-0.5237325312110293,0.036759410289737476,65542.78,63738.797
1739,0.24253562503633297,-0.08126302114282331,South America,3.336778484062678,-0.6300963340096244,1.892941869626594,2.960138883125111,116374.85,142114.53
847,-0.7276068751089989,0.24456138795373578,Europe,-0.5636502210801823,0.2112436636576153,-0.9239383141587861,-0.26935246575024746,50017.1,48770.73
952,-0.6583109822414752,-1.7465877787474586,Asia,-0.4374575375108737,1.6653491141687917,-0.7377804419473534,-0.8112567508897227,55457.32,54407.492
1620,0.17323973216880928,1.0772237667560534,South America,-1.6032364474284397,1.250565360342306,-1.3128582802009943,-1.5411391522748763,25559.01,25139.5
2999,1.697749375254331,-1.1673443847980203,Asia,3.281499351968743,1.2545237347338682,3.5831063338520512,3.1486538345837682,133172.85,143497.08
2315,0.9354945537115701,0.027345115222696382,South America,1.1886638280188944,-1.4485607997628693,2.131299848345927,0.9966476694834354,77701.06,91961.38
1912,0.4504233036389041,-0.2984792938738627,Asia,0.3496070595979957,-1.589847007936886,0.6617216429198856,-0.00627971069335881,54645.41,73405.695
2593,1.2819740180491885,-1.7103850666256188,Europe,-1.038476426829239,-0.49508007890839445,-0.27529318380741397,-0.6352373751795627,36345.82,38506.633
2031,0.5890150893739515,0.20835867583189588,North America,-0.5955451821252513,-1.2485007792469616,-0.6414233923131494,-0.24162362455162645,43793.23,49133.297
1100,-0.4504233036389041,-0.4794928544830622,Europe,0.4034398046967363,1.415339400535082,0.169111855885504,0.6850720228185352,79919.63,72391.87
1292,-0.24253562503633297,0.31696681219741557,North America,0.37654574558408016,1.008909752709409,-0.1268814434822265,0.4677885366475153,55118.73,72088.1
2875,1.5591575895192835,0.7876020697813343,South America,-0.406807469503475,1.6449974249723398,0.052808404708721404,-0.2102802061753272,51640.68,54692.297
168,-1.5591575895192835,-1.2397498090417,Asia,-1.0449712418239085,0.642908239800975,-0.957819603533943,-0.956365630713374,40609.09,39730.082
2376,1.0047904465790938,0.31696681219741557,South America,-1.1443813816928188,1.053973874134149,-0.7883392568167743,-1.1719678260116808,34268.04,34828.785
1467,-0.03464794643376185,0.7151966455376545,Asia,-1.0939948459405622,1.1381307331047839,-1.28839445287059,-1.0139077966749328,42874.12,35973.62
2766,1.4898616966517597,-1.0225335363106607,Asia,-1.0830850767553224,0.6084246641865624,-1.251471946635898,-0.6870609436746032,29520.34,37288.996
1398,-0.10394383930128556,-0.7329118393359415,South America,-0.6647317460787665,-0.35188349440751304,-0.20940849538130032,-0.331811657191014,52288.29,46854.605
1228,-0.3118315179038567,0.31696681219741557,South America,-0.7308483746023646,1.4788704931195134,-0.6785860730323392,-0.6780230850257313,50154.79,45185.684
2234,0.8661986608440464,0.35316952431925547,Asia,-0.7856007853386826,0.627200701113421,-0.3946849331942905,-0.4049868836030795,49476.0,44188.176
1738,0.24253562503633297,-0.11746573326466321,South America,1.9022128473663833,-0.8244520501209565,1.5657002607162414,1.52959111030839,100881.07,108647.45
367,-1.2819740180491885,1.1858319031215732,North America,-0.8557539197410586,-0.10249424487996432,-0.3170346748600951,-0.5878208953395883,45153.73,42330.754
2275,0.8661986608440464,0.2807641000755757,Asia,-0.17963162643385944,-0.8778422866845771,-0.136868649465391,-0.10669224564068552,52886.83,60088.543
867,-0.7276068751089989,0.09975053946637617,Europe,-0.4154614589566439,-0.40818478061207053,-1.0801989327987052,-0.5095361076124366,47740.97,52734.38
1302,-0.24253562503633297,0.13595325158821608,North America,-0.1568824823333452,-0.9531703612874678,0.41310469751036366,-0.43301075765609026,60032.51,60419.945
351,-1.3512699109167123,-1.0225335363106607,South America,-0.6277811090501381,-0.9715428632881389,-1.1527125561902523,-0.3694255147163711,46368.69,47752.203
2394,1.0047904465790938,0.24456138795373578,South America,-0.12732002610900325,0.0054875027385287,-0.5012765148937101,-0.5397316726377797,50653.49,60838.01
2503,1.1433822323141412,-0.008857596899143517,Asia,-0.24516168595983628,0.19930206218584046,-0.9216492069752718,-0.35773575806921165,45539.83,57804.15
979,-0.5890150893739515,1.5478590243399721,North America,-0.40949874953633925,-1.3241425847606745,-0.1454118287092543,-0.6716017317582573,53988.6,53904.484
1847,0.3811274107713804,0.534183084928455,South America,2.450361006159159,0.2100995371761417,1.624590090768778,2.339957738204668,151630.41,120809.96
2370,1.0047904465790938,0.20835867583189588,South America,-0.33662192625798243,-0.26071375823697734,-0.8595286427280378,-0.2736621539236336,45774.06,55324.31
498,-1.1433822323141412,1.0410210546342136,North America,-0.7565455844575617,-0.219098344259453,-0.9209203399912993,-0.9203871952292413,47351.45,44488.793
1628,0.17323973216880928,1.4030481758526125,South America,-0.15389030741838255,0.20435557905049548,-0.6447518650077413,-0.32546703511695624,65255.05,59645.832
210,-1.4898616966517597,0.6065885091721348,South America,-0.2977650694153718,-0.9389241788499514,0.018962873321330644,-0.35492048775136303,51076.97,55968.08
2470,1.1433822323141412,0.20835867583189588,Asia,0.06245901474032483,-0.5266561037396117,-0.5152954339975396,-0.03196823831354091,69686.61,65971.95
601,-1.0047904465790938,1.3306427516089328,Asia,-1.2676572693816335,-0.19806671037523413,-1.3335192455324385,-1.3391526382643812,27525.81,32885.594
227,-1.4898616966517597,0.6065885091721348,South America,3.0225626355596047,1.3638327157223076,1.2047287379122766,2.7722131479524292,130965.12,134920.77
365,-1.2819740180491885,1.0772237667560534,North America,-0.4815909267663332,-1.7259315809351905,-1.0573173964269653,-0.41720214982581233,48742.35,51641.996
581,-1.0740863394466176,1.1134264788778934,South America,0.3290275477615871,-0.18081967428141554,0.07887299795813629,0.4795439819916212,76866.0,71355.375
2855,1.5591575895192835,1.0410210546342136,South America,1.6378551565758734,1.7077902585733127,2.1274963903805038,1.4102933581298256,116333.64,103817.88
2178,0.7969027679765226,0.20835867583189588,South America,-0.3021927593494032,1.092983805380162,0.09695342850577009,-0.5917769404850152,45675.76,56253.2
2018,0.5890150893739515,0.2807641000755757,North America,0.4302666646426747,-1.168378103252288,1.0881308793028834,0.15381100543003456,94317.97,74573.7
859,-0.7276068751089989,0.24456138795373578,Europe,-0.7258280066555558,1.223127317933382,-0.8287880966116992,-0.26721022143516737,37051.95,44771.38
407,-1.2819740180491885,1.0772237667560534,North America,2.1059744920245014,0.9992109190499424,2.5027061479465997,1.5731662170816587,100419.75,114088.766
1920,0.5197191965064278,1.620264448583652,South America,-1.5790412269606209,-0.21209829620460452,-1.39851832779487,-1.5209571495608116,23872.38,26065.451
1613,0.10394383930128556,-1.0587362484325005,South America,1.0262818563776233,1.0250616463301347,-0.08486461592374366,0.917688723189775,72938.72,87268.914
678,-0.9354945537115701,-1.0225335363106607,Asia,-0.9455453634752744,1.3161537812787456,-0.6044967143132178,-0.9178024016325761,39327.19,41565.582
1264,-0.24253562503633297,0.46177766068477516,North America,-0.40299855032492193,-0.34633080717173625,-0.9919279561314168,-0.010101263894606501,43244.85,53042.24
2407,1.0740863394466176,-0.08126302114282331,South America,-0.7785390744460473,1.1352849954750224,-0.47807852033023734,-0.7811990754997805,38619.98,44206.547
691,-0.9354945537115701,-0.9501281120669809,Asia,0.0892049043497863,-0.7472042689038906,0.2906526603371432,0.20418970573318287,55402.6,66045.97
7,-1.697749375254331,0.09975053946637617,Asia,-0.6821472022348011,1.3575767580804872,-0.6385502379961165,-0.42075670112524677,47851.76,47284.156
2867,1.5591575895192835,1.0410210546342136,South America,2.812070512881471,0.8624335722188187,2.7718255316084677,2.7982216248292913,133787.79,131057.06
1204,-0.3118315179038567,0.7151966455376545,South America,-1.0064781302396641,0.03340022351438462,-0.9586062792648046,-1.0707489056811466,35884.24,38095.645
2233,0.8661986608440464,0.24456138795373578,Asia,-1.24929646901584,-0.15654343298490278,-1.4366333629215726,-1.2001689462900738,32214.13,32471.04
415,-1.2819740180491885,1.258237327365253,North America,-0.47019057260126457,-1.2490955850630185,-0.8062832110444323,-0.35729264250575676,46633.63,51592.668
670,-0.9354945537115701,-0.9501281120669809,Asia,0.5141739878125775,0.854762909763514,-0.3823245887563605,0.4321144776686312,62356.36,75792.51
810,-0.7969027679765226,-0.9863308241888208,Asia,-0.07554260221110685,1.0121811846977213,0.300928910054753,-0.20288484809105747,50593.66,61746.777
1089,-0.4504233036389041,-0.3708847181175425,Europe,-0.09824473795770748,1.5044459769240404,-0.7813283073487024,-0.13012215802145485,49558.31,60355.92
199,-1.4898616966517597,0.7876020697813343,South America,-0.15042763479376525,-0.811577419918112,0.007756915921793732,-0.25822332815461585,64324.56,59624.832
283,-1.420565803784236,0.5703857970502949,South America,-0.1455256160727782,-0.7899614767910611,0.3472182211848618,-0.303075966827124,74404.57,59964.527
231,-1.4898616966517597,1.0410210546342136,South America,-0.5055917977180822,0.9271297844311733,-0.3837996057517258,-0.687370416716684,60698.22,51469.37
2730,1.420565803784236,-1.5293715060164192,Europe,-0.687862962483115,0.782588472271638,-0.5720111783938773,-0.8309970537450081,51551.67,47265.414
2861,1.5591575895192835,0.6065885091721348,South America,0.5800102228947716,1.547890127214461,0.10537085882598803,0.510464104669924,64202.67,77948.76
96,-1.628453482386807,1.4030481758526125,North America,-1.1782102084340176,0.00435620540210714,-1.4262170610852112,-0.8509389529460952,46072.3,34778.426
1587,0.10394383930128556,-1.0225335363106607,South America,-0.6774115765198472,-1.2169399161326242,-1.0695639112705055,-0.43956009062623613,37630.11,46465.793
2569,1.212678125181665,0.6065885091721348,South America,-0.8339091169689163,-0.58962388022766,-0.5401692862543324,-0.6400485059490374,47692.08,43299.215
1606,0.10394383930128556,-0.9863308241888208,South America,1.4669966675488513,0.6546550715251392,0.3641615477215225,0.7898927789846679,106435.9,98196.72
676,-0.9354945537115701,-0.9501281120669809,Asia,-0.6425921574396819,-0.7933903573777412,-0.10376628825707933,-0.6530282526965813,54458.32,47640.832
1860,0.4504233036389041,-0.2622765817520228,Asia,-1.8151731968770612,-0.4183641240680379,-1.6731915229233283,-1.8501866335301342,21412.09,19190.633
2781,1.4898616966517597,-1.1311416726761803,Asia,-0.35051434443624657,-0.7084719137053707,-0.5570387129496095,-0.04390064674209373,64657.22,55609.223
2863,1.5591575895192835,0.6789939334158146,South America,0.02917937810740186,-1.1302090641501512,-0.6066356379481133,0.03273342933333669,71689.81,64984.89
2587,1.2819740180491885,-1.7103850666256188,Europe,-0.6451684016108767,0.8476952171256632,-0.6529279289105361,-0.707056356512427,63030.01,48215.027
1399,-0.10394383930128556,-0.6605064150922617,South America,-0.2660923108537793,0.7102822444714988,-0.42325556541966947,-0.2035369216646274,59705.63,56648.598
1370,-0.17323973216880928,-1.0225335363106607,Asia,0.8197675309071903,1.6232718509693882,-0.2718389621891767,0.774295960573856,99354.83,82641.6
104,-1.628453482386807,1.258237327365253,North America,0.187063354369031,-1.1745395917350876,0.18097516429348043,0.2438597327293452,76449.45,68449.85
2087,0.6583109822414752,1.0772237667560534,Europe,2.164723130556618,0.5708935834792944,1.5411279674896121,1.6639562073491008,91130.67,114874.305
599,-1.0740863394466176,0.7876020697813343,South America,2.0907663576498074,1.1340359032613032,1.1249192930834515,1.5233778656282255,118536.44,113052.99
1756,0.3118315179038567,1.4030481758526125,South America,-0.41152135126617806,-1.3043052276522245,-0.5551411557321375,-0.45131666853408275,52771.73,53818.957
1323,-0.17323973216880928,-1.1311416726761803,Asia,-1.104384106325971,1.352859131559017,-1.3989700703736527,-1.2273748261815371,34854.86,37105.87
