,Store ID,Employee Number,Area,Sales,Marketing Spend,Electronics Sales,Home Sales,Actual,Predicted
1801,0.3811274107713804,0.24456138795373578,South America,-0.9786767270623731,-0.1003202879365726,-1.077724334171192,-0.802268184984725,58096.22,55351.61
1190,-0.3811274107713804,-1.7465877787474586,Europe,0.7893042538038881,1.1209536741657957,0.2669107182261855,1.2731254249789816,114835.18,116436.94
1817,0.3811274107713804,0.35316952431925547,South America,0.45426546474182855,-1.1029214726241117,-0.20156653417181614,0.37421967371375725,110098.06,105086.766
251,-1.420565803784236,0.24456138795373578,South America,1.3317621238352721,-0.04576959688868442,1.443927338972562,1.7963845752608985,146178.29,134385.9
2505,1.1433822323141412,0.2807641000755757,Asia,0.5021158273206088,1.410227569374735,0.5457795434223692,1.1620068820283322,102851.52,105868.4
1117,-0.4504233036389041,-0.5881009908485819,Europe,-0.619270629681824,-1.2836887915533313,-0.5513925726312295,-0.8530045978600524,59953.16,66530.13
1411,-0.10394383930128556,-0.551898278726742,South America,-0.151155332395757,-0.734673693045628,-0.14366945306700696,0.13134963290476334,88940.32,83543.74
2113,0.7276068751089989,-1.3121552332853799,South America,-0.9363362819839326,-0.5400287380276643,-0.7542105280462813,-0.7929186631167284,59272.43,56813.47
408,-1.2819740180491885,1.4754536000962923,North America,-1.3008951783347609,1.4601749299207096,-1.1495586087060774,-1.2911251712030198,40853.47,47067.156
2579,1.212678125181665,0.2807641000755757,South America,2.322398675504529,0.7732768455355651,1.4967268217110574,2.19478457982645,166268.55,168573.22
2254,0.8661986608440464,0.24456138795373578,Asia,1.192299106207331,1.3655588188747858,0.41800452714951747,1.7810902879267323,128926.52,130419.37
52,-1.697749375254331,0.24456138795373578,Asia,0.17427977421292476,1.4015597324631,0.2306602976755141,-0.5766698482333806,89520.75,95953.79
644,-1.0047904465790938,1.620264448583652,Asia,0.5284715683011143,1.5040319454246285,-0.2077059630734039,-0.30485192842807185,110994.11,108518.88
1763,0.3118315179038567,1.1858319031215732,South America,1.5765879471173416,-0.2732466666670674,1.441816479147971,1.2543745321607278,168557.09,142842.64
2776,1.4898616966517597,-1.0949389605543405,Asia,-0.9900807052194835,0.47018712739131524,-0.8345966427108584,-0.7808682212394411,59886.92,54821.836
900,-0.6583109822414752,-1.7465877787474586,Asia,-1.417170859453021,1.4542688580530403,-1.275195566400296,-1.1644125697874288,39948.83,43880.37
1073,-0.5197191965064278,-0.7691145514577814,Asia,1.033949395197017,1.5134112167437037,2.058134332974935,1.0421961682181253,127180.19,123897.61
472,-1.212678125181665,1.1134264788778934,South America,-0.2730444736441229,-0.6652738497427698,0.08060240651483842,-0.9259514888700362,78442.35,79323.51
2738,1.420565803784236,-1.5655742181382593,Europe,0.1846029744005431,0.6951963361760196,0.10563984507292172,-0.16210782916386418,101280.02,96074.805
2546,1.212678125181665,0.534183084928455,South America,0.2666568844976444,1.04932039333794,0.0011670656872202266,1.0605024700551502,99501.99,97570.44
44,-1.697749375254331,0.24456138795373578,Asia,0.9666002987513195,0.2320000540661688,0.9684773509186891,0.13327579651244847,109943.48,123333.375
289,-1.420565803784236,0.35316952431925547,South America,-0.4105242357415366,0.029746249746333962,-0.42631811670539416,0.00935648990787901,82376.39,74772.13
912,-0.6583109822414752,-1.7465877787474586,Asia,-1.3857841891774707,0.7308322022733031,-1.2283675898210396,-1.218981642984855,37306.12,43649.27
2083,0.6583109822414752,1.0410210546342136,Europe,-0.3557570184091623,1.2303617894569112,-0.36565937660318387,-0.3195991185494114,80428.0,76965.98
1360,-0.17323973216880928,-0.9863308241888208,Asia,-0.05141975804149416,1.3896099669899284,-0.22336337915044824,0.19482304102249398,74587.23,87878.4
2895,1.628453482386807,-0.551898278726742,Europe,-0.6756100383045575,-1.6858661609371552,-0.7688284786970988,-0.788782655865078,60544.7,66865.55
2603,1.2819740180491885,-1.7103850666256188,Europe,0.8164745646527586,1.4128132252457113,0.6088199483350701,0.3376243530671279,132992.46,118384.82
1226,-0.3118315179038567,0.6065885091721348,South America,-0.5735458937494988,-1.112696114867978,-0.35908673856112433,-0.7183620666907926,76252.52,68866.44
296,-1.420565803784236,0.5703857970502949,South America,1.3470361113224973,0.6787820282246808,2.0957096087768585,1.669355515653574,153197.09,135120.28
1241,-0.3118315179038567,0.46177766068477516,South America,0.49877398894492797,-1.5742071138323348,0.7414994124020505,-0.3079545298332729,120015.43,106428.82
1005,-0.5890150893739515,1.4030481758526125,North America,0.4809668310204907,1.407998796993393,0.9890668077287459,-0.11703250171842591,89264.14,105073.88
1665,0.17323973216880928,1.0772237667560534,South America,0.5254603415422746,0.6562190609355943,1.1366732633620396,1.050406202209298,94446.5,105363.914
746,-0.8661986608440464,-1.7103850666256188,Europe,0.07170060861741306,-1.3099010674668132,-0.1595823009211448,-0.08890050080964834,99898.77,93506.97
2851,1.5591575895192835,0.8600074940250141,South America,-0.6257596462892268,1.7592024742270662,-0.5092218899506736,-0.7132450986414162,72358.61,71386.53
291,-1.420565803784236,0.35316952431925547,South America,-0.22559275018993913,0.07103626995389796,-0.05522225840002407,-0.2645562520140798,73724.55,81173.21
781,-0.7969027679765226,-1.0225335363106607,Asia,-1.2565059352411507,-1.1755927479152823,-0.9888663988996856,-1.231656061748667,48871.39,45467.875
2144,0.7276068751089989,-1.2397498090417,South America,1.276487651159677,1.0837328255116085,0.5428795255457088,0.6829940698421361,108132.5,132951.53
322,-1.3512699109167123,-1.0225335363106607,South America,1.1288448693228923,-1.2994686399675432,1.2371616223729576,1.2164329232746924,142536.59,130486.16
298,-1.420565803784236,0.20835867583189588,South America,2.0919356645677487,1.4245367312515989,1.2538994990997137,3.3166872742330114,141605.76,163533.02
1298,-0.24253562503633297,0.17215596371005598,North America,-0.3463039904820928,-1.4067319554631128,0.05183164332581216,-0.014732474517440865,71737.83,76770.35
194,-1.4898616966517597,0.896210206146854,South America,-0.360995654219517,-0.6765576659591408,-0.6654712424119742,-0.8090103535780857,88475.02,76437.51
63,-1.628453482386807,1.5116563122181321,North America,-1.2738494292694986,0.28570868668426713,-1.1317016412151737,-0.9239919511404356,48054.81,46864.402
393,-1.2819740180491885,1.222034615243413,North America,-0.3018675319493098,1.5421123467973135,0.20639388466680508,-0.10726461139356218,78869.78,80540.96
727,-0.8661986608440464,-1.7103850666256188,Europe,-0.918744596272037,-0.5534130351748554,-0.900682125521779,-0.9771432201229229,65875.53,58324.34
1583,0.10394383930128556,-0.9501281120669809,South America,1.4350668126375512,-1.0936133447457805,1.3834530773760298,1.6356452686532332,128872.71,138376.86
1547,0.03464794643376185,0.42557494856293526,Asia,2.7771749899684286,-1.6104109611696564,2.711006523865132,1.486667956154874,173531.62,185022.31
2425,1.0740863394466176,0.17215596371005598,South America,-0.8920819549369071,-0.6934373219901006,-0.8160419680510423,-0.5178098165039827,64338.9,59478.68
14,-1.697749375254331,-0.08126302114282331,Asia,-0.22572714852337483,1.7334158926721344,-0.2838605034677696,-0.608212565208613,80860.23,83349.336
2567,1.212678125181665,0.6789939334158146,South America,3.0541778244190474,-1.4009646716191901,1.7310137355531046,1.7793411263584908,199723.97,196301.38
1600,0.10394383930128556,-0.9863308241888208,South America,-0.40381560521640136,1.0013557188454882,-0.6197824600237669,-0.43936334697552165,65396.0,75117.6
1090,-0.4504233036389041,-0.5156955666049021,Europe,-0.031745726502385115,1.2236719734551433,0.3331306180679534,0.4526190618916592,109111.65,87513.945
2111,0.7276068751089989,-1.27595252116354,South America,1.1457752282584754,1.4156076462952643,1.102165928179125,0.11831107863219681,129989.58,128095.695
203,-1.4898616966517597,0.896210206146854,South America,1.8032088016914138,-1.626836931980134,0.7262744170957957,1.351290002370551,176551.8,153222.06
2418,1.0740863394466176,-0.008857596899143517,South America,-0.5450532399758936,-0.3583213926518922,-0.5192294546988927,-0.8637892069704083,62840.06,70931.52
152,-1.5591575895192835,-1.3121552332853799,Asia,1.0727435052059895,0.47118430184764565,1.1508552455784968,1.9524205145443514,124075.5,127059.75
2901,1.628453482386807,-0.2622765817520228,Europe,-0.5980450118356793,0.09220669186186345,-0.3910425152669937,-0.9325553932440335,70414.37,69057.68
1359,-0.17323973216880928,-1.0949389605543405,Asia,-0.41394839050788085,0.06338660064504242,-0.10304515751845296,-0.21279239295693025,79482.92,74812.445
772,-0.8661986608440464,-1.7103850666256188,Europe,-0.28803102679111897,0.7114613595303878,-0.6322686590534102,0.02759425560168463,65744.11,80512.99
2678,1.3512699109167123,-0.045060309020983416,Asia,-0.2996198285423609,0.872658400825426,-0.7170570300244357,0.03815060955679837,84066.35,79408.37
1001,-0.5890150893739515,1.584061736461812,North America,1.0764489852974068,-1.6953958831391158,1.329358697434214,0.3612860095386386,148077.76,127839.98
718,-0.9354945537115701,-0.913925399945141,Asia,1.7941171375422262,-0.6236899254849189,0.8381618133443458,1.3910910266204406,130470.93,152312.66
612,-1.0047904465790938,1.3306427516089328,Asia,-1.352118959791301,0.27180772487724614,-1.4547471557487464,-1.3688821075340514,41750.58,43356.83
842,-0.7276068751089989,-0.08126302114282331,Europe,-0.6816872658733829,-1.105526955355623,-1.0845547690993917,-0.8775482846964684,59816.11,64288.48
266,-1.420565803784236,0.24456138795373578,South America,-0.3921191191302034,0.7356011453749817,-0.21645962584178646,-0.36740516432727954,76751.01,75546.09
51,-1.697749375254331,0.13595325158821608,Asia,-0.7106251529549797,-0.9981586741278082,-0.6888333953949858,-0.3900101722602924,57092.72,63852.75
1195,-0.3811274107713804,-1.7465877787474586,Europe,0.36476331911517695,0.15897072899945044,0.46450335938637716,1.4546544256740501,107760.57,101273.62
1270,-0.24253562503633297,0.42557494856293526,North America,0.13533097151508233,0.6603395490691796,0.6575750946029213,0.01680666665901478,108436.12,93018.49
1491,-0.03464794643376185,1.1134264788778934,Asia,-0.7235852732948354,1.2536490202984907,-1.1287665408876473,-0.8784654770826773,57620.8,63350.066
1582,0.10394383930128556,-0.9863308241888208,South America,0.4450210752137362,0.19840985346175558,1.252838747692062,-0.11591089283548509,104289.4,103063.88
521,-1.1433822323141412,0.9324129182686939,North America,1.3661122877173408,-0.7683700256682006,1.8523087472215776,2.067490315143192,129401.37,136002.22
1694,0.24253562503633297,0.06354782734453628,South America,-0.3684193501458126,1.6124498839748964,-0.02933062129107468,-0.323874581953351,76170.06,75707.93
2663,1.3512699109167123,-0.045060309020983416,Asia,2.4500840296245365,0.05265560395183009,2.1133497746051058,3.272250226869203,189696.69,173553.8
2748,1.420565803784236,-1.601776930260099,Europe,-1.3337355871322187,-0.09622079294943633,-1.1540692658438538,-1.1386304646413687,42695.52,43778.758
1921,0.5197191965064278,1.7288725849491715,South America,-1.2170883950583602,-0.40180986180703865,-1.3201283022630943,-1.2527753252899843,45231.3,49826.824
102,-1.628453482386807,1.8012780091928513,North America,-0.6212259287023153,-0.677613154711163,-0.5586305946852235,-0.45996590759361417,72661.51,69020.26
695,-0.9354945537115701,-0.9863308241888208,Asia,2.2673244542749,-1.5335398903027595,1.8596260004286513,1.234595001227726,169277.05,168853.14
2332,0.9354945537115701,-0.15366844538650312,South America,-0.11218085112573266,-0.17392225938698483,0.28865592499062165,-0.1371356424407139,71807.56,84259.664
2724,1.420565803784236,-1.5655742181382593,Europe,-1.260799951640155,-1.6094930941554668,-1.0487675157371223,-0.9198386608613647,53957.44,47391.484
2272,0.8661986608440464,0.35316952431925547,Asia,-0.530275739398394,-0.17331229185404823,-0.07577702694405587,-0.30993373445614486,65119.45,70024.16
2482,1.1433822323141412,0.09975053946637617,Asia,0.5416171334908803,-1.6392788701089445,0.23788294652070124,0.641467126716053,112480.87,108350.27
1842,0.3811274107713804,0.35316952431925547,South America,-0.6266754808495023,0.9863327899893564,-0.5257035465306535,-0.288923532777515,78684.85,67441.805
1830,0.3811274107713804,0.534183084928455,South America,-0.1711856541238891,-1.0850609701396152,-0.30719269840285,-0.6633859483992919,86167.46,83176.23
794,-0.7969027679765226,-1.0225335363106607,Asia,0.04341120902603722,1.290784730080968,0.3741956122689614,0.4725648674677749,92041.28,90824.57
1820,0.3811274107713804,0.42557494856293526,South America,-0.15339910118277508,-1.4239941532738112,-0.3774707311847039,-0.4310204124631502,84204.53,83972.51
2001,0.5890150893739515,0.13595325158821608,North America,-0.2495522040897819,-1.4671350692266343,-0.1186422633147945,0.40291009519815363,67379.16,80335.01
144,-1.5591575895192835,-1.2397498090417,Asia,-1.5451931412902855,1.1339950832543186,-1.529589060621938,-1.4672815342361816,40337.3,42988.816
2525,1.212678125181665,0.31696681219741557,South America,-0.20953422019698104,0.016309469733020387,-0.7128632974989784,-0.665899734939272,80556.41,83126.35
1330,-0.17323973216880928,-1.0587362484325005,Asia,0.6618405844542089,0.9093485893888177,0.6043057435337233,-0.24098220261259695,117861.35,112651.98
2477,1.1433822323141412,0.13595325158821608,Asia,0.044704767099697285,-0.9307298540193341,-0.08037558730141833,0.6424176932241775,89162.47,90790.52
2881,1.628453482386807,-0.2622765817520228,Europe,-1.0886923243276423,-1.2197553303286264,-0.8679021083129741,-0.6112865602236005,53998.51,53219.72
321,-1.3512699109167123,-1.0587362484325005,South America,0.16781260510040297,-0.43093085478962934,0.2288703043116546,0.1895225153025831,102443.51,96417.42
1261,-0.24253562503633297,0.5703857970502949,North America,-1.1480210086717049,1.3824932903436962,-1.1310878954174355,-1.2770913529376209,43448.74,49063.977
2414,1.0740863394466176,0.027345115222696382,South America,-0.7080116334370692,-0.2385100070093526,-0.7549567199506605,-0.12093667801605719,53607.1,65438.504
1269,-0.24253562503633297,0.35316952431925547,North America,-0.7394602222052192,0.04423385336801472,-0.5015025682055828,-0.5770095491171618,52328.65,62612.906
1760,0.3118315179038567,1.584061736461812,South America,0.6481172513903517,-0.5887503320781963,0.9808015399786022,0.19805615908304222,102548.34,111248.99
416,-1.2819740180491885,1.1134264788778934,North America,1.5468553703522945,-0.6369062774605173,2.058478062156456,1.9133131952571307,167739.35,142135.75
2631,1.2819740180491885,-1.7103850666256188,Europe,-0.7659551244801295,0.738105161231989,-0.5387486996651092,-1.1677332949180048,53783.43,63026.184
2291,0.9354945537115701,-0.18987115750834302,South America,0.954671980717077,1.7288650450363432,1.1329139225315772,0.2810009834725202,130252.05,120808.79
174,-1.5591575895192835,-1.3121552332853799,Asia,0.456095166552414,-1.0205968488241142,1.0732327608355268,-0.16486000228895392,115187.18,106337.74
1725,0.24253562503633297,0.09975053946637617,South America,0.4369937257559082,1.1692892275788476,0.45775728001419275,1.3265812328239466,106090.39,102785.56
2175,0.7969027679765226,0.6427912212939747,South America,-0.6425815960914456,0.303667157185526,-0.6909481970679883,-0.3341865896587271,62972.7,67816.59
45,-1.697749375254331,0.06354782734453628,Asia,-0.2112979653524065,-1.6797524901768228,-0.28599895623124394,0.1154653387724516,84331.19,83059.87
685,-0.9354945537115701,-1.0225335363106607,Asia,-0.8394233832597067,-0.3532048963478903,-0.4305276166244989,-0.26976559486518636,59097.94,59222.594
1607,0.10394383930128556,-1.0225335363106607,South America,2.621132415834549,-0.3068345346996533,2.6520053310201397,3.689477407960245,173712.08,179655.44
1231,-0.3118315179038567,0.534183084928455,South America,-0.631625025637552,-0.41144921488489966,-0.14425797103490878,-0.7730288783881136,73480.2,66169.54
862,-0.7276068751089989,0.06354782734453628,Europe,0.39637633357939484,-0.4003939907076406,0.25030607597575366,1.1668288466786352,89369.69,102799.234
1965,0.5197191965064278,1.3306427516089328,South America,0.12097488944072839,1.3830915950174947,0.7538519827705296,-0.398926426509852,89156.73,92526.445
331,-1.3512699109167123,-1.1311416726761803,South America,-0.3957624736437613,0.9753078892458573,-0.32503232176074126,-0.5223874349045486,67436.29,76367.81
93,-1.628453482386807,1.2944400394870927,North America,0.4912140309178609,1.3615992781973103,0.6056924858050415,0.46715468391871384,108536.88,107849.56
1641,0.17323973216880928,1.7288725849491715,South America,-0.19460896428680627,0.27118609448517134,-0.5106326774973049,-0.7255065126465255,91078.51,82591.14
2986,1.697749375254331,-1.1673443847980203,Asia,1.6186865166126494,-0.4253490104060066,0.6395667601329995,1.8001254567477292,154543.52,145857.53
506,-1.1433822323141412,0.8600074940250141,North America,0.09240054053223835,1.6730244417677518,0.0948115874853382,0.707210571090489,91609.48,94135.85
2909,1.628453482386807,-0.4794928544830622,Europe,0.7726044843047928,-1.1114831775175875,0.25717474683354924,0.9675847428776141,124230.47,116513.73
2045,0.6583109822414752,0.8238047819031742,Europe,-0.18272630855229016,-1.3544205333697914,-0.1391757458774018,0.6411697394511289,90428.95,83004.71
495,-1.1433822323141412,0.6789939334158146,North America,-1.083985379921133,-0.009198369488504185,-0.9195182481582072,-1.2812011376649093,55643.68,50400.96
2132,0.7276068751089989,-1.2397498090417,South America,1.0016980404202944,1.0205691129900354,0.5185539848108214,0.927473220100619,111218.97,123121.414
0,-1.697749375254331,0.027345115222696382,Asia,-1.748022073939476,0.13806038885027072,-1.585389078371598,-1.6254373262277213,28089.66,37430.61
314,-1.3512699109167123,-1.1311416726761803,South America,-0.594591140334592,0.6878090811977774,-0.6439798906852671,-0.28949029688361305,66394.21,70178.78
1272,-0.24253562503633297,0.5703857970502949,North America,-1.409963671165565,0.3063962662239038,-1.2318171013663233,-0.8570345230813292,43375.87,39225.684
1941,0.5197191965064278,1.258237327365253,South America,0.21029148667483982,-0.024044022885732593,0.20845034698331116,0.7752198799563916,85775.91,95751.14
2967,1.697749375254331,-1.20354709691986,Asia,-0.8368294332988216,1.4555669342751403,-0.7670917002868006,-0.07995385227048693,65421.79,64184.062
1316,-0.24253562503633297,0.31696681219741557,North America,0.7579394310232185,-0.6576521712958463,1.0980928162150732,0.802917421313807,93637.53,114477.86
755,-0.8661986608440464,-1.7103850666256188,Europe,1.3506860925643602,1.368303089630044,1.2358608123970194,0.45338666669571176,109546.92,135835.69
1770,0.3118315179038567,1.1858319031215732,South America,-0.4624183521831783,-1.1604251996058348,-0.5410893692521157,-0.40988505782733786,86914.89,73902.305
1200,-0.3118315179038567,0.35316952431925547,South America,-1.5197336653130302,0.9353812572715686,-1.628538127827996,-1.6318511173000938,36399.44,36836.895
2174,0.7969027679765226,0.2807641000755757,South America,0.022841844367346056,0.9522947355940298,-0.05656169849039949,-0.05881849763467462,90982.84,89567.13
1991,0.5890150893739515,0.35316952431925547,North America,0.9887808902717917,-0.604931382846768,1.0452755951587236,1.237071837847014,110772.8,122432.47
879,-0.7276068751089989,0.20835867583189588,Europe,-0.6342639130997548,-1.480463384649961,-0.36613791700039267,-0.5568438319162824,58807.65,66454.02
765,-0.8661986608440464,-1.7103850666256188,Europe,-0.3548374563142151,0.4602515376913398,0.023740454803003283,-0.12714366872584706,80073.15,77254.805
927,-0.6583109822414752,-1.7465877787474586,Asia,-1.0683301484711116,1.3977121552333527,-0.7780799969199086,-0.7063444029689575,58270.1,54550.793
2377,1.0047904465790938,0.38937223644109537,South America,-0.32250337097631054,0.40613587128931267,0.17627225002700844,-0.6172223861928283,74435.63,77746.516
1374,-0.17323973216880928,-1.0225335363106607,Asia,0.017945313405736567,0.056606980627909254,0.4445986016454738,0.02047126443861159,104463.58,89808.43
1814,0.3811274107713804,0.13595325158821608,South America,-0.14620206007303593,-1.5761466473070451,-0.06708525119574064,0.5685899637822138,73785.07,84156.18
1798,0.3118315179038567,1.3306427516089328,South America,1.0099873527314296,-0.13161057271889998,0.540476968938635,1.285037602636906,116371.81,123626.29
929,-0.6583109822414752,-1.7465877787474586,Asia,0.45587876245620446,0.08459434370225066,-0.13013866420820105,0.930914926423138,101167.93,105757.24
436,-1.212678125181665,1.1496291909997332,South America,-0.9662782219463653,-1.104014282525377,-1.0046156600447282,-0.6173022456988398,53161.04,56714.086
196,-1.4898616966517597,0.6789939334158146,South America,-0.2987808226133709,0.09382199785252744,-0.3973912563192553,-0.6246534920171556,71642.81,78383.53
1762,0.3118315179038567,1.6926698728273317,South America,1.064135281595177,0.5627389123697478,0.4230749267617888,2.213522361382523,115813.34,125441.79
1064,-0.5197191965064278,-0.8053172635796213,Asia,1.3720298525510672,1.2626702418420181,1.062497925055306,2.110753904541798,106490.19,136460.84
2342,1.0047904465790938,0.2807641000755757,South America,-0.2992311295102212,-1.4047562671250735,-0.45284715070255355,-0.5350457625738656,73794.94,79542.695
2528,1.212678125181665,0.31696681219741557,South America,-0.20762913935192606,-1.207551314526238,-0.4837232551283941,-0.14326277364449186,83074.6,82949.48
1268,-0.24253562503633297,0.31696681219741557,North America,-0.09408988285310818,0.5197484472998097,0.1496600430283575,-0.561494158225307,75395.22,85756.164
2323,0.9354945537115701,0.027345115222696382,South America,-0.5075810587211366,0.9730954448673088,-0.6560305154653915,-0.5349325289459385,58087.96,72301.664
2779,1.4898616966517597,-1.1311416726761803,Asia,-0.8759301330345302,-1.0389915102571483,-0.5551168310108253,-0.5476611806578628,58753.64,58711.58
2225,0.8661986608440464,0.35316952431925547,Asia,0.11138011165351056,1.165579272086933,0.0701462594173416,0.3208145230181284,81347.11,93070.73
450,-1.212678125181665,1.4392508879744523,South America,-0.812552931866637,-0.47818642744646844,-0.7756987262942592,-0.2527561160511573,64082.34,61317.17
2164,0.7969027679765226,0.6427912212939747,South America,-0.8488815883182641,-1.471617105993509,-0.5440449671913842,-1.1729480014672762,67706.75,61047.344
2372,1.0047904465790938,0.6065885091721348,South America,0.2030382219171381,-0.3112186034497659,0.7403286834237061,-0.18158341720085136,113922.1,94995.555
2012,0.5890150893739515,0.24456138795373578,North America,0.2708782139705533,1.2057251658130232,0.6267999014964264,0.6606691661466271,112716.79,97269.445
270,-1.420565803784236,0.46177766068477516,South America,-0.12247775148539079,-0.730814452956742,0.009071654307672117,-0.17429117156235033,76562.48,85221.445
1840,0.3811274107713804,0.534183084928455,South America,-0.13461781419750404,1.5836437881890413,-0.5737381229088031,0.34693930888028357,91278.59,84432.63
2934,1.628453482386807,-0.2984792938738627,Europe,-0.27703759516102855,1.2128651681775318,-0.33161442023898935,0.24446645140509404,69532.21,80292.62
978,-0.5890150893739515,1.1496291909997332,North America,-0.8663709739119514,-1.265298795263953,-0.9840463066615723,-1.0660745276309647,70115.24,59057.8
2166,0.7969027679765226,0.35316952431925547,South America,-0.9820776882796503,-1.509591375348035,-0.8398456080561904,-0.46954308865039,59678.56,57062.266
354,-1.3512699109167123,-1.0225335363106607,South America,0.44859350302590495,-0.9009079232025273,0.48997164197588516,1.1180853456548236,97396.71,106799.12
1876,0.4504233036389041,-0.18987115750834302,Asia,-0.45452540105878575,1.4624771783146233,-0.015719418724665278,-0.4248855336953561,64620.03,73245.7
184,-1.4898616966517597,0.8238047819031742,South America,-1.0251358908676251,-1.6865297776221284,-1.288872992020026,-1.344228762868485,65453.42,56323.773
2744,1.420565803784236,-1.5293715060164192,Europe,0.7544274721068329,1.7664521074674757,0.7835352838669186,1.3936399751817246,114221.34,116899.23
1614,0.10394383930128556,-0.9863308241888208,South America,-0.20526505402912057,-0.8023112783326788,-0.3459773332975543,0.29623924995918527,99650.97,81726.44
2759,1.420565803784236,-1.5293715060164192,Europe,3.6788584825766804,1.482834698940645,3.8663212981796033,4.301438418662033,201278.7,217289.11
1706,0.24253562503633297,-0.18987115750834302,South America,-0.5624065705540688,-0.3879882074421588,-0.25669683187628883,-0.6224984772877653,67783.68,69084.32
1861,0.4504233036389041,-0.22607386963018292,Asia,-1.1796173527725304,-0.14505085158995515,-1.0775138394659947,-1.3049933107917677,47715.19,45798.57
246,-1.420565803784236,0.46177766068477516,South America,-0.5808336382029123,1.7022399039093634,-0.8738235529973819,-0.646626775499628,70509.72,71068.445
555,-1.0740863394466176,0.7151966455376545,South America,-0.8887077077181096,-0.025387584258472626,-0.6339995246910904,-1.0397369817415991,62346.51,57320.094
1752,0.3118315179038567,1.5478590243399721,South America,-1.3224489227746326,-0.9034982442171589,-1.0788619516228763,-0.9887139089976774,42718.67,46213.805
1364,-0.17323973216880928,-1.0949389605543405,Asia,0.8459327534489272,-0.26168644068911723,1.0068867218445776,-0.04038287107522766,132189.5,118792.52
67,-1.628453482386807,1.4754536000962923,North America,-0.36208544039779866,-0.12470499382307224,-0.22140861652297014,-0.306172590109579,72992.52,76478.55
2618,1.2819740180491885,-1.7103850666256188,Europe,0.48028251778037034,1.094482482779442,0.5569574429640917,-0.08191100613423609,101999.02,106449.92
2284,0.9354945537115701,0.06354782734453628,South America,-0.8144778928966071,-0.7135254305700255,-0.875802755085014,-0.25288484480711665,57027.88,61918.285
532,-1.1433822323141412,0.8600074940250141,North America,0.2251968624000995,-1.2272405533236308,0.7298291759936778,0.2534363426363036,99982.45,97426.85
2873,1.5591575895192835,0.7876020697813343,South America,0.6375909005631335,1.4940835265796004,0.1409867939675784,0.09756667799596401,104117.69,111340.88
2705,1.420565803784236,-1.601776930260099,Europe,0.055534394289498634,1.5853792216288307,0.4188709454304605,-0.6625742420769939,92794.74,92616.47
1502,0.03464794643376185,0.13595325158821608,Asia,-0.5211743422420083,0.6600456450188926,-0.8670605236770261,-0.2954022841943296,84175.45,70783.79
761,-0.8661986608440464,-1.7103850666256188,Europe,1.112189830239855,0.22389786582274449,1.589126113595846,-0.05753776570617371,116801.21,127487.35
2752,1.420565803784236,-1.5655742181382593,Europe,0.23656988131091022,-0.6097784671046735,0.14327582534038896,-0.4725974167721061,109624.68,97572.35
1211,-0.3118315179038567,0.6427912212939747,South America,1.0197817607088355,1.7370243812895458,0.43581419245947794,0.1963743417250943,104861.65,124339.49
2243,0.8661986608440464,0.42557494856293526,Asia,1.7088676948053028,1.720708041354969,2.6216826621113345,0.3518041831159065,121359.9,146900.22
1793,0.3118315179038567,1.7650752970710115,South America,0.6457990354525323,0.7877586177276767,0.6089937838500366,0.7953557988341323,98384.96,110431.42
535,-1.1433822323141412,0.6427912212939747,North America,0.0057465420225461675,-0.18588252143338105,0.05921038936811214,0.771325835088627,98964.68,89029.65
1746,0.3118315179038567,1.7650752970710115,South America,-0.8332067873112169,-0.4713753177096616,-0.7846565768103799,-0.6142491095100494,64767.28,61455.336
463,-1.212678125181665,1.584061736461812,South America,-0.31440354167764617,-1.3825245250355165,0.1800390803694534,0.4678877226679254,83244.16,80559.836
2677,1.3512699109167123,0.17215596371005598,Asia,-0.5105511790559594,-0.10643279241099121,-0.4568414256983667,-0.8630901383095745,68104.46,71114.68
1839,0.3811274107713804,0.31696681219741557,South America,-0.7597476402830592,-0.43813383659348537,-0.597156644324105,-0.337836884243217,68902.14,62792.473
2862,1.5591575895192835,0.9686156303905338,South America,0.021328568833323625,-1.2824362004818708,-0.10764963064843337,-0.014752141410712074,87281.17,92412.01
124,-1.5591575895192835,-1.3121552332853799,Asia,-1.0566103652932164,0.17444734307606474,-1.0789112247280255,-0.826134257952967,55898.03,54925.5
178,-1.5591575895192835,-1.27595252116354,Asia,1.1559833925844245,-0.7791290132233449,0.7684005568892969,2.039969179858757,109077.23,130838.91
192,-1.4898616966517597,0.6065885091721348,South America,-1.6058020267087685,1.2725731755364063,-1.2489381257587189,-1.083525617593909,38012.81,37875.688
2307,0.9354945537115701,-0.11746573326466321,South America,-0.819052095651757,-1.4291351415820037,-0.5012605387130901,-0.3180800000358005,63612.24,62031.312
1429,-0.10394383930128556,-0.6967091272141016,South America,-0.19944129881796133,0.8980752697456713,0.4006852277820017,-0.12191823478024581,85877.98,81033.35
1691,0.24253562503633297,-0.08126302114282331,South America,0.8421213492472595,0.10960651141039439,1.1705262517085726,0.039968903234721125,102713.73,117272.07
741,-0.8661986608440464,-1.7103850666256188,Europe,-0.40067929896080506,1.0028648928179928,-0.6058535444753557,-0.5500372989449421,73303.17,76981.1
1034,-0.5197191965064278,-0.8053172635796213,Asia,-0.1614706633435134,-1.663822190879726,-0.16977079651147153,-0.41351032182039144,79682.51,83438.6
1966,0.5197191965064278,1.258237327365253,South America,1.90053224694266,0.6887456087865886,1.4392724101829089,1.9556262181476116,130127.27,153715.31
478,-1.212678125181665,1.5116563122181321,South America,1.9624196767534872,1.327407274061357,2.4490273365595634,1.432940983569347,155919.37,156504.0
1027,-0.5197191965064278,-0.8415199757014612,Asia,-1.09132033981372,-0.4121478201472879,-1.0722715752629632,-1.3859678700553153,54463.97,48831.273
2601,1.2819740180491885,-1.7103850666256188,Europe,-0.32451396176109654,1.1831482030929703,0.012568468033899037,-0.4246256923175867,85002.34,79355.0
368,-1.2819740180491885,1.3668454637307725,North America,0.10840408938879069,0.48557510373847773,-0.15917156031662102,0.30912166101850536,92882.05,93176.336
2523,1.212678125181665,0.6427912212939747,South America,-0.7901212494689841,-1.1805016453266215,-0.4461073782878281,-1.0815303218765417,56571.42,63443.53
845,-0.7276068751089989,0.09975053946637617,Europe,0.01658113925857637,0.27648919653538695,0.696651426280109,0.3618217833886726,93110.38,89019.65
256,-1.420565803784236,0.24456138795373578,South America,-0.22888592352963041,0.0429999228711754,-0.49026948278609345,0.39856847951684615,69006.1,81252.586
1222,-0.3118315179038567,0.534183084928455,South America,0.09891720302178832,1.759052023344181,0.15132271468851172,-0.1935516157062761,83547.36,92019.23
1992,0.5890150893739515,0.534183084928455,North America,-1.378962179472742,1.680710265939936,-1.2920824449970225,-1.2352652346472253,49529.65,42933.58
211,-1.4898616966517597,0.7876020697813343,South America,-0.7954742998852296,-0.3556809213429658,-0.9522785561249522,-0.9417189735756443,59374.66,61192.902
2689,1.3512699109167123,0.17215596371005598,Asia,-0.2924125367122751,0.9175720713672807,-0.18943352475988243,-0.23865018584376255,77188.39,79254.945
1949,0.5197191965064278,1.8374807213146913,South America,0.3214222380626827,-0.9634033538954718,0.35072348171525747,0.44343581466677645,109482.89,101455.28
1362,-0.17323973216880928,-1.0949389605543405,Asia,0.02861134324050828,-1.5807604743821837,0.018572297350116142,-0.24477314528230154,92307.07,90375.72
2151,0.7276068751089989,-1.3121552332853799,South America,-0.8721369523357017,1.656508666941909,-0.46995201351646027,-1.1822051485335425,57484.44,60741.336
2153,0.7276068751089989,-1.27595252116354,South America,1.0123895417419888,1.2341148975276381,0.9012779017465564,0.17657812373113493,107248.04,123486.26
567,-1.0740863394466176,0.7151966455376545,South America,-1.0307907680496369,1.248765781177256,-1.2794373894763786,-0.823733705040914,58895.75,54078.242
2206,0.7969027679765226,0.42557494856293526,South America,1.0576291804538627,1.6477125385797518,0.14491445172522976,1.0394839248460415,116910.52,125343.086
2093,0.6583109822414752,1.0048183425123736,Europe,0.5268492623779488,0.5566753919037102,0.36412773724004033,1.0141523703458382,123062.29,106975.305
1710,0.24253562503633297,-0.15366844538650312,South America,-0.6727203705930626,0.7943388028535437,-0.6220915948234781,-0.24724044643818543,68499.42,65688.664
1263,-0.24253562503633297,0.17215596371005598,North America,-1.2360753177063453,-1.5241734481287363,-1.1772930599476064,-1.4273577408949603,38283.37,45648.562
2123,0.7276068751089989,-1.27595252116354,South America,1.3141792392469072,-1.185684619927712,1.6968197773189393,0.37615358488545825,122249.63,133693.38
798,-0.7969027679765226,-1.0225335363106607,Asia,-0.85287025750209,-1.3673231544345676,-0.6259479051248735,-0.42155110133613627,69161.1,59196.84
80,-1.628453482386807,1.222034615243413,North America,0.9031239037441114,0.8325230036725604,0.7707972007237525,1.08165451175192,118204.2,121228.87
32,-1.697749375254331,0.20835867583189588,Asia,0.07395286790007137,1.1449290136965387,-0.24662777429284363,0.2594073306268351,91346.03,93276.586
414,-1.2819740180491885,0.9324129182686939,North America,0.05071759115280869,0.5891961083251352,0.2166785613583831,-0.8158067551195589,99941.73,90655.76
1804,0.3811274107713804,0.20835867583189588,South America,-0.4194092288017125,0.49370994798748935,-0.4723589061567873,-0.549452655844961,66357.4,74647.12
2213,0.7969027679765226,0.46177766068477516,South America,1.3887768374893361,0.031410539745379114,1.9867119815990972,0.3723680059139189,158553.36,135506.3
1321,-0.17323973216880928,-1.1311416726761803,Asia,-0.7653271384306016,-0.4573390667366358,-0.9506182495738457,-1.197761065144866,78205.9,60892.6
1567,0.10394383930128556,-1.0949389605543405,South America,-0.7058498704128255,-1.1364650217919716,-0.9612655763193215,-0.35201194656029355,70254.17,64636.48
783,-0.7969027679765226,-0.9501281120669809,Asia,-1.1145426737322621,-1.725898924929603,-0.9387398835693225,-0.6715614163356237,48363.52,50767.383
2991,1.697749375254331,-1.1311416726761803,Asia,-0.5302490253999147,1.394544522691372,-0.5015281902202602,-0.4861294312758495,62780.36,73562.6
1412,-0.10394383930128556,-0.7329118393359415,South America,0.17719615592289958,-0.32903711964136423,-0.15798979416272327,-0.11205022208963605,94882.97,95377.4
457,-1.212678125181665,1.3306427516089328,South America,-0.7471012541113927,0.08635893428988563,-0.5187564328894606,-0.9053179379958793,74092.4,62977.984
139,-1.5591575895192835,-1.27595252116354,Asia,-0.38614315625328877,-1.0276038945944457,-0.7566304287863678,-0.3329809495045356,86768.48,76693.64
2230,0.8661986608440464,0.31696681219741557,Asia,0.9789710544425502,1.0854449332331209,0.705481166722842,1.1605479561274616,102866.83,122829.914
1025,-0.5197191965064278,-0.7691145514577814,Asia,0.011697965296206413,0.172030798662595,-0.5263192632525978,0.09323400181159819,87049.11,90443.07
88,-1.628453482386807,1.2944400394870927,North America,-0.07481096998918424,0.12003310748009548,-0.6458865627621198,-0.9254550488065456,75455.94,86350.74
1442,-0.03464794643376185,0.9686156303905338,Asia,-0.38538066832769563,-0.8460038475227465,-0.326953184491877,-0.11310448676228316,69005.13,75037.07
1831,0.3811274107713804,0.17215596371005598,South America,-0.6134310324483104,0.5839198308509379,-0.6238334976367119,-0.5634536959549074,78011.31,67956.48
2576,1.212678125181665,0.534183084928455,South America,0.6744657443867729,1.0125287379000447,1.0734136916776345,1.8770486359973408,113221.16,110960.086
254,-1.420565803784236,0.24456138795373578,South America,-0.3166608745491635,0.9242082382170123,-0.47302310761419814,-0.402278737862955,92384.66,78427.74
605,-1.0047904465790938,1.3668454637307725,Asia,-0.26330421846208407,1.0647655176948805,-0.46895787934697036,0.12878638114837326,90297.02,80466.9
1044,-0.5197191965064278,-0.7691145514577814,Asia,-1.3550553252288202,-0.7129504516145039,-1.1688890391333622,-1.2832435147328354,47766.82,40416.99
568,-1.0740863394466176,1.1496291909997332,South America,-0.01565302744160454,0.6166189890171798,-0.3738777363572257,-0.05058343305206534,88701.14,88812.46
1732,0.24253562503633297,-0.18987115750834302,South America,0.044164481657581085,-0.43156648061267044,0.05842004876151919,-0.5599571607178132,97905.34,90490.98
2542,1.212678125181665,0.46177766068477516,South America,0.874792051674532,1.2441589518176004,0.3665200450412428,0.2395401926238055,102032.26,118955.85
857,-0.7276068751089989,0.09975053946637617,Europe,0.3518592153380248,-1.034968990140325,-0.3336129373838399,0.5401325651847618,95346.99,102246.96
2472,1.1433822323141412,0.20835867583189588,Asia,-1.7095531913305964,-0.34283544828796725,-1.5422372696213116,-1.712418035503104,28229.57,32933.883
817,-0.7969027679765226,-1.0587362484325005,Asia,-0.6989206940862897,-0.9349261507373189,-0.8507645281572485,-1.047949399598623,61351.81,63596.777
2030,0.5890150893739515,0.46177766068477516,North America,-0.27361437227835217,0.08561251130503013,-0.21155517804765783,-0.8051020055152146,78003.69,79332.23
1877,0.4504233036389041,-0.18987115750834302,Asia,0.5044566155517171,-1.4825265444315383,-0.29693995068340884,1.1852030886924165,100152.01,107482.69
141,-1.5591575895192835,-1.27595252116354,Asia,0.037148018894153256,-1.2837914247137492,-0.4200726520815253,-0.6915096057775906,78822.47,91546.74
443,-1.212678125181665,1.3306427516089328,South America,0.9501561760051151,1.336504304189284,0.38430172322747885,1.8908446636440925,111809.12,123571.086
1174,-0.3811274107713804,-1.7465877787474586,Europe,0.3131478358902345,-0.41683045809134256,-0.18787807137653287,-0.01603168140628763,87037.05,100912.34
486,-1.1433822323141412,0.9686156303905338,North America,-0.5537599326276134,-1.5629979399144494,-0.48167507069355303,-0.8712131611971823,66087.99,70260.21
881,-0.7276068751089989,0.24456138795373578,Europe,0.805641209928286,0.022451131355284915,0.19939079677816238,0.9132957739176915,115637.19,117579.99
2564,1.212678125181665,0.534183084928455,South America,0.6850723407520599,1.4628993738154326,1.1508248933457248,0.5012141672662402,99373.05,111048.7
1084,-0.4504233036389041,-0.2984792938738627,Europe,-0.6413391880768897,-1.5359704301471955,-0.7634352416998902,-0.6169565851504311,66209.67,66024.09
1299,-0.24253562503633297,0.35316952431925547,North America,-0.8940019459206483,1.1224290258467995,-0.7861418652919968,-0.28064317474373474,57955.71,57708.266
175,-1.5591575895192835,-1.2397498090417,Asia,0.29662398531911,-1.5342303315637509,0.045357551494051275,1.0817045729347932,108219.51,102212.96
1094,-0.4504233036389041,-0.4070874302393824,Europe,-0.019704754086957512,0.7455087442130253,0.356475426917952,-0.6295261138167946,94604.14,88547.05
2700,1.420565803784236,-1.5293715060164192,Europe,-1.6184654974143464,-1.1907276402191422,-1.5624108614239092,-1.3759413302856078,39315.06,36232.406
2846,1.5591575895192835,0.7151966455376545,South America,-0.2525213925409369,0.6685921881954889,-0.446793654096346,-0.18865575121458872,80904.39,81851.6
1963,0.5197191965064278,1.5116563122181321,South America,-0.31368723376492863,1.703093625198292,-0.38568081305708074,-0.6769245185341256,92880.71,79806.305
2681,1.3512699109167123,-0.045060309020983416,Asia,1.3792420108847523,-0.35902349677202205,1.622748897995122,1.5525687356754823,148947.39,136259.19
2097,0.6583109822414752,1.0410210546342136,Europe,0.40672811153282856,0.5988727825522393,1.0912883974863923,0.8739780784691116,112958.28,101845.54
2155,0.7276068751089989,-1.2397498090417,South America,-0.19470919355241917,0.30544107806047166,0.5045482032183769,-0.33236829598080414,91336.25,81092.9
1556,0.03464794643376185,0.06354782734453628,Asia,1.8322891634315677,-1.2594895251271319,0.804760166640979,2.3933236553020096,185940.06,153090.03
1670,0.17323973216880928,1.3668454637307725,South America,-0.23432211867757752,0.2753007511891874,-0.7053339728473428,-0.9097304736862571,69817.83,81186.54
177,-1.5591575895192835,-1.3121552332853799,Asia,0.28634644743121856,1.4974844163043484,0.650906275459611,-0.5631402175954884,82154.82,100291.1
1078,-0.5197191965064278,-0.6605064150922617,Asia,2.1096992310450546,-1.1545389545987006,2.956326277227342,0.3527535576911053,175944.24,161654.78
598,-1.0740863394466176,0.8600074940250141,South America,1.938999162241574,-0.4490584367483946,1.0537710668561246,1.1779156107856175,168498.97,156372.89
2190,0.7969027679765226,0.2807641000755757,South America,-0.5533014458630118,1.727095789305053,-0.7543122277353093,-0.15065931341397834,70921.2,70830.73
2531,1.212678125181665,0.31696681219741557,South America,1.5436046494908071,0.49108697096727066,2.5257881332396845,2.000148488715596,154834.46,140888.05
2667,1.3512699109167123,0.20835867583189588,Asia,-0.48656770326601095,-0.27077880567338874,-0.5541100829264172,-0.5012491004364226,81025.79,72250.6
2786,1.4898616966517597,-1.1311416726761803,Asia,-0.42914171828651865,-1.629751480478812,-0.06615379241600038,-0.6924697077491191,85377.69,74642.695
479,-1.212678125181665,1.6564671607054917,South America,2.0599303270793494,0.06493659462453162,1.7742246720295705,1.3357185906311955,139340.19,159670.14
1967,0.5197191965064278,1.584061736461812,South America,1.6102715035489794,-1.3956918930027338,1.4790105782084602,0.5592535531763982,148024.76,145743.5
1057,-0.5197191965064278,-0.8415199757014612,Asia,-0.3605072436349131,-0.04672595133803046,-0.6544202703891163,-0.005365073655561241,68015.96,76946.1
2268,0.8661986608440464,0.5703857970502949,Asia,-1.2148007241963217,-0.9490183834342089,-1.286126706231431,-1.2391288852253883,50664.84,46729.523
533,-1.1433822323141412,0.6427912212939747,North America,0.5581399486357068,1.3412790787205315,0.06079225313582129,0.8858598618374338,113836.65,109405.05
1103,-0.4504233036389041,-0.3708847181175425,Europe,1.8138054579642426,0.4582070384843836,1.1232000254900478,0.5373923113889274,161996.42,152552.66
1106,-0.4504233036389041,-0.4794928544830622,Europe,-0.44152210344231746,-1.3420858935450535,-0.7636323341204869,0.014930564234202899,90148.87,73698.4
2927,1.628453482386807,-0.551898278726742,Europe,2.3863863640175196,1.2879319947357228,2.9459836553641088,3.2978720170367772,181607.3,171458.1
1123,-0.4504233036389041,-0.5881009908485819,Europe,-0.6352688978642586,-1.4576193424556398,-0.2875615049417347,-0.5156327510154697,80054.46,66415.76
942,-0.6583109822414752,-1.7465877787474586,Asia,-0.11520150026388111,1.7577947671290652,0.09289111893904374,0.37409392479011194,83563.87,86710.67
162,-1.5591575895192835,-1.27595252116354,Asia,-0.675161698717673,1.7416778620857543,-0.21620853009794644,-0.2751036664722519,76893.14,70027.62
1551,0.03464794643376185,0.09975053946637617,Asia,-0.25062759784252636,0.585004476750806,-0.4439811452544309,0.20334953320539967,88394.68,80783.32
965,-0.5890150893739515,1.584061736461812,North America,-0.019244921268168978,1.5181241781215182,-0.3926551254523162,-0.3621874779456944,83715.99,88959.54
471,-1.212678125181665,1.2944400394870927,South America,-0.6300233246977097,-0.5684173034563657,-0.25714147237715496,0.06342673917596325,56913.2,67357.52
844,-0.7276068751089989,0.24456138795373578,Europe,-0.5285106481887819,1.1237982455096436,-0.23070664855704076,-0.22792934514492352,78116.62,70511.7
998,-0.5890150893739515,1.4392508879744523,North America,0.45592452829856067,-0.04580458546609944,-0.15232378125540894,-0.4492248040350406,96575.16,105373.73
1904,0.4504233036389041,-0.18987115750834302,Asia,0.19008855938288885,-0.7435736208541165,-0.16404802098702526,1.0282231385319294,98877.94,96132.85
30,-1.697749375254331,-0.008857596899143517,Asia,-0.5347932007924322,0.6224037671498102,0.06593597112855462,0.08776362564979683,69731.69,70971.664
2890,1.628453482386807,-0.4070874302393824,Europe,0.9223945331976543,0.026892348115175407,1.502977804922703,1.4669903354870064,125284.06,120025.59
423,-1.212678125181665,1.584061736461812,South America,-0.9501962913190805,0.8807757507857299,-0.6318705323638049,-1.005418252982766,60362.81,57345.96
511,-1.1433822323141412,1.0048183425123736,North America,-0.5415691340269151,0.9258270430654174,-0.3194455400065069,-0.18615924770202905,65688.93,70364.32
2758,1.420565803784236,-1.601776930260099,Europe,2.1375441221268474,-1.6194613398610298,2.468181566362835,3.1493136689617476,140897.28,165005.44
2737,1.420565803784236,-1.5655742181382593,Europe,-0.903757628954522,-0.6931877368045394,-0.6849479154153417,-0.6444765285019398,63016.95,58246.605
1393,-0.10394383930128556,-0.6967091272141016,South America,-1.196145862761994,-0.12881731795526077,-0.7327475576281401,-0.8108346069206366,58972.47,46395.266
1586,0.10394383930128556,-1.0949389605543405,South America,0.1731232030384448,-1.7266325187694065,0.1424669580462599,0.4569976274936588,108651.6,95846.93
1929,0.5197191965064278,1.8374807213146913,South America,-0.3517585126755086,0.38093826412086845,-0.36686045781430004,-0.0919500611996621,69324.92,77584.4
2497,1.1433822323141412,0.31696681219741557,Asia,-0.3508892722986276,1.7224633016552933,-0.6758595897167861,0.08493338091808388,95260.15,77914.914
787,-0.7969027679765226,-1.0225335363106607,Asia,-0.6451597040299765,0.38357640285796757,-0.6744294871129363,-0.6496673963927003,65827.82,66171.414
2636,1.2819740180491885,-1.7103850666256188,Europe,1.6016476450010722,-0.9727441377793907,1.8906282440036741,1.904534013294008,132113.52,144716.05
2538,1.212678125181665,0.6789939334158146,South America,-0.23132228160801202,0.2186064266316671,-0.23162982945511573,0.3520795196217082,83237.01,81245.07
402,-1.2819740180491885,1.1134264788778934,North America,-0.054079664657539724,1.2215365039469086,-0.41630227407551035,0.45787369819393625,94105.03,88856.37
433,-1.212678125181665,1.3668454637307725,South America,-1.1878730137289917,1.1958758812706713,-1.3635879693743531,-0.7676848471164203,60242.18,50388.375
1151,-0.3811274107713804,-1.7465877787474586,Europe,1.6841697748699727,1.2771298546017666,2.089966729825511,0.6290001042812867,149844.53,146520.16
73,-1.628453482386807,1.258237327365253,North America,-0.8659835173913688,-0.2561372523110818,-0.4054164655011123,-0.6627631634456931,51963.09,59539.785
1536,0.03464794643376185,0.38937223644109537,Asia,-1.2382007372675414,-1.0545369352026788,-1.0455769836325026,-1.4116921664544864,46036.55,44318.81
2709,1.420565803784236,-1.5655742181382593,Europe,-0.5549092558180101,-0.5747234113924812,-0.5147976345293549,-0.5343812599678727,65349.08,70381.23
621,-1.0047904465790938,1.6926698728273317,Asia,-0.6148290650354041,1.4513718038430696,-0.3551066542195945,-0.6415437775386297,67820.92,69386.195
1437,-0.10394383930128556,-0.5881009908485819,South America,0.6898680211922776,-0.8492507875068682,1.252647173859242,1.0435883458751651,110331.0,111844.91
1559,0.03464794643376185,0.42557494856293526,Asia,3.1865862755958068,1.5489759394002427,1.8852105675463113,3.6255576209618963,211035.86,199331.0
1566,0.10394383930128556,-1.0225335363106607,South America,-0.7465388105465066,-0.4687103543965445,-0.6690082629920031,-0.739486097963812,53986.15,62807.883
324,-1.3512699109167123,-1.0949389605543405,South America,-1.225977840451616,-0.013525290228838511,-0.9180451794066672,-1.0046816384347776,51800.6,49091.594
332,-1.3512699109167123,-1.0949389605543405,South America,0.14310153525109262,0.9731747523094497,0.2730257076676194,0.013841137540252343,95610.58,94259.414
1392,-0.10394383930128556,-0.551898278726742,South America,-1.7306765090585328,-1.5637175383232866,-1.7383272781668737,-1.2948964469794526,37225.01,32165.893
650,-1.0047904465790938,1.620264448583652,Asia,0.2680205409316559,-1.4841103607025288,0.4703183741636629,-0.2938718423179263,106123.55,98771.46
2236,0.8661986608440464,0.49798037280661506,Asia,-0.3329518577459449,0.03667398807452467,-0.04493639915392279,0.31334765920603463,68022.55,77366.65
1533,0.03464794643376185,0.49798037280661506,Asia,0.12318728481092724,0.9373266221758484,0.6327781087979661,-0.6252881963000096,82740.62,93387.81
2163,0.7969027679765226,0.38937223644109537,South America,-0.8721562112648382,-0.9463592515506609,-1.1576413688747489,-0.47267429644580394,52560.16,59958.668
543,-1.0740863394466176,1.1496291909997332,South America,-0.868614017900561,-0.9129929778417042,-0.8738393203910296,-0.9621415523219792,63484.85,59303.2
2958,1.697749375254331,-1.20354709691986,Asia,-0.9427556144015031,-0.6989270297865303,-0.5403865376802677,-0.37422480856080087,59641.03,57091.97
1818,0.3811274107713804,0.09975053946637617,South America,-0.833439965313449,0.38197042715461427,-1.054421703099201,-0.9141412214772466,62006.35,60426.56
1624,0.17323973216880928,1.4754536000962923,South America,-0.6667593178548341,1.1153823263553972,-0.3681431352875435,-0.3363082302662022,67737.77,66485.49
1177,-0.3811274107713804,-1.7465877787474586,Europe,-0.7472859741628943,-1.003270505288155,-0.5959882804548077,-0.5652821210626976,69391.78,63284.367
679,-0.9354945537115701,-0.9501281120669809,Asia,-0.919928399158146,0.8077021068542859,-0.8912792403199508,-0.7585653683030548,62489.22,57187.844
2096,0.6583109822414752,0.8600074940250141,Europe,1.2989743146937354,-0.748071985623785,0.5598294737170265,0.4794816542347282,126358.59,134838.45
2029,0.5890150893739515,0.46177766068477516,North America,-0.6931314185708422,-0.8084692679577371,-0.8774800115842922,-0.9309629708555016,68794.54,64899.53
1659,0.17323973216880928,1.222034615243413,South America,-0.963884523431447,-0.40238367447664614,-1.2451551338377855,-1.0084868842995889,50873.97,56269.49
1637,0.17323973216880928,1.584061736461812,South America,0.44829478253903177,-0.8320690634242246,0.34293951365621067,-0.08397185816250823,110280.38,104834.82
239,-1.4898616966517597,0.6427912212939747,South America,2.082312205472085,0.2009698510426274,2.596453649720431,1.2676627963811966,157471.29,159641.02
2124,0.7276068751089989,-1.27595252116354,South America,-1.5529347130899611,0.20254550331222074,-1.339290809948031,-1.2615223250641163,41492.64,36170.39
2619,1.2819740180491885,-1.7103850666256188,Europe,-0.3709011634386614,0.2772449498075536,-0.8244038110872786,-0.10086154771751964,79165.04,77108.49
2290,0.9354945537115701,-0.008857596899143517,South America,0.6958169594428233,0.9096180014349137,-0.10940927177952084,0.8195216429331497,113651.73,112924.63
764,-0.8661986608440464,-1.7103850666256188,Europe,1.2647077097138881,1.1852276908773416,1.0095423451196976,2.402509882359206,140024.67,132987.53
1128,-0.4504233036389041,-0.4794928544830622,Europe,-1.1443032070073456,-1.0274627739988713,-1.1662223786826886,-1.0405159099084447,49368.25,47700.6
1885,0.4504233036389041,-0.3346820059957026,Asia,-0.8443062465941871,-1.3096363205643724,-0.46370260704417954,-0.6767010311105854,61618.11,58286.65
1116,-0.4504233036389041,-0.551898278726742,Europe,-1.5609351414640504,1.412114619983323,-1.3666582751024088,-1.1457194857160637,39080.76,36029.336
1102,-0.4504233036389041,-0.3708847181175425,Europe,0.14300845042693355,-0.2684077464105586,0.4395416043178029,-0.005754835722215401,94398.18,94086.4
2847,1.5591575895192835,0.896210206146854,South America,-0.4841181952736492,-1.0760467463115706,-0.6888294535465735,-0.05249767733049515,60264.7,75742.45
2330,0.9354945537115701,-0.15366844538650312,South America,-0.12392444910847408,0.10802502771123176,-0.23452984733177581,0.0035970700116324155,82101.58,84494.266
1361,-0.17323973216880928,-0.9863308241888208,Asia,0.8314637063654987,0.5287976597052695,0.8937024574685007,0.9444737594177063,119271.59,117736.664
2316,0.9354945537115701,-0.11746573326466321,South America,-1.330442206707268,1.5658555954312026,-1.1194661437445297,-0.8518925244405164,46372.9,45034.1
1407,-0.10394383930128556,-0.7329118393359415,South America,-0.7790499537813101,-1.7165581410456843,-1.0462313304688837,-0.5915898686289243,70263.6,62629.312
2529,1.212678125181665,0.7151966455376545,South America,-0.7656341423278565,0.8868019501025248,-0.7078788301820875,-1.2034155949436645,56106.41,64712.29
343,-1.3512699109167123,-0.9863308241888208,South America,-0.31957901648384385,-1.4081594894216491,-0.4551294809330636,0.31567490824316674,91131.64,81295.21
1105,-0.4504233036389041,-0.551898278726742,Europe,-0.6481901897179525,-0.3070829535993005,-0.08251364588005172,-0.10840052347160903,61076.84,66137.94
2592,1.2819740180491885,-1.7103850666256188,Europe,-1.7306875881199177,0.36476654363960753,-1.6397932875985923,-1.5362616724699425,25805.82,32690.041
557,-1.0740863394466176,0.7151966455376545,South America,0.29765930807413493,-0.30517957498791887,0.3473965616555845,0.38968500342273904,91394.35,98995.03
1475,-0.03464794643376185,1.0410210546342136,Asia,2.4141607425684413,-0.19445822175782304,2.233606897586716,1.6151189917423758,189818.36,172376.23
2703,1.420565803784236,-1.5655742181382593,Europe,-1.1816912081041033,-0.38931310824027726,-0.9391064754716325,-0.8139211172313424,46308.32,48856.605
594,-1.0740863394466176,1.0048183425123736,South America,0.22157411286986545,1.7009021739661925,0.7569656488311161,0.49863780424766857,103935.95,97702.76
1557,0.03464794643376185,0.06354782734453628,Asia,0.5854503526626496,1.6710219288536938,0.7103197856484914,0.4706220167991322,117424.18,109237.18
411,-1.2819740180491885,1.222034615243413,North America,-0.612157458102195,-0.8358315017822621,-0.9024299411076305,-0.8537102221519767,63477.37,67699.61
1055,-0.5197191965064278,-0.8053172635796213,Asia,2.6056820952488327,0.7624408831101075,3.066349967546729,1.2030975777036643,212976.57,178354.62
2473,1.1433822323141412,0.20835867583189588,Asia,-0.7763348589435998,-0.4386236766772969,-0.7557037002247222,-0.5241491117685083,66802.9,61719.21
108,-1.628453482386807,1.2944400394870927,North America,-1.0228669612215742,-0.7013902256365535,-1.1285623531399092,-0.8864651349124911,44632.1,54912.117
2025,0.5890150893739515,0.534183084928455,North America,0.24567821582349003,-0.7921960806019723,-0.04419730257668511,-0.08787365059428878,79931.56,97794.48
2706,1.420565803784236,-1.5293715060164192,Europe,-1.015038206527636,1.329743344746772,-0.8336545409404061,-0.42403330165358954,57535.09,57716.43
318,-1.3512699109167123,-1.0949389605543405,South America,-0.33004262047742416,-1.463049569670464,-0.1828727122630588,-0.016665193756216525,85393.62,81021.875
2718,1.420565803784236,-1.601776930260099,Europe,-0.8046014791564268,0.07435551966467736,-0.7097894441073521,-0.06659705190679892,57965.74,62301.79
840,-0.7276068751089989,0.06354782734453628,Europe,-1.6122296425367204,1.4704137539582829,-1.639974612625541,-1.503498416178949,30332.34,36279.754
2957,1.697749375254331,-1.20354709691986,Asia,0.7290597348995501,-1.109037475956272,0.9511990467746573,-0.055627693192983295,126529.29,114570.32
1351,-0.17323973216880928,-0.9863308241888208,Asia,-0.12597883842565102,0.010548017318666683,-0.08630373312812636,0.6837455835516939,71239.67,84954.65
2825,1.5591575895192835,1.0772237667560534,South America,-0.18050511205856087,-0.9928392440747986,0.12171352034226655,0.44656940632804154,90276.87,85907.49
2366,1.0047904465790938,0.46177766068477516,South America,0.26443144275609504,0.854677770891804,-0.30719269840285,0.06838339224685339,95209.92,98446.445
1882,0.4504233036389041,-0.15366844538650312,Asia,0.6604307480073218,1.366073150962788,0.5043992013484059,1.513809460802521,111995.06,111531.93
680,-0.9354945537115701,-0.8777226878233011,Asia,-0.09646235512892466,-0.3405763524728655,-0.35545669035857413,-0.41401987314606303,84866.94,86082.21
729,-0.8661986608440464,-1.7103850666256188,Europe,-0.388580653300598,-1.5460541381582282,-0.5620655213913831,0.3645113800351709,89888.99,78411.46
789,-0.7969027679765226,-0.9501281120669809,Asia,-0.682383900686445,-1.1856892850713674,-0.4998887754657368,0.14087019714757584,62262.83,65461.375
1813,0.3811274107713804,0.31696681219741557,South America,-1.1074835514053707,-1.5601801931466195,-0.9699490741859716,-1.2405323862452207,60896.11,51335.85
1345,-0.17323973216880928,-1.0949389605543405,Asia,-1.0501034358108645,1.4947926284152133,-0.9886519623460763,-0.777452737441284,50729.41,53085.336
1868,0.4504233036389041,-0.3346820059957026,Asia,-0.14666976213168675,-0.893914872863162,0.10506394101993867,0.5658312350260336,96383.2,83936.44
2069,0.6583109822414752,1.3306427516089328,Europe,0.028705567033594927,-0.9988117942395567,-0.3441668423219529,0.06964088148330659,106630.57,90315.5
432,-1.212678125181665,1.1496291909997332,South America,-1.35923213137093,0.17494418087535923,-1.5183279880787237,-1.2012397213880772,46241.04,43160.0
564,-1.0740863394466176,1.1496291909997332,South America,-1.648581285452155,0.022854666281472345,-1.575230146644361,-1.1463661093281736,37815.75,34300.47
1748,0.3118315179038567,1.4392508879744523,South America,0.019918628843806952,1.563679305915983,0.37005785399095387,-0.17404146161444795,85903.68,89409.04
1776,0.3118315179038567,1.7288725849491715,South America,-1.1490520861789097,-0.7806440186254189,-0.9445848563945387,-1.0531629142149688,50465.77,51733.406
70,-1.628453482386807,1.4392508879744523,North America,1.0310942071812337,1.207660034144078,1.0162095875236434,-0.03284091548882466,103389.8,125289.01
1788,0.3118315179038567,1.4030481758526125,South America,-1.0835936781527304,-1.0252025118978556,-0.8639350320712034,-0.7908274167988552,51679.55,53305.4
1229,-0.3118315179038567,0.31696681219741557,South America,0.2825934412727388,0.7699109443882325,0.464351992407359,-0.08968300477527028,98334.85,98249.71
1512,0.03464794643376185,0.46177766068477516,Asia,-1.5873279507060118,-0.7699550082251048,-1.4391583278340696,-1.3651871154648534,38354.98,33992.137
56,-1.697749375254331,0.09975053946637617,Asia,0.8256445070300489,-1.1240324139504716,1.398553904457309,0.02891193745087768,109179.45,118712.38
1601,0.10394383930128556,-1.0949389605543405,South America,0.8876885968397115,1.5467588298780393,0.48336195055875336,-0.23236512352734942,118313.41,119715.375
651,-1.0047904465790938,1.4754536000962923,Asia,-0.8694834653627018,1.480464805963728,-0.5713745906010074,-0.7005402855880029,56539.43,60562.777
2176,0.7969027679765226,0.2807641000755757,South America,-0.936099479989659,1.2087936640523276,-1.2447010329007309,-1.0857146024116773,62740.25,58115.26
897,-0.7276068751089989,-0.008857596899143517,Europe,0.9301336199742155,0.5273304720256626,1.189078955444183,1.521054029124,111799.83,120367.54
785,-0.7969027679765226,-0.9863308241888208,Asia,0.20720643402097724,-1.3729738096871071,-0.36461912280727443,0.2373476320072604,101266.16,97432.77
309,-1.3512699109167123,-0.9863308241888208,South America,-0.025080169711232343,-1.1450838746952257,-0.6319127101418126,0.2256893360624779,105525.49,90879.0
2404,1.0740863394466176,-0.08126302114282331,South America,-0.9531526404841443,1.0007399198829825,-1.0325140921801934,-1.0472753615292256,59103.5,57731.46
1741,0.3118315179038567,1.1858319031215732,South America,-1.2737478539496987,-1.4977162521733487,-1.2702548536007776,-0.9244663404448038,40910.82,47710.242
907,-0.6583109822414752,-1.7465877787474586,Asia,-0.8323888005360696,0.8501257569700992,-0.7693677235598514,-1.0355670044015703,61655.54,61460.766
602,-1.0047904465790938,1.0772237667560534,Asia,-0.4783182548673356,-0.18465908750976628,-0.7031982793777568,0.15254815998562998,67701.94,72023.88
1178,-0.3811274107713804,-1.7465877787474586,Europe,-0.026238294025159297,0.09373919155264493,0.3127788547171363,-0.19415532973306587,83800.81,88211.99
2297,0.9354945537115701,-0.08126302114282331,South America,0.34447983565726875,1.2225581704074293,0.3949230337734358,0.35009375936774567,91974.72,99951.805
1745,0.3118315179038567,1.620264448583652,South America,0.05533486764194066,-0.5139669129970675,-0.02426889374530965,-0.6813370542245034,101405.18,91125.8
1161,-0.3811274107713804,-1.7465877787474586,Europe,-0.5439428488142887,-1.1441835019697437,-0.5405197721565913,-0.5662624858939607,66427.15,70597.875
1509,0.03464794643376185,0.35316952431925547,Asia,-0.7161079422863214,-0.34815604462689076,-1.080976359111038,-0.7551194902152961,66976.46,62749.727
2095,0.6583109822414752,0.896210206146854,Europe,-0.10022043487626257,-0.5504156803762947,-0.03563206016239294,0.3699656651024776,78234.0,85457.98
1577,0.10394383930128556,-0.9863308241888208,South America,0.2442727281670535,-0.8949050496040094,-0.20272780271397198,-0.2696756039293074,98110.21,97917.55
572,-1.0740863394466176,1.1496291909997332,South America,0.45443434277097605,0.37249085524694897,0.1535396102353832,0.3173614933328165,119386.79,104788.18
554,-1.0740863394466176,1.0048183425123736,South America,-0.1476795098571596,-1.3387293226850312,-0.04963744756999549,-0.01464665534680129,85655.78,85043.33
945,-0.6583109822414752,-1.7465877787474586,Asia,-0.3136114405599402,-1.7154431717120564,0.03683566941229033,-0.4957006526679977,72591.69,79243.53
2996,1.697749375254331,-1.2397498090417,Asia,0.6217967149039667,-0.11645235469676307,1.2773972516680956,-0.1842378518260462,101717.37,110089.6
874,-0.7276068751089989,0.09975053946637617,Europe,0.3686963859068191,-1.55103068015257,-0.0640484511791864,0.5328474711438143,104004.48,102603.7
2994,1.697749375254331,-1.0949389605543405,Asia,0.04975112424657743,0.78061628279134,-0.3198188330511168,0.4256128416310614,88763.23,91785.61
1569,0.10394383930128556,-0.9863308241888208,South America,-0.05659875329710417,-1.3377916288103064,0.2140268799316747,0.32767290507173014,89364.17,87160.98
2668,1.3512699109167123,0.09975053946637617,Asia,-0.21551183975597193,1.6981707323559865,-0.1877357706488623,-0.3468389576634162,73696.11,82290.766
2627,1.2819740180491885,-1.7103850666256188,Europe,1.7416432859165276,0.15293519939534506,1.6256808448439188,1.0461897394851727,154322.23,148769.19
1553,0.03464794643376185,0.09975053946637617,Asia,1.1100065303486202,-1.5590885495312683,1.7219289575181196,1.760429918561751,124957.09,127071.66
120,-1.5591575895192835,-1.27595252116354,Asia,-1.469095003257295,1.574428963183817,-1.6015120267460918,-1.4387347406693134,43489.88,46206.504
2659,1.3512699109167123,0.09975053946637617,Asia,-0.7583118146361011,-0.1620786259319723,-0.8467761659340534,-1.0586887152578082,62488.06,62438.953
809,-0.7969027679765226,-0.9863308241888208,Asia,-0.0359702657968167,0.6829433363652505,-0.028121656383134484,0.4775024496118563,85374.39,88252.97
2186,0.7969027679765226,0.6065885091721348,South America,-0.37175922121152793,-0.5889322726807548,-0.3066810464789811,0.06246604123797206,77300.71,76382.36
1618,0.10394383930128556,-1.0225335363106607,South America,2.301176163937277,-1.0289929411178251,2.2672600342187645,2.7524041765195935,178201.93,169027.69
313,-1.3512699109167123,-0.9863308241888208,South America,-0.8136503801995216,-0.9915726575723718,-0.30537314117590125,-0.3699612644861166,55212.88,63458.633
1562,0.10394383930128556,-0.9863308241888208,South America,-0.2556094479310625,0.8119777110144115,-0.3927536716626145,-0.4072246635375154,88737.76,80143.22
233,-1.4898616966517597,0.7876020697813343,South America,0.5777050533283027,1.3553234936949543,0.6036778070817019,-0.5205506662662797,116918.12,109304.1
507,-1.1433822323141412,0.8600074940250141,North America,-0.8546499482224991,-0.16962916093815167,-0.9145787179132123,-1.0862611036580407,61508.69,58524.07
1336,-0.17323973216880928,-1.0949389605543405,Asia,-0.6533496154165364,0.055768421055860544,-0.33501150520039435,-0.21017312035303928,67584.85,66160.98
1385,-0.10394383930128556,-0.5881009908485819,South America,-0.04845574672182774,-0.2222624779436921,-0.22146971517335495,-0.12942145254656887,84922.21,87384.26
111,-1.628453482386807,1.222034615243413,North America,-0.36856399919959504,-1.6663763570310286,-0.27863676595227405,-1.0667122117461325,70935.3,77849.01
1578,0.10394383930128556,-1.0225335363106607,South America,-0.4746492217815961,1.429360489791228,-0.25920424165112027,-0.15849746433238002,80695.71,72064.445
410,-1.2819740180491885,1.3306427516089328,North America,0.7545228348688472,-1.0438362619432262,0.6048871661744837,-0.030240713811742013,125054.52,116037.05
218,-1.4898616966517597,0.9686156303905338,South America,0.17257080310864562,1.767213692169211,0.5904209766875256,0.31735195786941234,94838.02,97251.195
2114,0.7276068751089989,-1.3121552332853799,South America,-0.6665041888150919,1.577730718605889,-0.30043321674606516,-0.7367976932502394,68788.13,66942.89
1307,-0.24253562503633297,0.46177766068477516,North America,2.754685737868625,-1.1169822156013283,3.6283042131853427,1.3525349763112855,213804.06,183026.38
1080,-0.4504233036389041,-0.4070874302393824,Europe,-1.7665160301271479,0.1306509744396655,-1.7445459382215416,-1.458510099837076,32460.93,28574.516
759,-0.8661986608440464,-1.7103850666256188,Europe,-0.34494126593174945,0.4262671324480496,0.342773561838068,0.07678294357318838,83700.48,77338.26
911,-0.6583109822414752,-1.7465877787474586,Asia,1.6956375352870185,-1.1012105311885132,2.1350275757616974,2.478457464509256,160539.65,148605.03
807,-0.7969027679765226,-0.9501281120669809,Asia,-1.116191797196537,0.998328040613168,-1.216439162341685,-1.0774729821979774,53683.56,50558.027
439,-1.212678125181665,1.4030481758526125,South America,-0.7660613592182687,-0.6813429370636129,-0.523772829178488,-0.55518466128392,60625.67,62894.63
544,-1.0740863394466176,0.9686156303905338,South America,-0.9300905905564788,-0.15165902757775437,-0.7396765387666382,-0.43560577842773246,55912.09,56337.215
485,-1.1433822323141412,1.0048183425123736,North America,-0.00914081728513442,-0.6075193712895718,-0.44174335791097563,-0.5101999207408231,84509.25,88667.7
2475,1.1433822323141412,0.13595325158821608,Asia,-1.0239925731497546,-1.4568694206130428,-1.3312261822820544,-1.179247366978796,64327.91,53604.445
387,-1.2819740180491885,1.258237327365253,North America,-0.5113592257386492,0.15971715198430617,-0.50548501765616,-0.10483426015837043,65093.54,70862.9
2916,1.628453482386807,-0.2622765817520228,Europe,-1.0387574415264227,-1.6942156017943129,-1.2600060477297483,-0.6918433469967439,66000.29,55568.547
1192,-0.3811274107713804,-1.7465877787474586,Europe,-0.5411886148625269,1.448744161679195,-0.5347150061851768,-0.864522841686083,65620.0,71972.305
1230,-0.3118315179038567,0.46177766068477516,South America,-0.5689142248348293,0.09094127164535049,-0.8353727926631684,-0.532975971048652,68509.7,68984.46
1210,-0.3118315179038567,0.2807641000755757,South America,0.476233793871281,-1.6957550992005774,0.42103896205702435,-0.05726600499914853,98860.01,105774.15
1273,-0.24253562503633297,0.49798037280661506,North America,-0.9597701534950858,-1.12490129695628,-1.0266032904864981,-0.4300525629276056,61774.56,55372.39
1939,0.5197191965064278,1.4030481758526125,South America,-0.6376836155330192,-1.6912124155661832,-0.4363233163445659,-0.07138027873702207,60373.0,70233.51
2303,0.9354945537115701,-0.08126302114282331,South America,2.0637802491392896,0.2952559031749348,1.2159596023196866,2.276064869885401,146854.97,159812.0
930,-0.6583109822414752,-1.7465877787474586,Asia,-0.6264563846449185,-0.06651315815218545,-0.5710655496855116,-0.1327916428935548,68204.98,67962.71
135,-1.5591575895192835,-1.2397498090417,Asia,-0.9641495925636467,-0.232432491112349,-0.6502943376563448,-1.2776980467967245,52457.85,56973.836
1780,0.3118315179038567,1.258237327365253,South America,-0.08666194167899212,-0.3758028522143918,-0.28308277677609484,0.4254495468202615,84983.31,85938.02
2167,0.7969027679765226,0.38937223644109537,South America,-0.5668085819159187,0.030860052794048222,-0.9732385466857307,-0.7880800114054676,67473.54,70375.45
1497,-0.03464794643376185,0.896210206146854,Asia,-0.002279979094244097,1.3575137786411398,-0.23638921722768547,-0.4875323363292193,93088.6,89235.52
2256,0.8661986608440464,0.534183084928455,Asia,-1.5071610014937569,-1.2729169748531348,-1.229429917968056,-1.224323290390697,43825.55,38643.695
366,-1.2819740180491885,1.3306427516089328,North America,-0.9314004048230121,0.5451035030666214,-0.7251291472023947,-0.5147101949310957,50164.46,57290.01
2024,0.5890150893739515,0.42557494856293526,North America,1.560348010437034,-0.5089973687182089,0.9005277679937649,1.5977549128829964,143970.41,142778.25
2897,1.628453482386807,-0.4432901423612223,Europe,-0.14125572510650927,-0.23984073923704036,-0.2108306663095444,0.11271614547967591,88740.72,84135.59
29,-1.697749375254331,0.17215596371005598,Asia,-0.05931654024318829,1.4371606099829681,-0.18815636587441564,0.6977227850031292,97621.32,89976.23
2501,1.1433822323141412,0.2807641000755757,Asia,0.19603553032346896,1.2750538656751373,0.015518941570231835,0.6489053841379339,105901.59,95900.48
2968,1.697749375254331,-1.1311416726761803,Asia,-0.6000264035988716,0.4985372053848602,-0.37940066016718693,-0.39684590758830846,59563.13,69217.65
1047,-0.5197191965064278,-0.7691145514577814,Asia,-0.4405701325042539,-0.279945812956146,-0.585633044676656,0.04674265805060908,68583.95,73962.086
2887,1.628453482386807,-0.4070874302393824,Europe,-0.7568508281301101,-0.7978910547192374,-0.5418596064318077,-0.22117525722230763,62532.5,63938.086
1421,-0.10394383930128556,-0.6967091272141016,South America,0.6400145228980536,1.5533868327263733,0.4871780540063475,1.0132208747645228,110031.32,110281.664
1488,-0.03464794643376185,0.8238047819031742,Asia,-0.9162959166207133,1.0843941096247538,-0.8053962180449313,-0.7632919783193142,57879.68,56069.062
183,-1.4898616966517597,0.534183084928455,South America,-0.8592598731849178,0.03700404698814047,-0.8168287609940644,-0.3778751031452908,68073.71,58843.043
1134,-0.4504233036389041,-0.4070874302393824,Europe,0.24352991334111604,-1.4103742663720253,0.4827714616666458,0.3155771697432718,87178.01,97714.81
188,-1.4898616966517597,0.7876020697813343,South America,0.31115826425929055,-0.5931495625451886,-0.17955209916084539,0.8618048675004925,82681.76,100267.98
420,-1.212678125181665,1.0048183425123736,South America,-1.8117796907291275,0.1736367743659481,-1.8524634989344326,-1.6786231612650493,28371.7,31057.027
170,-1.5591575895192835,-1.27595252116354,Asia,0.39265304415565827,-0.04778610523370812,0.7724346445540703,-0.522926784553359,94358.06,103708.73
1377,-0.17323973216880928,-1.0225335363106607,Asia,0.5370383748600208,1.7354242370157615,0.15860370289019532,-0.33932501250076347,123256.05,108678.88
460,-1.212678125181665,1.620264448583652,South America,-0.4831036845872069,-0.038951489436394426,-0.8858351534782283,-0.9882883889432569,80186.02,72544.62
43,-1.697749375254331,-0.08126302114282331,Asia,0.18910096978018565,0.9179896017244344,0.04990092597364688,-0.36537172675629515,100885.45,96250.69
87,-1.628453482386807,1.6564671607054917,North America,-0.510624694323093,0.15314746343166352,-0.4850421976070273,-0.18438922730759083,80036.13,71937.41
1322,-0.17323973216880928,-1.0587362484325005,Asia,-0.7793121237198765,1.380179379090644,-0.9931902124227365,-0.7629457218044426,67187.43,62228.133
1740,0.3118315179038567,1.6564671607054917,South America,-1.7912243043254543,-1.402029490658523,-1.562803863710579,-1.569316356361232,25124.07,36241.066
705,-0.9354945537115701,-0.9863308241888208,Asia,0.6295280359832955,0.24224820839105257,0.30573161812628014,0.6467682484024267,101944.53,111631.03
903,-0.6583109822414752,-1.7465877787474586,Asia,-0.8765806913773468,-0.6413101730711651,-0.6195940396696764,-0.3099402900872354,70379.95,59197.773
282,-1.420565803784236,0.35316952431925547,South America,0.08223358617293577,-0.3400281980933621,0.0972500149129608,0.3768234511896164,100541.41,91964.88
2458,1.0740863394466176,0.09975053946637617,South America,1.546484894822994,-0.6863626316367666,1.3775135001889276,1.8403710719788486,148307.8,142541.97
693,-0.9354945537115701,-0.8777226878233011,Asia,0.44598754211996744,1.6339690253710988,0.9901827450141644,0.5124248923974793,97075.9,104874.664
2089,0.6583109822414752,0.9324129182686939,Europe,-0.640511261209285,0.39847920426497396,-0.8264358339436308,-1.105404738375263,65117.13,66535.305
2066,0.6583109822414752,0.7876020697813343,Europe,0.017797558073061034,-0.5854882303771949,-0.2125374866719118,0.8141442375395409,95311.7,89741.65
257,-1.420565803784236,0.31696681219741557,South America,0.32923173382748494,-0.10964357753178398,-0.11264001073794219,0.28855485838817896,78516.55,100797.414
2644,1.3512699109167123,-0.008857596899143517,Asia,-0.8776933604768067,1.2377082244281694,-0.7103196227187573,-0.525593734474272,49714.26,59303.734
2594,1.2819740180491885,-1.7103850666256188,Europe,-0.3828071162648748,1.624978127261331,-0.39038777424577137,-0.7522135577428108,76198.46,78504.016
2442,1.0740863394466176,0.06354782734453628,South America,-0.08429588904622105,-0.8853520016837723,-0.6275289805229004,-0.8418951870274849,87821.8,87038.66
2883,1.628453482386807,-0.4432901423612223,Europe,-1.0017109240226316,0.7378229200408407,-0.6817861588041293,-1.1273750420254214,58889.44,55413.645
1216,-0.3118315179038567,0.5703857970502949,South America,-0.7444397943559008,0.2640682515530251,-0.8661184219065737,-0.5551876411162338,70960.6,62783.95
1041,-0.5197191965064278,-0.7329118393359415,Asia,-0.30194156492959207,-1.6922818997491715,-0.3874400600033269,0.20316359166901407,81577.07,78851.42
2453,1.0740863394466176,0.20835867583189588,South America,0.9158661703909408,0.4292085055227457,1.3753171022537978,1.3780798868051616,111737.66,119100.664
149,-1.5591575895192835,-1.3121552332853799,Asia,0.2679464044087435,-1.1086630981779304,0.34218386131564293,0.9370116633373148,109939.84,100673.56
1736,0.24253562503633297,-0.045060309020983416,South America,0.8428829052891851,0.9678774816888033,1.4662208568510977,1.1408101428468538,130504.1,116172.24
2358,1.0047904465790938,0.31696681219741557,South America,-0.6698182777659957,0.9916918737634365,-0.8293370343748144,-0.3322514865541003,71684.4,67245.74
2392,1.0047904465790938,0.49798037280661506,South America,-0.5441572856005329,-0.5652578349157817,-0.6751378372725609,-0.9005210039370126,74059.42,71142.01
2441,1.0740863394466176,-0.008857596899143517,South America,1.1132295017853306,1.741851638686916,0.39197531953099135,1.3329080127927537,124992.3,126773.914
2112,0.7276068751089989,-1.27595252116354,South America,-1.5877696635645915,-0.348475606967282,-1.4013575783029844,-1.3627960980162046,38582.81,34601.89
2417,1.0740863394466176,0.06354782734453628,South America,0.8236299816253317,-1.3649264368816332,0.29672607124437467,1.6365094200242551,114964.57,118932.695
134,-1.5591575895192835,-1.2397498090417,Asia,-0.5816237720106526,-1.0092267274501194,-0.7526054073729419,-0.4678392205333195,66407.41,69698.74
2930,1.628453482386807,-0.3346820059957026,Europe,0.6723833985595595,-1.1135311755822852,0.6774601431017655,0.016614765458001963,105588.63,112412.945
831,-0.7969027679765226,-1.0949389605543405,Asia,-0.42688366061659316,-1.6239387114842494,-0.28140946212522877,-0.6124546544906374,80333.71,74275.945
1800,0.3811274107713804,0.534183084928455,South America,-1.8148160783470002,-0.3248524857825179,-1.736575126547769,-1.5845099253631891,28044.43,28312.82
2929,1.628453482386807,-0.551898278726742,Europe,-0.12275742012838714,1.70150631006956,-0.22548961218384572,0.2325453342502285,89461.72,86610.664
2988,1.697749375254331,-1.0949389605543405,Asia,-1.4597955290501679,0.9649267783267959,-1.3668794127983181,-1.3270226151217408,37836.25,41722.027
1898,0.4504233036389041,-0.2622765817520228,Asia,0.2504145663368529,1.3411822769896833,0.7192555618135055,-0.10748809881710238,96129.81,97530.99
864,-0.7276068751089989,0.13595325158821608,Europe,-1.355391424605039,0.5279101161248396,-1.200389138162812,-1.3704107615110663,39554.12,40257.96
528,-1.1433822323141412,0.6789939334158146,North America,-1.14812910717718,1.5189685691231363,-1.161503591948762,-0.8794607410755098,43037.63,51072.64
2219,0.7969027679765226,0.6065885091721348,South America,3.058902992328395,0.5594103323716575,3.2013972999547584,3.594830782074201,207333.59,194058.0
430,-1.212678125181665,1.3668454637307725,South America,0.09950408264729899,-0.459602827695393,0.2920285704918726,0.2913404056351843,80492.58,92492.945
2743,1.420565803784236,-1.5655742181382593,Europe,-0.10659193059888145,1.2339376220687348,-0.27090207099837643,-0.48789527990504855,80318.49,86936.22
1744,0.3118315179038567,1.258237327365253,South America,-0.7143920338258478,-0.8035125528239307,-0.5800356199317093,0.008180052110363089,61225.37,65369.367
610,-1.0047904465790938,1.0772237667560534,Asia,-0.17206649127530413,-0.8974767100440195,-0.4311488519342198,0.4077243122844413,94797.2,82981.76
949,-0.6583109822414752,-1.7465877787474586,Asia,-0.4961804974708085,1.1717384279979048,-0.3105014859598278,0.03249786765738792,67379.24,73442.34
2811,1.4898616966517597,-1.0949389605543405,Asia,-0.045372247207411565,0.5002749713964767,0.20613924125939387,-0.7365247406102888,108824.94,87686.88
221,-1.4898616966517597,0.9324129182686939,South America,0.3405421094472871,-0.11180587161603728,0.24748686599153805,0.784194538919303,97320.95,100492.7
1915,0.4504233036389041,-0.3346820059957026,Asia,0.11911671340695747,0.6824301705631622,-0.288208362266133,0.6991972060320317,106994.59,93733.29
2411,1.0740863394466176,0.13595325158821608,South America,0.5602915644822333,-1.5015918202650282,0.7308611519079224,0.8109415137685942,102199.55,109330.76
1036,-0.5197191965064278,-0.7691145514577814,Asia,-0.5827329206607005,0.7850959869863872,-0.7811810490655775,-0.11391678905104378,84282.08,69028.41
2645,1.3512699109167123,0.027345115222696382,Asia,-0.27727677863578687,0.13118513338820276,0.2098627112693073,-0.4198031317008207,71352.0,79228.305
932,-0.6583109822414752,-1.7465877787474586,Asia,0.2245805766677358,-1.6548989373529608,0.22669913420636106,0.6290251348727232,93813.18,98647.81
2555,1.212678125181665,0.31696681219741557,South America,2.4214005467842736,-0.34942962884480055,3.2834113980134645,2.895388450268299,177477.66,173411.89
173,-1.5591575895192835,-1.3121552332853799,Asia,1.7338156701915164,0.51760248121835,2.0554996014963987,1.8603395242805496,141039.68,149117.19
565,-1.0740863394466176,0.9686156303905338,South America,-1.071988723751245,0.17317725771589654,-1.1010297245370713,-1.1249679334822777,44199.61,51577.945
1960,0.5197191965064278,1.6926698728273317,South America,0.1625115330842994,-1.4140434018569559,-0.2656988310946231,-0.13775604352846127,88707.9,96431.516
812,-0.7969027679765226,-1.0949389605543405,Asia,1.2024832486431742,1.5525517720120663,1.0457190531050662,1.8871335804803995,131905.19,131274.0
2687,1.3512699109167123,0.20835867583189588,Asia,2.724576783644381,-0.4791136247479688,1.9036237298481389,2.3229173693228304,174344.7,183754.03
958,-0.6583109822414752,-1.7465877787474586,Asia,1.0811829543302847,-0.7058069503922535,0.741071721849356,1.312915125866079,149204.25,127375.57
527,-1.1433822323141412,0.7151966455376545,North America,2.2352816343545254,0.06973586115996998,1.3446290239972063,2.8184426242931027,164104.17,165951.56
1413,-0.10394383930128556,-0.6243037029704218,South America,-0.35938960448922447,-1.46267752446395,0.2264224164478431,-0.5574576773729395,83369.22,76323.97
1611,0.10394383930128556,-1.0587362484325005,South America,-0.058374509397582146,-0.850052025929674,-0.4836814715352274,0.5539506435906367,94803.61,87009.76
272,-1.420565803784236,0.20835867583189588,South America,0.5688670686220404,1.688106851205489,1.3027212626057265,-0.13711120781573996,103997.67,109221.266
926,-0.6583109822414752,-1.7465877787474586,Asia,0.0011743065773622365,1.1642578701465558,0.07925311180343346,-0.5237325312110293,90728.28,90367.836
1739,0.24253562503633297,-0.08126302114282331,South America,3.336778484062678,-0.6300963340096244,2.082976255851787,1.892941869626594,193976.49,204383.05
847,-0.7276068751089989,0.24456138795373578,Europe,-0.5636502210801823,0.2112436636576153,-0.5327456587185744,-0.9239383141587861,79916.99,68545.58
952,-0.6583109822414752,-1.7465877787474586,Asia,-0.4374575375108737,1.6653491141687917,-0.31830043304283984,-0.7377804419473534,60777.96,75977.14
1620,0.17323973216880928,1.0772237667560534,South America,-1.6032364474284397,1.250565360342306,-1.4968464909730466,-1.3128582802009943,34999.9,36895.387
2999,1.697749375254331,-1.1673443847980203,Asia,3.281499351968743,1.2545237347338682,2.745127952088518,3.5831063338520512,200634.48,203153.66
2315,0.9354945537115701,0.027345115222696382,South America,1.1886638280188944,-1.4485607997628693,0.5585140789019641,2.131299848345927,124629.71,131769.3
1912,0.4504233036389041,-0.2984792938738627,Asia,0.3496070595979957,-1.589847007936886,-0.3503046944841758,0.6617216429198856,89208.22,102157.58
2593,1.2819740180491885,-1.7103850666256188,Europe,-1.038476426829239,-0.49508007890839445,-1.0716467922896717,-0.27529318380741397,66994.63,53881.133
2031,0.5890150893739515,0.20835867583189588,North America,-0.5955451821252513,-1.2485007792469616,-0.7780811794744321,-0.6414233923131494,80896.32,68387.32
1100,-0.4504233036389041,-0.4794928544830622,Europe,0.4034398046967363,1.415339400535082,0.6459667452146162,0.169111855885504,113625.45,102785.14
1292,-0.24253562503633297,0.31696681219741557,North America,0.37654574558408016,1.008909752709409,-0.33164713758080816,-0.1268814434822265,105951.41,102907.805
2875,1.5591575895192835,0.7876020697813343,South America,-0.406807469503475,1.6449974249723398,-0.4687465962720907,0.052808404708721404,82003.31,77685.37
168,-1.5591575895192835,-1.2397498090417,Asia,-1.0449712418239085,0.642908239800975,-0.9035951514981986,-0.957819603533943,55652.99,55037.13
2376,1.0047904465790938,0.31696681219741557,South America,-1.1443813816928188,1.053973874134149,-1.153549730223161,-0.7883392568167743,48038.33,51515.42
1467,-0.03464794643376185,0.7151966455376545,Asia,-1.0939948459405622,1.1381307331047839,-0.8143111024133619,-1.28839445287059,53620.71,49783.86
2766,1.4898616966517597,-1.0225335363106607,Asia,-1.0830850767553224,0.6084246641865624,-1.340696867276568,-1.251471946635898,65164.32,51598.383
1398,-0.10394383930128556,-0.7329118393359415,South America,-0.6647317460787665,-0.35188349440751304,-0.44321879177156265,-0.20940849538130032,77711.05,65621.625
1228,-0.3118315179038567,0.31696681219741557,South America,-0.7308483746023646,1.4788704931195134,-0.5273181276401818,-0.6785860730323392,65483.52,63627.312
2234,0.8661986608440464,0.35316952431925547,Asia,-0.7856007853386826,0.627200701113421,-0.554075000475551,-0.3946849331942905,75126.64,61366.887
1738,0.24253562503633297,-0.11746573326466321,South America,1.9022128473663833,-0.8244520501209565,1.4722349349731862,1.5657002607162414,143452.26,154201.75
367,-1.2819740180491885,1.1858319031215732,North America,-0.8557539197410586,-0.10249424487996432,-0.7244523318300654,-0.3170346748600951,68669.29,59239.156
2275,0.8661986608440464,0.2807641000755757,Asia,-0.17963162643385944,-0.8778422866845771,-0.41962525228677083,-0.136868649465391,85661.84,82810.08
867,-0.7276068751089989,0.09975053946637617,Europe,-0.4154614589566439,-0.40818478061207053,-0.6224672529771353,-1.0801989327987052,71434.16,73666.93
1302,-0.24253562503633297,0.13595325158821608,North America,-0.1568824823333452,-0.9531703612874678,-0.13795337868486088,0.41310469751036366,74136.89,83516.63
351,-1.3512699109167123,-1.0225335363106607,South America,-0.6277811090501381,-0.9715428632881389,-0.6765604503644279,-1.1527125561902523,76382.6,68538.78
2394,1.0047904465790938,0.24456138795373578,South America,-0.12732002610900325,0.0054875027385287,-0.5076601296098654,-0.5012765148937101,70367.71,85311.86
2503,1.1433822323141412,-0.008857596899143517,Asia,-0.24516168595983628,0.19930206218584046,-0.709232855111587,-0.9216492069752718,76795.46,80362.414
979,-0.5890150893739515,1.5478590243399721,North America,-0.40949874953633925,-1.3241425847606745,-0.37619514903860196,-0.1454118287092543,65710.31,75650.79
1847,0.3811274107713804,0.534183084928455,South America,2.450361006159159,0.2100995371761417,3.472696987830346,1.624590090768778,172072.87,171337.14
2370,1.0047904465790938,0.20835867583189588,South America,-0.33662192625798243,-0.26071375823697734,-0.6999998635763133,-0.8595286427280378,79764.78,78311.02
498,-1.1433822323141412,1.0410210546342136,North America,-0.7565455844575617,-0.219098344259453,-0.6378215409113022,-0.9209203399912993,56923.68,62105.902
1628,0.17323973216880928,1.4030481758526125,South America,-0.15389030741838255,0.20435557905049548,0.06791123136777494,-0.6447518650077413,77935.13,83488.22
210,-1.4898616966517597,0.6065885091721348,South America,-0.2977650694153718,-0.9389241788499514,-0.4909671899550057,0.018962873321330644,76894.89,79592.08
2470,1.1433822323141412,0.20835867583189588,Asia,0.06245901474032483,-0.5266561037396117,0.2425966088516924,-0.5152954339975396,88300.95,91232.34
601,-1.0047904465790938,1.3306427516089328,Asia,-1.2676572693816335,-0.19806671037523413,-1.4193182164071219,-1.3335192455324385,42133.68,46046.6
227,-1.4898616966517597,0.6065885091721348,South America,3.0225626355596047,1.3638327157223076,2.6581025821437194,1.2047287379122766,187339.31,193093.03
365,-1.2819740180491885,1.0772237667560534,North America,-0.4815909267663332,-1.7259315809351905,-0.5829943713497073,-1.0573173964269653,74695.22,73168.6
581,-1.0740863394466176,1.1134264788778934,South America,0.3290275477615871,-0.18081967428141554,0.5255972795532653,0.07887299795813629,106366.59,100058.164
2855,1.5591575895192835,1.0410210546342136,South America,1.6378551565758734,1.7077902585733127,2.0813518201212284,2.1274963903805038,139238.89,144750.12
2178,0.7969027679765226,0.20835867583189588,South America,-0.3021927593494032,1.092983805380162,-0.7038747005652446,0.09695342850577009,68529.57,78959.54
2018,0.5890150893739515,0.2807641000755757,North America,0.4302666646426747,-1.168378103252288,1.2135274818495232,1.0881308793028834,94862.32,103472.48
859,-0.7276068751089989,0.24456138795373578,Europe,-0.7258280066555558,1.223127317933382,-1.0438122180984797,-0.8287880966116992,79992.65,63179.945
407,-1.2819740180491885,1.0772237667560534,North America,2.1059744920245014,0.9992109190499424,1.4540503998792504,2.5027061479465997,144991.25,162496.11
1920,0.5197191965064278,1.620264448583652,South America,-1.5790412269606209,-0.21209829620460452,-1.5633308888432544,-1.39851832779487,35712.69,38753.54
1613,0.10394383930128556,-1.0587362484325005,South America,1.0262818563776233,1.0250616463301347,0.37078985524105035,-0.08486461592374366,121841.03,124806.484
678,-0.9354945537115701,-1.0225335363106607,Asia,-0.9455453634752744,1.3161537812787456,-0.9541257062907846,-0.6044967143132178,57014.97,57286.277
1264,-0.24253562503633297,0.46177766068477516,North America,-0.40299855032492193,-0.34633080717173625,-0.7996974877957979,-0.9919279561314168,89073.25,74485.555
2407,1.0740863394466176,-0.08126302114282331,South America,-0.7785390744460473,1.1352849954750224,-0.9820028524448254,-0.47807852033023734,61839.54,63690.652
691,-0.9354945537115701,-0.9501281120669809,Asia,0.0892049043497863,-0.7472042689038906,-0.32045741249385035,0.2906526603371432,96641.6,93115.79
7,-1.697749375254331,0.09975053946637617,Asia,-0.6821472022348011,1.3575767580804872,-0.6181000791215533,-0.6385502379961165,74569.68,67068.6
2867,1.5591575895192835,1.0410210546342136,South America,2.812070512881471,0.8624335722188187,2.769367954712867,2.7718255316084677,188257.88,185882.4
1204,-0.3118315179038567,0.7151966455376545,South America,-1.0064781302396641,0.03340022351438462,-1.0898415761894782,-0.9586062792648046,51613.19,53573.22
2233,0.8661986608440464,0.24456138795373578,Asia,-1.24929646901584,-0.15654343298490278,-1.2345117489407216,-1.4366333629215726,47042.32,44489.016
415,-1.2819740180491885,1.258237327365253,North America,-0.47019057260126457,-1.2490955850630185,-0.6661169171818493,-0.8062832110444323,76811.11,73113.67
670,-0.9354945537115701,-0.9501281120669809,Asia,0.5141739878125775,0.854762909763514,-0.046350734364124735,-0.3823245887563605,104691.47,108388.3
810,-0.7969027679765226,-0.9863308241888208,Asia,-0.07554260221110685,1.0121811846977213,-0.5100185375147255,0.300928910054753,82264.5,87585.45
1089,-0.4504233036389041,-0.3708847181175425,Europe,-0.09824473795770748,1.5044459769240404,-0.550830465047688,-0.7813283073487024,84834.34,86281.24
199,-1.4898616966517597,0.7876020697813343,South America,-0.15042763479376525,-0.811577419918112,0.031232726079566876,0.007756915921793732,80310.05,84605.836
283,-1.420565803784236,0.5703857970502949,South America,-0.1455256160727782,-0.7899614767910611,0.42857144018739013,0.3472182211848618,78725.94,84608.35
231,-1.4898616966517597,1.0410210546342136,South America,-0.5055917977180822,0.9271297844311733,-0.11171209962177281,-0.3837996057517258,65153.39,72328.04
2730,1.420565803784236,-1.5293715060164192,Europe,-0.687862962483115,0.782588472271638,-0.47225523554355353,-0.5720111783938773,60080.77,66817.414
2861,1.5591575895192835,0.6065885091721348,South America,0.5800102228947716,1.547890127214461,0.02642800705026013,0.10537085882598803,107458.63,109420.914
96,-1.628453482386807,1.4030481758526125,North America,-1.1782102084340176,0.00435620540210714,-0.6882436948725601,-1.4262170610852112,59376.46,49658.945
1587,0.10394383930128556,-1.0225335363106607,South America,-0.6774115765198472,-1.2169399161326242,-1.02102202732004,-1.0695639112705055,73905.58,65003.38
2569,1.212678125181665,0.6065885091721348,South America,-0.8339091169689163,-0.58962388022766,-0.6243944226657301,-0.5401692862543324,66824.71,61717.742
1606,0.10394383930128556,-0.9863308241888208,South America,1.4669966675488513,0.6546550715251392,1.6911979131138382,0.3641615477215225,117327.52,138714.47
676,-0.9354945537115701,-0.9501281120669809,Asia,-0.6425921574396819,-0.7933903573777412,-0.3576794986780639,-0.10376628825707933,66366.29,66601.04
1860,0.4504233036389041,-0.2622765817520228,Asia,-1.8151731968770612,-0.4183641240680379,-1.6603117911372343,-1.6731915229233283,24084.93,27214.92
2781,1.4898616966517597,-1.1311416726761803,Asia,-0.35051434443624657,-0.7084719137053707,0.04434567900670779,-0.5570387129496095,87879.52,76867.87
2863,1.5591575895192835,0.6789939334158146,South America,0.02917937810740186,-1.1302090641501512,0.32155971623956103,-0.6066356379481133,90586.09,91336.27
2587,1.2819740180491885,-1.7103850666256188,Europe,-0.6451684016108767,0.8476952171256632,-0.019796472537128983,-0.6529279289105361,64458.12,67872.836
1399,-0.10394383930128556,-0.6605064150922617,South America,-0.2660923108537793,0.7102822444714988,-0.15083849277379205,-0.42325556541966947,82241.47,79540.46
1370,-0.17323973216880928,-1.0225335363106607,Asia,0.8197675309071903,1.6232718509693882,1.4120728677708794,-0.2718389621891767,116776.67,117199.586
104,-1.628453482386807,1.258237327365253,North America,0.187063354369031,-1.1745395917350876,0.5091775099933528,0.18097516429348043,98042.67,96868.21
2087,0.6583109822414752,1.0772237667560534,Europe,2.164723130556618,0.5708935834792944,1.0878889474159399,1.5411279674896121,148197.78,164331.84
599,-1.0740863394466176,0.7876020697813343,South America,2.0907663576498074,1.1340359032613032,2.1681828569393184,1.1249192930834515,143232.82,160336.39
1756,0.3118315179038567,1.4030481758526125,South America,-0.41152135126617806,-1.3043052276522245,-0.4241623198089072,-0.5551411557321375,73490.36,76101.75
1323,-0.17323973216880928,-1.1311416726761803,Asia,-1.104384106325971,1.352859131559017,-1.130418175372248,-1.3989700703736527,46081.46,50571.484
