,Store ID,Employee Number,Area,Marketing Spend,Electronics Sales,Home Sales,Clothes Sales,Actual,Predicted
1801,0.3811274107713804,0.24456138795373578,South America,-0.1003202879365726,-1.077724334171192,-0.802268184984725,-0.8871877880232627,160888.51,161357.8
1190,-0.3811274107713804,-1.7465877787474586,Europe,1.1209536741657957,0.2669107182261855,1.2731254249789816,0.7193244311622065,331637.6,317741.9
1817,0.3811274107713804,0.35316952431925547,South America,-1.1029214726241117,-0.20156653417181614,0.37421967371375725,0.585197172506992,299280.03,282780.28
251,-1.420565803784236,0.24456138795373578,South America,-0.04576959688868442,1.443927338972562,1.7963845752608985,1.6067761786435544,384027.41,409499.72
2505,1.1433822323141412,0.2807641000755757,Asia,1.410227569374735,0.5457795434223692,1.1620068820283322,0.38001796131214005,303901.35,310499.53
1117,-0.4504233036389041,-0.5881009908485819,Europe,-1.2836887915533313,-0.5513925726312295,-0.8530045978600524,-0.8346102152180109,195599.44,180183.67
1411,-0.10394383930128556,-0.551898278726742,South America,-0.734673693045628,-0.14366945306700696,0.13134963290476334,-0.013865056345090493,240809.35,249316.2
2113,0.7276068751089989,-1.3121552332853799,South America,-0.5400287380276643,-0.7542105280462813,-0.7929186631167284,-0.8538844680940969,164977.69,173430.75
408,-1.2819740180491885,1.4754536000962923,North America,1.4601749299207096,-1.1495586087060774,-1.2911251712030198,-1.3754006239187435,129769.11,137962.72
2579,1.212678125181665,0.2807641000755757,South America,0.7732768455355651,1.4967268217110574,2.19478457982645,2.1756136789539764,479701.68,449191.4
2254,0.8661986608440464,0.24456138795373578,Asia,1.3655588188747858,0.41800452714951747,1.7810902879267323,1.1183079496245996,370558.27,352289.62
52,-1.697749375254331,0.24456138795373578,Asia,1.4015597324631,0.2306602976755141,-0.5766698482333806,0.002569292951791416,272239.41,255766.5
644,-1.0047904465790938,1.620264448583652,Asia,1.5040319454246285,-0.2077059630734039,-0.30485192842807185,0.610568015997975,306446.75,279338.62
1763,0.3118315179038567,1.1858319031215732,South America,-0.2732466666670674,1.441816479147971,1.2543745321607278,2.2404116145187936,407672.34,436695.72
2776,1.4898616966517597,-1.0949389605543405,Asia,0.47018712739131524,-0.8345966427108584,-0.7808682212394411,-0.836485740772213,159787.13,173393.3
900,-0.6583109822414752,-1.7465877787474586,Asia,1.4542688580530403,-1.275195566400296,-1.1644125697874288,-1.4010146854729901,118539.37,131610.55
1073,-0.5197191965064278,-0.7691145514577814,Asia,1.5134112167437037,2.058134332974935,1.0421961682181253,1.0688621987026552,355265.08,392113.1
472,-1.212678125181665,1.1134264788778934,South America,-0.6652738497427698,0.08060240651483842,-0.9259514888700362,-0.31110556060605127,229037.47,227933.6
2738,1.420565803784236,-1.5655742181382593,Europe,0.6951963361760196,0.10563984507292172,-0.16210782916386418,0.3355223633588119,273236.41,274616.34
2546,1.212678125181665,0.534183084928455,South America,1.04932039333794,0.0011670656872202266,1.0605024700551502,0.285179055672553,281161.06,287617.9
44,-1.697749375254331,0.24456138795373578,Asia,0.2320000540661688,0.9684773509186891,0.13327579651244847,0.5808203799319838,348760.6,317686.25
289,-1.420565803784236,0.35316952431925547,South America,0.029746249746333962,-0.42631811670539416,0.00935648990787901,-0.19971678416805536,215759.87,228864.92
912,-0.6583109822414752,-1.7465877787474586,Asia,0.7308322022733031,-1.2283675898210396,-1.218981642984855,-1.4758406235367763,121570.65,125451.2
2083,0.6583109822414752,1.0410210546342136,Europe,1.2303617894569112,-0.36565937660318387,-0.3195991185494114,-0.25488368082493407,221049.21,227280.48
1360,-0.17323973216880928,-0.9863308241888208,Asia,1.3896099669899284,-0.22336337915044824,0.19482304102249398,-0.4202597887841198,250441.67,227647.42
2895,1.628453482386807,-0.551898278726742,Europe,-1.6858661609371552,-0.7688284786970988,-0.788782655865078,-0.8178612963422162,190158.26,183839.45
2603,1.2819740180491885,-1.7103850666256188,Europe,1.4128132252457113,0.6088199483350701,0.3376243530671279,1.2334313549967628,334261.67,346796.16
1226,-0.3118315179038567,0.6065885091721348,South America,-1.112696114867978,-0.35908673856112433,-0.7183620666907926,-0.3731086120003475,200015.47,212141.52
296,-1.420565803784236,0.5703857970502949,South America,0.6787820282246808,2.0957096087768585,1.669355515653574,1.8055071381820964,385502.55,441771.72
1241,-0.3118315179038567,0.46177766068477516,South America,-1.5742071138323348,0.7414994124020505,-0.3079545298332729,0.8659985140751736,303578.6,319135.9
1005,-0.5890150893739515,1.4030481758526125,North America,1.407998796993393,0.9890668077287459,-0.11703250171842591,-0.004696386584195571,301858.81,286297.8
1665,0.17323973216880928,1.0772237667560534,South America,0.6562190609355943,1.1366732633620396,1.050406202209298,0.14203743906608088,306155.93,312141.6
746,-0.8661986608440464,-1.7103850666256188,Europe,-1.3099010674668132,-0.1595823009211448,-0.08890050080964834,0.2964135216960474,262332.46,266741.34
2851,1.5591575895192835,0.8600074940250141,South America,1.7592024742270662,-0.5092218899506736,-0.7132450986414162,-0.4833611438657271,194972.74,214565.45
291,-1.420565803784236,0.35316952431925547,South America,0.07103626995389796,-0.05522225840002407,-0.2645562520140798,-0.44468579097462363,233620.29,224209.73
781,-0.7969027679765226,-1.0225335363106607,Asia,-1.1755927479152823,-0.9888663988996856,-1.231656061748667,-1.1483804872709875,134056.16,147614.83
2144,0.7276068751089989,-1.2397498090417,South America,1.0837328255116085,0.5428795255457088,0.6829940698421361,0.5295441228645208,378689.08,309548.53
322,-1.3512699109167123,-1.0225335363106607,South America,-1.2994686399675432,1.2371616223729576,1.2164329232746924,1.503664744302711,364429.95,393971.94
298,-1.420565803784236,0.20835867583189588,South America,1.4245367312515989,1.2538994990997137,3.3166872742330114,1.4773091366393982,457443.89,420669.94
1298,-0.24253562503633297,0.17215596371005598,North America,-1.4067319554631128,0.05183164332581216,-0.014732474517440865,-0.5009379668357984,221962.17,227133.95
194,-1.4898616966517597,0.896210206146854,South America,-0.6765576659591408,-0.6654712424119742,-0.8090103535780857,-0.027039604055993257,220543.27,221477.14
63,-1.628453482386807,1.5116563122181321,North America,0.28570868668426713,-1.1317016412151737,-0.9239919511404356,-1.1715012097506114,132381.15,148899.19
393,-1.2819740180491885,1.222034615243413,North America,1.5421123467973135,0.20639388466680508,-0.10726461139356218,-0.2990032676164294,226253.78,247323.11
727,-0.8661986608440464,-1.7103850666256188,Europe,-0.5534130351748554,-0.900682125521779,-0.9771432201229229,-0.6669236772282867,166676.67,180003.23
1583,0.10394383930128556,-0.9501281120669809,South America,-1.0936133447457805,1.3834530773760298,1.6356452686532332,1.1167843682527456,394004.43,379812.5
1547,0.03464794643376185,0.42557494856293526,Asia,-1.6104109611696564,2.711006523865132,1.486667956154874,2.381260922114574,523623.33,487132.94
2425,1.0740863394466176,0.17215596371005598,South America,-0.6934373219901006,-0.8160419680510423,-0.5178098165039827,-0.7104319627408686,169251.71,183545.88
14,-1.697749375254331,-0.08126302114282331,Asia,1.7334158926721344,-0.2838605034677696,-0.608212565208613,-0.24264548018645693,233607.31,226553.61
2567,1.212678125181665,0.6789939334158146,South America,-1.4009646716191901,1.7310137355531046,1.7793411263584908,3.1228735693006087,550375.87,500908.5
1600,0.10394383930128556,-0.9863308241888208,South America,1.0013557188454882,-0.6197824600237669,-0.43936334697552165,-0.680501134489858,216407.78,192483.53
1090,-0.4504233036389041,-0.5156955666049021,Europe,1.2236719734551433,0.3331306180679534,0.4526190618916592,0.5572678675263095,252341.76,301147.66
2111,0.7276068751089989,-1.27595252116354,South America,1.4156076462952643,1.102165928179125,0.11831107863219681,1.1484075298729388,366065.06,354214.1
203,-1.4898616966517597,0.896210206146854,South America,-1.626836931980134,0.7262744170957957,1.351290002370551,2.466774581056147,429559.06,431495.78
2418,1.0740863394466176,-0.008857596899143517,South America,-0.3583213926518922,-0.5192294546988927,-0.8637892069704083,-0.752870258659651,202767.25,186007.56
152,-1.5591575895192835,-1.3121552332853799,Asia,0.47118430184764565,1.1508552455784968,1.9524205145443514,0.9809557157184248,359011.76,371264.22
2901,1.628453482386807,-0.2622765817520228,Europe,0.09220669186186345,-0.3910425152669937,-0.9325553932440335,-0.5384105370345332,197649.38,201656.05
1359,-0.17323973216880928,-1.0949389605543405,Asia,0.06338660064504242,-0.10304515751845296,-0.21279239295693025,-0.28164276432078605,215429.17,232787.98
772,-0.8661986608440464,-1.7103850666256188,Europe,0.7114613595303878,-0.6322686590534102,0.02759425560168463,-0.6706447153975684,227590.09,199416.72
2678,1.3512699109167123,-0.045060309020983416,Asia,0.872658400825426,-0.7170570300244357,0.03815060955679837,-0.15186709869735432,226470.86,224603.98
1001,-0.5890150893739515,1.584061736461812,North America,-1.6953958831391158,1.329358697434214,0.3612860095386386,1.6605579498458503,359369.63,391650.34
718,-0.9354945537115701,-0.913925399945141,Asia,-0.6236899254849189,0.8381618133443458,1.3910910266204406,1.1620365187847008,428681.0,361911.4
612,-1.0047904465790938,1.3306427516089328,Asia,0.27180772487724614,-1.4547471557487464,-1.3688821075340514,-1.3499997674886384,124821.99,122841.2
842,-0.7276068751089989,-0.08126302114282331,Europe,-1.105526955355623,-1.0845547690993917,-0.8775482846964684,-0.8384906617337625,189571.33,161615.38
266,-1.420565803784236,0.24456138795373578,South America,0.7356011453749817,-0.21645962584178646,-0.36740516432727954,-0.3589943195257983,217537.41,222916.52
51,-1.697749375254331,0.13595325158821608,Asia,-0.9981586741278082,-0.6888333953949858,-0.3900101722602924,-0.9156009808620567,186776.55,181807.83
1195,-0.3811274107713804,-1.7465877787474586,Europe,0.15897072899945044,0.46450335938637716,1.4546544256740501,0.5190132620647875,290636.04,316820.6
1270,-0.24253562503633297,0.42557494856293526,North America,0.6603395490691796,0.6575750946029213,0.01680666665901478,0.5381408479364834,268477.79,304842.4
1491,-0.03464794643376185,1.1134264788778934,Asia,1.2536490202984907,-1.1287665408876473,-0.8784654770826773,-0.9006488743605017,185524.88,159410.92
1582,0.10394383930128556,-0.9863308241888208,South America,0.19840985346175558,1.252838747692062,-0.11591089283548509,0.42073023009046073,298387.22,315690.9
521,-1.1433822323141412,0.9324129182686939,North America,-0.7683700256682006,1.8523087472215776,2.067490315143192,1.1317528969285369,387344.9,402709.5
1694,0.24253562503633297,0.06354782734453628,South America,1.6124498839748964,-0.02933062129107468,-0.323874581953351,-0.3754433921513063,219826.3,230855.02
2663,1.3512699109167123,-0.045060309020983416,Asia,0.05265560395183009,2.1133497746051058,3.272250226869203,2.838960225714578,492033.35,516664.1
2748,1.420565803784236,-1.601776930260099,Europe,-0.09622079294943633,-1.1540692658438538,-1.1386304646413687,-1.3232446479658782,126597.43,132480.61
1921,0.5197191965064278,1.7288725849491715,South America,-0.40180986180703865,-1.3201283022630943,-1.2527753252899843,-1.251446335921277,137863.05,132593.83
102,-1.628453482386807,1.8012780091928513,North America,-0.677613154711163,-0.5586305946852235,-0.45996590759361417,-0.47478480494109276,195410.6,211580.61
695,-0.9354945537115701,-0.9863308241888208,Asia,-1.5335398903027595,1.8596260004286513,1.234595001227726,2.2607966292833357,474382.69,452231.3
2332,0.9354945537115701,-0.15366844538650312,South America,-0.17392225938698483,0.28865592499062165,-0.1371356424407139,-0.4989636250952413,244573.45,234925.3
2724,1.420565803784236,-1.5655742181382593,Europe,-1.6094930941554668,-1.0487675157371223,-0.9198386608613647,-1.004373591966804,133641.45,162001.02
2272,0.8661986608440464,0.35316952431925547,Asia,-0.17331229185404823,-0.07577702694405587,-0.30993373445614486,-0.6883313970504645,204194.44,211064.42
2482,1.1433822323141412,0.09975053946637617,Asia,-1.6392788701089445,0.23788294652070124,0.641467126716053,0.6526642776671382,307716.33,305523.94
1842,0.3811274107713804,0.35316952431925547,South America,0.9863327899893564,-0.5257035465306535,-0.288923532777515,-0.30423939292951163,194884.29,217917.89
1830,0.3811274107713804,0.534183084928455,South America,-1.0850609701396152,-0.30719269840285,-0.6633859483992919,-0.09237607367939872,238874.85,230361.98
794,-0.7969027679765226,-1.0225335363106607,Asia,1.290784730080968,0.3741956122689614,0.4725648674677749,0.07393581507034186,259600.31,276626.53
1820,0.3811274107713804,0.42557494856293526,South America,-1.4239941532738112,-0.3774707311847039,-0.4310204124631502,-0.14795465725593496,240592.65,228407.86
2001,0.5890150893739515,0.13595325158821608,North America,-1.4671350692266343,-0.1186422633147945,0.40291009519815363,-0.6243497568015842,231306.32,221894.7
144,-1.5591575895192835,-1.2397498090417,Asia,1.1339950832543186,-1.529589060621938,-1.4672815342361816,-1.3900155095665763,106175.16,126217.53
2525,1.212678125181665,0.31696681219741557,South America,0.016309469733020387,-0.7128632974989784,-0.665899734939272,-0.2512478680771218,235171.2,209619.14
1330,-0.17323973216880928,-1.0587362484325005,Asia,0.9093485893888177,0.6043057435337233,-0.24098220261259695,0.805007691523914,319327.34,314535.16
2477,1.1433822323141412,0.13595325158821608,Asia,-0.9307298540193341,-0.08037558730141833,0.6424176932241775,-0.007575080471510105,259725.24,258858.7
2881,1.628453482386807,-0.2622765817520228,Europe,-1.2197553303286264,-0.8679021083129741,-0.6112865602236005,-1.0032107321462866,150263.36,169811.48
321,-1.3512699109167123,-1.0587362484325005,South America,-0.43093085478962934,0.2288703043116546,0.1895225153025831,0.3684655280185111,271614.82,285372.53
1261,-0.24253562503633297,0.5703857970502949,North America,1.3824932903436962,-1.1310878954174355,-1.2770913529376209,-1.3019179064511432,144533.48,132541.77
2414,1.0740863394466176,0.027345115222696382,South America,-0.2385100070093526,-0.7549567199506605,-0.12093667801605719,-1.0142931514876243,187028.96,173650.86
1269,-0.24253562503633297,0.35316952431925547,North America,0.04423385336801472,-0.5015025682055828,-0.5770095491171618,-1.0504913043374062,183991.7,173921.45
1760,0.3118315179038567,1.584061736461812,South America,-0.5887503320781963,0.9808015399786022,0.19805615908304222,0.3714336944413221,318001.96,308344.38
416,-1.2819740180491885,1.1134264788778934,North America,-0.6369062774605173,2.058478062156456,1.9133131952571307,2.217258047690697,404800.81,465446.97
2631,1.2819740180491885,-1.7103850666256188,Europe,0.738105161231989,-0.5387486996651092,-1.1677332949180048,-1.0093005273787408,181432.86,169160.36
2291,0.9354945537115701,-0.18987115750834302,South America,1.7288650450363432,1.1329139225315772,0.2810009834725202,1.155839129996903,347608.58,360859.47
174,-1.5591575895192835,-1.3121552332853799,Asia,-1.0205968488241142,1.0732327608355268,-0.16486000228895392,0.7292909920782558,299456.74,327834.5
1725,0.24253562503633297,0.09975053946637617,South America,1.1692892275788476,0.45775728001419275,1.3265812328239466,0.47172362936374396,297611.95,311658.72
2175,0.7969027679765226,0.6427912212939747,South America,0.303667157185526,-0.6909481970679883,-0.3341865896587271,-0.7491146772962851,193348.1,187727.8
45,-1.697749375254331,0.06354782734453628,Asia,-1.6797524901768228,-0.28599895623124394,0.1154653387724516,-0.14436839417176778,235000.86,244725.27
685,-0.9354945537115701,-1.0225335363106607,Asia,-0.3532048963478903,-0.4305276166244989,-0.26976559486518636,-0.8588249942709191,174337.4,191179.36
1607,0.10394383930128556,-1.0225335363106607,South America,-0.3068345346996533,2.6520053310201397,3.689477407960245,2.3863704834296597,508552.96,515010.12
1231,-0.3118315179038567,0.534183084928455,South America,-0.41144921488489966,-0.14425797103490878,-0.7730288783881136,-0.4516043397241597,194406.27,214783.89
862,-0.7276068751089989,0.06354782734453628,Europe,-0.4003939907076406,0.25030607597575366,1.1668288466786352,-0.0017078340140562706,293689.18,275795.72
1965,0.5197191965064278,1.3306427516089328,South America,1.3830915950174947,0.7538519827705296,-0.398926426509852,-0.007737603368266285,267091.3,277643.22
331,-1.3512699109167123,-1.1311416726761803,South America,0.9753078892458573,-0.32503232176074126,-0.5223874349045486,-0.6227321726392723,217185.54,204715.89
93,-1.628453482386807,1.2944400394870927,North America,1.3615992781973103,0.6056924858050415,0.46715468391871384,0.5409937759987029,302848.47,313752.78
1641,0.17323973216880928,1.7288725849491715,South America,0.27118609448517134,-0.5106326774973049,-0.7255065126465255,0.04667585526027131,236612.66,231288.77
2986,1.697749375254331,-1.1673443847980203,Asia,-0.4253490104060066,0.6395667601329995,1.8001254567477292,1.8436300831087902,411738.16,397818.97
506,-1.1433822323141412,0.8600074940250141,North America,1.6730244417677518,0.0948115874853382,0.707210571090489,0.06170978949207447,264331.63,272830.03
2909,1.628453482386807,-0.4794928544830622,Europe,-1.1114831775175875,0.25717474683354924,0.9675847428776141,0.9853435507899024,330024.76,330144.28
2045,0.6583109822414752,0.8238047819031742,Europe,-1.3544205333697914,-0.1391757458774018,0.6411697394511289,0.028284152678939016,237760.27,259409.45
495,-1.1433822323141412,0.6789939334158146,North America,-0.009198369488504185,-0.9195182481582072,-1.2812011376649093,-0.956629234923966,150717.95,156212.92
2132,0.7276068751089989,-1.2397498090417,South America,1.0205691129900354,0.5185539848108214,0.927473220100619,0.6169347230649718,352150.29,316448.97
0,-1.697749375254331,0.027345115222696382,Asia,0.13806038885027072,-1.585389078371598,-1.6254373262277213,-1.7367963338218098,86586.23,106933.125
314,-1.3512699109167123,-1.1311416726761803,South America,0.6878090811977774,-0.6439798906852671,-0.28949029688361305,-0.6522377232057397,197982.95,196382.17
1272,-0.24253562503633297,0.5703857970502949,North America,0.3063962662239038,-1.2318171013663233,-0.8570345230813292,-1.3039811544453264,119235.43,133407.6
1941,0.5197191965064278,1.258237327365253,South America,-0.024044022885732593,0.20845034698331116,0.7752198799563916,-0.10346245699382808,275717.37,265017.47
2967,1.697749375254331,-1.20354709691986,Asia,1.4555669342751403,-0.7670917002868006,-0.07995385227048693,-0.6797709140181963,174587.92,198175.86
1316,-0.24253562503633297,0.31696681219741557,North America,-0.6576521712958463,1.0980928162150732,0.802917421313807,0.11913218683807969,328608.43,305187.6
755,-0.8661986608440464,-1.7103850666256188,Europe,1.368303089630044,1.2358608123970194,0.45338666669571176,0.5695921430090619,385855.06,331143.03
1770,0.3118315179038567,1.1858319031215732,South America,-1.1604251996058348,-0.5410893692521157,-0.40988505782733786,-0.0712132707660957,210748.01,228615.17
1200,-0.3118315179038567,0.35316952431925547,South America,0.9353812572715686,-1.628538127827996,-1.6318511173000938,-1.5015124458417863,108634.0,100825.516
2174,0.7969027679765226,0.2807641000755757,South America,0.9522947355940298,-0.05656169849039949,-0.05881849763467462,0.0439670459340258,257613.75,255172.77
1991,0.5890150893739515,0.35316952431925547,North America,-0.604931382846768,1.0452755951587236,1.237071837847014,0.6043018239629442,350902.77,335459.47
879,-0.7276068751089989,0.20835867583189588,Europe,-1.480463384649961,-0.36613791700039267,-0.5568438319162824,-0.8670442924763736,194151.41,188065.45
765,-0.8661986608440464,-1.7103850666256188,Europe,0.4602515376913398,0.023740454803003283,-0.12714366872584706,-0.2649309369074913,221138.02,239842.4
927,-0.6583109822414752,-1.7465877787474586,Asia,1.3977121552333527,-0.7780799969199086,-0.7063444029689575,-0.8822645334434824,152229.91,174211.73
2377,1.0047904465790938,0.38937223644109537,South America,0.40613587128931267,0.17627225002700844,-0.6172223861928283,-0.4245522053604635,224260.8,229913.02
1374,-0.17323973216880928,-1.0225335363106607,Asia,0.056606980627909254,0.4445986016454738,0.02047126443861159,0.42566197889829466,257140.85,291477.22
1814,0.3811274107713804,0.13595325158821608,South America,-1.5761466473070451,-0.06708525119574064,0.5685899637822138,-0.4429722220353073,241287.73,235362.3
1798,0.3118315179038567,1.3306427516089328,South America,-0.13161057271889998,0.540476968938635,1.285037602636906,0.7628327166747886,352950.86,328527.66
929,-0.6583109822414752,-1.7465877787474586,Asia,0.08459434370225066,-0.13013866420820105,0.930914926423138,0.3323486366171072,299435.84,281096.38
436,-1.212678125181665,1.1496291909997332,South America,-1.104014282525377,-1.0046156600447282,-0.6173022456988398,-1.0269229360393657,162085.94,163236.86
196,-1.4898616966517597,0.6789939334158146,South America,0.09382199785252744,-0.3973912563192553,-0.6246534920171556,-0.5036283720012615,226551.89,205890.88
1762,0.3118315179038567,1.6926698728273317,South America,0.5627389123697478,0.4230749267617888,2.213522361382523,0.747020144871419,358180.39,338441.34
1064,-0.5197191965064278,-0.8053172635796213,Asia,1.2626702418420181,1.062497925055306,2.110753904541798,0.48304360394964324,387916.41,341427.22
2342,1.0047904465790938,0.2807641000755757,South America,-1.4047562671250735,-0.45284715070255355,-0.5350457625738656,-0.4426927619323489,226508.4,211454.8
2528,1.212678125181665,0.31696681219741557,South America,-1.207551314526238,-0.4837232551283941,-0.14326277364449186,-0.17994760093738815,235355.19,229294.67
1268,-0.24253562503633297,0.31696681219741557,North America,0.5197484472998097,0.1496600430283575,-0.561494158225307,-0.39738228436775974,246320.65,230739.27
2323,0.9354945537115701,0.027345115222696382,South America,0.9730954448673088,-0.6560305154653915,-0.5349325289459385,-0.8874216624356678,206386.26,179819.45
2779,1.4898616966517597,-1.1311416726761803,Asia,-1.0389915102571483,-0.5551168310108253,-0.5476611806578628,-0.8685735366669299,170811.63,184865.98
2225,0.8661986608440464,0.35316952431925547,Asia,1.165579272086933,0.0701462594173416,0.3208145230181284,-0.22885991433757585,266164.65,249559.9
450,-1.212678125181665,1.4392508879744523,South America,-0.47818642744646844,-0.7756987262942592,-0.2527561160511573,-0.7176962265721801,176932.51,189977.64
2164,0.7969027679765226,0.6427912212939747,South America,-1.471617105993509,-0.5440449671913842,-1.1729480014672762,-0.6150743429081508,173423.94,191608.8
2372,1.0047904465790938,0.6065885091721348,South America,-0.3112186034497659,0.7403286834237061,-0.18158341720085136,0.693471398658723,275016.86,313158.16
2012,0.5890150893739515,0.24456138795373578,North America,1.2057251658130232,0.6267999014964264,0.6606691661466271,0.659344138608372,281568.75,319386.16
270,-1.420565803784236,0.46177766068477516,South America,-0.730814452956742,0.009071654307672117,-0.17429117156235033,-0.36433237557552206,243578.99,232793.98
1840,0.3811274107713804,0.534183084928455,South America,1.5836437881890413,-0.5737381229088031,0.34693930888028357,0.052340939090053024,242406.52,246178.9
2934,1.628453482386807,-0.2984792938738627,Europe,1.2128651681775318,-0.33161442023898935,0.24446645140509404,-0.563388097766641,228651.82,221466.86
978,-0.5890150893739515,1.1496291909997332,North America,-1.265298795263953,-0.9840463066615723,-1.0660745276309647,-0.5468801318266291,171734.84,180679.45
2166,0.7969027679765226,0.35316952431925547,South America,-1.509591375348035,-0.8398456080561904,-0.46954308865039,-0.84238526529627,160560.05,178916.27
354,-1.3512699109167123,-1.0225335363106607,South America,-0.9009079232025273,0.48997164197588516,1.1180853456548236,0.22556996088465447,298732.24,300235.8
1876,0.4504233036389041,-0.18987115750834302,Asia,1.4624771783146233,-0.015719418724665278,-0.4248855336953561,-0.7024720216319796,211510.3,211946.23
184,-1.4898616966517597,0.8238047819031742,South America,-1.6865297776221284,-1.288872992020026,-1.344228762868485,-0.6788753392404275,156401.55,167424.58
2744,1.420565803784236,-1.5293715060164192,Europe,1.7664521074674757,0.7835352838669186,1.3936399751817246,0.7019441080011051,328269.25,340012.9
1614,0.10394383930128556,-0.9863308241888208,South America,-0.8023112783326788,-0.3459773332975543,0.29623924995918527,0.2893972893238967,235583.51,261887.95
2759,1.420565803784236,-1.5293715060164192,Europe,1.482834698940645,3.8663212981796033,4.301438418662033,3.1668943399057494,610706.64,607435.94
1706,0.24253562503633297,-0.18987115750834302,South America,-0.3879882074421588,-0.25669683187628883,-0.6224984772877653,-0.612896139694311,201091.29,204564.84
1861,0.4504233036389041,-0.22607386963018292,Asia,-0.14505085158995515,-1.0775138394659947,-1.3049933107917677,-1.1811172421889882,141481.95,139500.8
246,-1.420565803784236,0.46177766068477516,South America,1.7022399039093634,-0.8738235529973819,-0.646626775499628,-0.5357107882182112,199311.63,191595.95
555,-1.0740863394466176,0.7151966455376545,South America,-0.025387584258472626,-0.6339995246910904,-1.0397369817415991,-0.7668446795122534,169577.59,178609.75
1752,0.3118315179038567,1.5478590243399721,South America,-0.9034982442171589,-1.0788619516228763,-0.9887139089976774,-1.3225891767010869,127687.48,139901.95
1364,-0.17323973216880928,-1.0949389605543405,Asia,-0.26168644068911723,1.0068867218445776,-0.04038287107522766,1.210696270470766,337106.7,350885.06
67,-1.628453482386807,1.4754536000962923,North America,-0.12470499382307224,-0.22140861652297014,-0.306172590109579,-0.46541255684784966,220438.02,221962.5
2618,1.2819740180491885,-1.7103850666256188,Europe,1.094482482779442,0.5569574429640917,-0.08191100613423609,0.3558801965935831,301792.72,292058.16
2284,0.9354945537115701,0.06354782734453628,South America,-0.7135254305700255,-0.875802755085014,-0.25288484480711665,-0.9174368666853426,176746.6,173457.97
532,-1.1433822323141412,0.8600074940250141,North America,-1.2272405533236308,0.7298291759936778,0.2534363426363036,0.2987828450410898,277156.91,297565.72
2873,1.5591575895192835,0.7876020697813343,South America,1.4940835265796004,0.1409867939675784,0.09756667799596401,0.4158684170936007,316985.34,291655.62
2705,1.420565803784236,-1.601776930260099,Europe,1.5853792216288307,0.4188709454304605,-0.6625742420769939,0.09526935196751964,260771.15,268390.4
1502,0.03464794643376185,0.13595325158821608,Asia,0.6600456450188926,-0.8670605236770261,-0.2954022841943296,-0.1487780310952495,205073.44,214928.2
761,-0.8661986608440464,-1.7103850666256188,Europe,0.22389786582274449,1.589126113595846,-0.05753776570617371,0.7749907884286285,362821.43,346438.84
2752,1.420565803784236,-1.5655742181382593,Europe,-0.6097784671046735,0.14327582534038896,-0.4725974167721061,0.5717938469205163,278255.3,284559.78
1211,-0.3118315179038567,0.6427912212939747,South America,1.7370243812895458,0.43581419245947794,0.1963743417250943,0.4369329701024187,353896.79,296139.97
2243,0.8661986608440464,0.42557494856293526,Asia,1.720708041354969,2.6216826621113345,0.3518041831159065,0.904065963378585,420447.73,395607.16
1793,0.3118315179038567,1.7650752970710115,South America,0.7877586177276767,0.6089937838500366,0.7953557988341323,0.253551363797398,317778.07,300226.78
535,-1.1433822323141412,0.6427912212939747,North America,-0.18588252143338105,0.05921038936811214,0.771325835088627,0.26996561008788655,255962.71,279544.16
1746,0.3118315179038567,1.7650752970710115,South America,-0.4713753177096616,-0.7846565768103799,-0.6142491095100494,-0.6983027713624107,174937.79,185508.03
463,-1.212678125181665,1.584061736461812,South America,-1.3825245250355165,0.1800390803694534,0.4678877226679254,-0.17514666324157765,225043.07,261875.45
2677,1.3512699109167123,0.17215596371005598,Asia,-0.10643279241099121,-0.4568414256983667,-0.8630901383095745,-0.6038135447776904,206099.41,196688.89
1839,0.3811274107713804,0.31696681219741557,South America,-0.43813383659348537,-0.597156644324105,-0.337836884243217,-0.5812279586654344,182032.37,198869.55
2862,1.5591575895192835,0.9686156303905338,South America,-1.2824362004818708,-0.10764963064843337,-0.014752141410712074,-0.06084238459470214,257467.6,252511.8
124,-1.5591575895192835,-1.3121552332853799,Asia,0.17444734307606474,-1.0789112247280255,-0.826134257952967,-0.949427545239315,153361.79,163146.5
178,-1.5591575895192835,-1.27595252116354,Asia,-0.7791290132233449,0.7684005568892969,2.039969179858757,0.5562932964276437,367050.95,339605.44
192,-1.4898616966517597,0.6065885091721348,South America,1.2725731755364063,-1.2489381257587189,-1.083525617593909,-1.4558313367931317,100321.64,126974.47
2307,0.9354945537115701,-0.11746573326466321,South America,-1.4291351415820037,-0.5012605387130901,-0.3180800000358005,-0.731006681931938,176304.83,197271.22
1429,-0.10394383930128556,-0.6967091272141016,South America,0.8980752697456713,0.4006852277820017,-0.12191823478024581,-0.10057243746910911,236145.96,260503.3
1691,0.24253562503633297,-0.08126302114282331,South America,0.10960651141039439,1.1705262517085726,0.039968903234721125,0.3761165623671897,336738.6,312654.97
741,-0.8661986608440464,-1.7103850666256188,Europe,1.0028648928179928,-0.6058535444753557,-0.5500372989449421,-0.45661678369850117,216710.68,203501.31
1034,-0.5197191965064278,-0.8053172635796213,Asia,-1.663822190879726,-0.16977079651147153,-0.41351032182039144,-0.27599155439682516,239813.11,229018.83
1966,0.5197191965064278,1.258237327365253,South America,0.6887456087865886,1.4392724101829089,1.9556262181476116,1.1523060974085377,438958.42,389308.06
478,-1.212678125181665,1.5116563122181321,South America,1.327407274061357,2.4490273365595634,1.432940983569347,1.8825860286665927,444935.42,457607.75
1027,-0.5197191965064278,-0.8415199757014612,Asia,-0.4121478201472879,-1.0722715752629632,-1.3859678700553153,-0.990031654180422,150009.55,148182.12
2601,1.2819740180491885,-1.7103850666256188,Europe,1.1831482030929703,0.012568468033899037,-0.4246256923175867,-0.12536539031152222,224066.62,244574.83
368,-1.2819740180491885,1.3668454637307725,North America,0.48557510373847773,-0.15917156031662102,0.30912166101850536,0.09774145547200896,265877.23,260126.98
2523,1.212678125181665,0.6427912212939747,South America,-1.1805016453266215,-0.4461073782878281,-1.0815303218765417,-0.9303611178096036,179098.93,180667.67
845,-0.7276068751089989,0.09975053946637617,Europe,0.27648919653538695,0.696651426280109,0.3618217833886726,0.10420641244349066,257009.1,286518.28
256,-1.420565803784236,0.24456138795373578,South America,0.0429999228711754,-0.49026948278609345,0.39856847951684615,-0.5782844255039783,233302.24,211832.36
1222,-0.3118315179038567,0.534183084928455,South America,1.759052023344181,0.15132271468851172,-0.1935516157062761,-0.1665618300888898,264961.0,249495.8
1992,0.5890150893739515,0.534183084928455,North America,1.680710265939936,-1.2920824449970225,-1.2352652346472253,-1.129742452076105,122229.51,140094.19
211,-1.4898616966517597,0.7876020697813343,South America,-0.3556809213429658,-0.9522785561249522,-0.9417189735756443,-0.8509899183144157,178581.94,166131.73
2689,1.3512699109167123,0.17215596371005598,Asia,0.9175720713672807,-0.18943352475988243,-0.23865018584376255,-0.34661030130573667,227166.93,227823.6
1949,0.5197191965064278,1.8374807213146913,South America,-0.9634033538954718,0.35072348171525747,0.44343581466677645,0.5677791916015203,286450.22,302753.22
1362,-0.17323973216880928,-1.0949389605543405,Asia,-1.5807604743821837,0.018572297350116142,-0.24477314528230154,0.08146141798476467,258170.96,256280.16
2151,0.7276068751089989,-1.3121552332853799,South America,1.656508666941909,-0.46995201351646027,-1.1822051485335425,-0.9045097841517303,171177.97,178052.48
2153,0.7276068751089989,-1.27595252116354,South America,1.2341148975276381,0.9012779017465564,0.17657812373113493,0.5045014397173361,353182.86,313631.25
567,-1.0740863394466176,0.7151966455376545,South America,1.248765781177256,-1.2794373894763786,-0.823733705040914,-0.8645498208380101,155855.41,156627.3
2206,0.7969027679765226,0.42557494856293526,South America,1.6477125385797518,0.14491445172522976,1.0394839248460415,0.7780858019903709,357552.04,319084.03
2093,0.6583109822414752,1.0048183425123736,Europe,0.5566753919037102,0.36412773724004033,1.0141523703458382,0.9522675930316339,306290.07,330548.16
1710,0.24253562503633297,-0.15366844538650312,South America,0.7943388028535437,-0.6220915948234781,-0.24724044643818543,-0.5926306104043872,190437.34,199508.11
1263,-0.24253562503633297,0.17215596371005598,North America,-1.5241734481287363,-1.1772930599476064,-1.4273577408949603,-1.4481706756526591,136029.32,121240.86
2123,0.7276068751089989,-1.27595252116354,South America,-1.185684619927712,1.6968197773189393,0.37615358488545825,0.9292578617985755,382329.28,364417.78
798,-0.7969027679765226,-1.0225335363106607,Asia,-1.3673231544345676,-0.6259479051248735,-0.42155110133613627,-0.5738957410096952,173038.72,199176.05
80,-1.628453482386807,1.222034615243413,North America,0.8325230036725604,0.7707972007237525,1.08165451175192,0.8147151784843328,342630.14,340593.72
32,-1.697749375254331,0.20835867583189588,Asia,1.1449290136965387,-0.24662777429284363,0.2594073306268351,0.0542504415564689,262549.98,253678.31
414,-1.2819740180491885,0.9324129182686939,North America,0.5891961083251352,0.2166785613583831,-0.8158067551195589,0.2976298951533014,260305.95,266784.94
1804,0.3811274107713804,0.20835867583189588,South America,0.49370994798748935,-0.4723589061567873,-0.549452655844961,-0.6532799649878985,214901.77,197186.8
2213,0.7969027679765226,0.46177766068477516,South America,0.031410539745379114,1.9867119815990972,0.3723680059139189,1.9571650678349581,389533.81,428560.28
1321,-0.17323973216880928,-1.1311416726761803,Asia,-0.4573390667366358,-0.9506182495738457,-1.197761065144866,-0.31780042801684666,181493.51,190713.53
1567,0.10394383930128556,-1.0949389605543405,South America,-1.1364650217919716,-0.9612655763193215,-0.35201194656029355,-0.5429464548150761,187237.74,189857.81
783,-0.7969027679765226,-0.9501281120669809,Asia,-1.725898924929603,-0.9387398835693225,-0.6715614163356237,-1.162760365942675,147766.77,157416.61
2991,1.697749375254331,-1.1311416726761803,Asia,1.394544522691372,-0.5015281902202602,-0.4861294312758495,-0.7545606100422876,204197.02,196924.7
1412,-0.10394383930128556,-0.7329118393359415,South America,-0.32903711964136423,-0.15798979416272327,-0.11205022208963605,0.15439569146104695,272521.07,255208.98
457,-1.212678125181665,1.3306427516089328,South America,0.08635893428988563,-0.5187564328894606,-0.9053179379958793,-0.4342704516764172,183253.74,202658.39
139,-1.5591575895192835,-1.27595252116354,Asia,-1.0276038945944457,-0.7566304287863678,-0.3329809495045356,-0.07535873719711506,218114.56,225646.83
2230,0.8661986608440464,0.31696681219741557,Asia,1.0854449332331209,0.705481166722842,1.1605479561274616,0.3804514500838011,349955.35,313228.34
1025,-0.5197191965064278,-0.7691145514577814,Asia,0.172030798662595,-0.5263192632525978,0.09323400181159819,-0.06741295313498163,256537.49,234368.64
88,-1.628453482386807,1.2944400394870927,North America,0.12003310748009548,-0.6458865627621198,-0.9254550488065456,-0.3956630526097412,248182.58,201812.25
1442,-0.03464794643376185,0.9686156303905338,Asia,-0.8460038475227465,-0.326953184491877,-0.11310448676228316,-0.5783118901746844,218188.2,210327.7
1831,0.3811274107713804,0.17215596371005598,South America,0.5839198308509379,-0.6238334976367119,-0.5634536959549074,-0.3233100674732501,196163.42,209939.11
2576,1.212678125181665,0.534183084928455,South America,1.0125287379000447,1.0734136916776345,1.8770486359973408,0.6736249179527695,320546.66,353776.53
254,-1.420565803784236,0.24456138795373578,South America,0.9242082382170123,-0.47302310761419814,-0.402278737862955,0.08365830850032215,224825.06,238225.81
605,-1.0047904465790938,1.3668454637307725,Asia,1.0647655176948805,-0.46895787934697036,0.12878638114837326,0.024548674321966526,229978.17,243781.89
1044,-0.5197191965064278,-0.7691145514577814,Asia,-0.7129504516145039,-1.1688890391333622,-1.2832435147328354,-1.1796553855409893,124538.4,136311.4
568,-1.0740863394466176,1.1496291909997332,South America,0.6166189890171798,-0.3738777363572257,-0.05058343305206534,-0.02063722123117217,253895.97,241183.64
1732,0.24253562503633297,-0.18987115750834302,South America,-0.43156648061267044,0.05842004876151919,-0.5599571607178132,0.2399713582674103,259673.06,261398.88
2542,1.212678125181665,0.46177766068477516,South America,1.2441589518176004,0.3665200450412428,0.2395401926238055,0.3568213570619052,339893.89,293213.03
857,-0.7276068751089989,0.09975053946637617,Europe,-1.034968990140325,-0.3336129373838399,0.5401325651847618,0.16753399713225503,289389.78,258111.02
2472,1.1433822323141412,0.20835867583189588,Asia,-0.34283544828796725,-1.5422372696213116,-1.712418035503104,-1.7328349089986155,90301.5,95001.375
817,-0.7969027679765226,-1.0587362484325005,Asia,-0.9349261507373189,-0.8507645281572485,-1.047949399598623,-0.7950087083281464,187906.95,171712.55
2030,0.5890150893739515,0.46177766068477516,North America,0.08561251130503013,-0.21155517804765783,-0.8051020055152146,-0.3235258208658076,228982.43,220064.88
1877,0.4504233036389041,-0.18987115750834302,Asia,-1.4825265444315383,-0.29693995068340884,1.1852030886924165,0.30358378273690034,304127.42,274477.1
141,-1.5591575895192835,-1.27595252116354,Asia,-1.2837914247137492,-0.4200726520815253,-0.6915096057775906,-0.3003428073804586,258995.42,220450.25
443,-1.212678125181665,1.3306427516089328,South America,1.336504304189284,0.38430172322747885,1.8908446636440925,0.6336442853507855,347172.45,329708.47
1174,-0.3811274107713804,-1.7465877787474586,Europe,-0.41683045809134256,-0.18787807137653287,-0.01603168140628763,-0.0677544211027303,285651.09,245459.84
486,-1.1433822323141412,0.9686156303905338,North America,-1.5629979399144494,-0.48167507069355303,-0.8712131611971823,-0.6609080649208324,201926.37,195413.62
881,-0.7276068751089989,0.24456138795373578,Europe,0.022451131355284915,0.19939079677816238,0.9132957739176915,0.7420326172993678,333215.4,311398.4
2564,1.212678125181665,0.534183084928455,South America,1.4628993738154326,1.1508248933457248,0.5012141672662402,0.28152823645517966,321571.03,319925.47
1084,-0.4504233036389041,-0.2984792938738627,Europe,-1.5359704301471955,-0.7634352416998902,-0.6169565851504311,-0.6574628060223529,193468.09,185678.27
1299,-0.24253562503633297,0.35316952431925547,North America,1.1224290258467995,-0.7861418652919968,-0.28064317474373474,-0.8911662013025641,169066.28,177888.02
175,-1.5591575895192835,-1.2397498090417,Asia,-1.5342303315637509,0.045357551494051275,1.0817045729347932,0.5320077321409566,284055.24,303874.34
1094,-0.4504233036389041,-0.4070874302393824,Europe,0.7455087442130253,0.356475426917952,-0.6295261138167946,0.1465008727672343,253504.66,265949.28
2700,1.420565803784236,-1.5293715060164192,Europe,-1.1907276402191422,-1.5624108614239092,-1.3759413302856078,-1.418959308517776,99098.62,121152.47
2846,1.5591575895192835,0.7151966455376545,South America,0.6685921881954889,-0.446793654096346,-0.18865575121458872,-0.24139512981698882,231019.56,228514.17
1963,0.5197191965064278,1.5116563122181321,South America,1.703093625198292,-0.38568081305708074,-0.6769245185341256,0.09770351458670365,225112.25,244510.39
2681,1.3512699109167123,-0.045060309020983416,Asia,-0.35902349677202205,1.622748897995122,1.5525687356754823,1.6851807349862595,388612.95,416967.4
2097,0.6583109822414752,1.0410210546342136,Europe,0.5988727825522393,1.0912883974863923,0.8739780784691116,0.6661817090504653,294688.94,336988.22
2155,0.7276068751089989,-1.2397498090417,South America,0.30544107806047166,0.5045482032183769,-0.33236829598080414,0.05397352972192643,236602.98,269428.62
1556,0.03464794643376185,0.06354782734453628,Asia,-1.2594895251271319,0.804760166640979,2.3933236553020096,2.7325946526064575,432367.6,455868.44
1670,0.17323973216880928,1.3668454637307725,South America,0.2753007511891874,-0.7053339728473428,-0.9097304736862571,-0.5553010263778855,232777.22,190268.36
177,-1.5591575895192835,-1.3121552332853799,Asia,1.4974844163043484,0.650906275459611,-0.5631402175954884,-0.205990337867399,283062.65,258767.72
1078,-0.5197191965064278,-0.6605064150922617,Asia,-1.1545389545987006,2.956326277227342,0.3527535576911053,2.449572070402298,459159.47,484642.97
598,-1.0740863394466176,0.8600074940250141,South America,-0.4490584367483946,1.0537710668561246,1.1779156107856175,2.2387659994039053,442673.5,422574.44
2190,0.7969027679765226,0.2807641000755757,South America,1.727095789305053,-0.7543122277353093,-0.15065931341397834,-0.5240601050200977,201970.65,205460.92
2531,1.212678125181665,0.31696681219741557,South America,0.49108697096727066,2.5257881332396845,2.000148488715596,1.8518677854750272,404486.86,461600.34
2667,1.3512699109167123,0.20835867583189588,Asia,-0.27077880567338874,-0.5541100829264172,-0.5012491004364226,-0.23795779886469243,208415.7,217589.03
2786,1.4898616966517597,-1.1311416726761803,Asia,-1.629751480478812,-0.06615379241600038,-0.6924697077491191,-0.11473769531197914,213961.82,240502.78
479,-1.212678125181665,1.6564671607054917,South America,0.06493659462453162,1.7742246720295705,1.3357185906311955,1.4131615758025406,454352.86,406939.78
1967,0.5197191965064278,1.584061736461812,South America,-1.3956918930027338,1.4790105782084602,0.5592535531763982,1.6590573028897406,410925.45,398990.94
1057,-0.5197191965064278,-0.8415199757014612,Asia,-0.04672595133803046,-0.6544202703891163,-0.005365073655561241,-0.6063193420534586,220590.44,199802.39
2268,0.8661986608440464,0.5703857970502949,Asia,-0.9490183834342089,-1.286126706231431,-1.2391288852253883,-1.0976005762627814,138083.99,139140.28
533,-1.1433822323141412,0.6427912212939747,North America,1.3412790787205315,0.06079225313582129,0.8858598618374338,0.6910519593681647,309312.08,306287.5
1103,-0.4504233036389041,-0.3708847181175425,Europe,0.4582070384843836,1.1232000254900478,0.5373923113889274,2.054652190640677,430582.47,407711.84
1106,-0.4504233036389041,-0.4794928544830622,Europe,-1.3420858935450535,-0.7636323341204869,0.014930564234202899,0.020353941368237004,212766.14,230472.42
2927,1.628453482386807,-0.551898278726742,Europe,1.2879319947357228,2.9459836553641088,3.2978720170367772,2.6099164808035544,485881.52,536401.25
1123,-0.4504233036389041,-0.5881009908485819,Europe,-1.4576193424556398,-0.2875615049417347,-0.5156327510154697,-0.265460127315221,194054.35,223700.86
942,-0.6583109822414752,-1.7465877787474586,Asia,1.7577947671290652,0.09289111893904374,0.37409392479011194,-0.16609436440501502,244281.72,254282.52
162,-1.5591575895192835,-1.27595252116354,Asia,1.7416778620857543,-0.21620853009794644,-0.2751036664722519,-0.35497003741500815,190201.56,226920.0
1551,0.03464794643376185,0.09975053946637617,Asia,0.585004476750806,-0.4439811452544309,0.20334953320539967,-0.02931435832870778,231202.46,241183.44
965,-0.5890150893739515,1.584061736461812,North America,1.5181241781215182,-0.3926551254523162,-0.3621874779456944,-0.1617872245000448,253549.07,231067.3
471,-1.212678125181665,1.2944400394870927,South America,-0.5684173034563657,-0.25714147237715496,0.06342673917596325,-0.920683926929242,194560.96,199765.25
844,-0.7276068751089989,0.24456138795373578,Europe,1.1237982455096436,-0.23070664855704076,-0.22792934514492352,-0.3203283102855537,204364.91,227064.73
998,-0.5890150893739515,1.4392508879744523,North America,-0.04580458546609944,-0.15232378125540894,-0.4492248040350406,0.2023085173602785,299440.26,254087.19
1904,0.4504233036389041,-0.18987115750834302,Asia,-0.7435736208541165,-0.16404802098702526,1.0282231385319294,0.267509645616699,273766.2,275518.1
30,-1.697749375254331,-0.008857596899143517,Asia,0.6224037671498102,0.06593597112855462,0.08776362564979683,-0.5577400023929664,203758.15,227053.95
2890,1.628453482386807,-0.4070874302393824,Europe,0.026892348115175407,1.502977804922703,1.4669903354870064,1.0151749965726875,344491.27,376322.16
423,-1.212678125181665,1.584061736461812,South America,0.8807757507857299,-0.6318705323638049,-1.005418252982766,-0.8230113468110235,163639.11,179367.08
511,-1.1433822323141412,1.0048183425123736,North America,0.9258270430654174,-0.3194455400065069,-0.18615924770202905,-0.6722070870775334,203103.74,206767.4
2758,1.420565803784236,-1.601776930260099,Europe,-1.6194613398610298,2.468181566362835,3.1493136689617476,1.4572491676683679,461848.69,461717.34
2737,1.420565803784236,-1.5655742181382593,Europe,-0.6931877368045394,-0.6849479154153417,-0.6444765285019398,-0.7478617786584011,168124.09,186020.28
1393,-0.10394383930128556,-0.6967091272141016,South America,-0.12881731795526077,-0.7327475576281401,-0.8108346069206366,-0.8623775635838076,139885.65,173379.12
1586,0.10394383930128556,-1.0949389605543405,South America,-1.7266325187694065,0.1424669580462599,0.4569976274936588,0.5442419688063426,272127.71,295442.06
1929,0.5197191965064278,1.8374807213146913,South America,0.38093826412086845,-0.36686045781430004,-0.0919500611996621,-0.5692573262106408,221435.38,212166.58
2497,1.1433822323141412,0.31696681219741557,Asia,1.7224633016552933,-0.6758595897167861,0.08493338091808388,0.16507520125171574,221519.33,247007.47
787,-0.7969027679765226,-1.0225335363106607,Asia,0.38357640285796757,-0.6744294871129363,-0.6496673963927003,-0.6682745426297203,193099.11,188017.52
2636,1.2819740180491885,-1.7103850666256188,Europe,-0.9727441377793907,1.8906282440036741,1.904534013294008,1.2085449656457616,410092.57,408112.16
2538,1.212678125181665,0.6789939334158146,South America,0.2186064266316671,-0.23162982945511573,0.3520795196217082,-0.17534910901018513,233066.94,242213.78
402,-1.2819740180491885,1.1134264788778934,North America,1.2215365039469086,-0.41630227407551035,0.45787369819393625,0.13236902555470767,250184.78,256676.61
433,-1.212678125181665,1.3668454637307725,South America,1.1958758812706713,-1.3635879693743531,-0.7676848471164203,-0.8264268759113161,140684.63,159874.48
1151,-0.3811274107713804,-1.7465877787474586,Europe,1.2771298546017666,2.089966729825511,0.6290001042812867,1.7105824408391694,418062.44,422219.22
73,-1.628453482386807,1.258237327365253,North America,-0.2561372523110818,-0.4054164655011123,-0.6627631634456931,-1.0608418043614716,171772.26,179248.83
1536,0.03464794643376185,0.38937223644109537,Asia,-1.0545369352026788,-1.0455769836325026,-1.4116921664544864,-1.2286464121211387,135824.05,136425.64
2709,1.420565803784236,-1.5655742181382593,Europe,-0.5747234113924812,-0.5147976345293549,-0.5343812599678727,-0.6818296317574177,201815.37,196143.23
621,-1.0047904465790938,1.6926698728273317,Asia,1.4513718038430696,-0.3551066542195945,-0.6415437775386297,-0.6118417228519425,196028.4,206387.36
1437,-0.10394383930128556,-0.5881009908485819,South America,-0.8492507875068682,1.252647173859242,1.0435883458751651,0.5917926574495618,322034.19,338824.53
1559,0.03464794643376185,0.42557494856293526,Asia,1.5489759394002427,1.8852105675463113,3.6255576209618963,3.443159480552452,563163.69,546836.9
1566,0.10394383930128556,-1.0225335363106607,South America,-0.4687103543965445,-0.6690082629920031,-0.739486097963812,-1.0035606943420887,183308.06,168513.64
324,-1.3512699109167123,-1.0949389605543405,South America,-0.013525290228838511,-0.9180451794066672,-1.0046816384347776,-1.0654425614161558,137004.52,156745.05
332,-1.3512699109167123,-1.0949389605543405,South America,0.9731747523094497,0.2730257076676194,0.013841137540252343,0.17499730904095218,269228.26,273172.25
1392,-0.10394383930128556,-0.551898278726742,South America,-1.5637175383232866,-1.7383272781668737,-1.2948964469794526,-1.4781371796614944,88261.44,106677.84
650,-1.0047904465790938,1.620264448583652,Asia,-1.4841103607025288,0.4703183741636629,-0.2938718423179263,0.47266252470458553,281292.76,292826.97
2236,0.8661986608440464,0.49798037280661506,Asia,0.03667398807452467,-0.04493639915392279,0.31334765920603463,-0.6061327521772178,223251.7,224429.17
1533,0.03464794643376185,0.49798037280661506,Asia,0.9373266221758484,0.6327781087979661,-0.6252881963000096,-0.18940394188836046,267304.97,257464.77
2163,0.7969027679765226,0.38937223644109537,South America,-0.9463592515506609,-1.1576413688747489,-0.47267429644580394,-1.043936308548558,171176.11,156185.12
543,-1.0740863394466176,1.1496291909997332,South America,-0.9129929778417042,-0.8738393203910296,-0.9621415523219792,-0.7346136143043684,171518.21,176050.17
2958,1.697749375254331,-1.20354709691986,Asia,-0.6989270297865303,-0.5403865376802677,-0.37422480856080087,-0.8434478932257566,164357.72,189335.02
1818,0.3811274107713804,0.09975053946637617,South America,0.38197042715461427,-1.054421703099201,-0.9141412214772466,-0.7764760015611267,174915.27,167076.08
1624,0.17323973216880928,1.4754536000962923,South America,1.1153823263553972,-0.3681431352875435,-0.3363082302662022,-0.6141960397274239,191013.05,207812.5
1177,-0.3811274107713804,-1.7465877787474586,Europe,-1.003270505288155,-0.5959882804548077,-0.5652821210626976,-0.5673642459184617,183235.9,199169.31
679,-0.9354945537115701,-0.9501281120669809,Asia,0.8077021068542859,-0.8912792403199508,-0.7585653683030548,-0.7628039752272268,166562.34,174857.02
2096,0.6583109822414752,0.8600074940250141,Europe,-0.748071985623785,0.5598294737170265,0.4794816542347282,1.0455993394736036,380860.81,334126.97
2029,0.5890150893739515,0.46177766068477516,North America,-0.8084692679577371,-0.8774800115842922,-0.9309629708555016,-0.5842745551272723,188466.07,182429.67
1659,0.17323973216880928,1.222034615243413,South America,-0.40238367447664614,-1.2451551338377855,-1.0084868842995889,-1.0916792498867205,162317.12,143661.73
1637,0.17323973216880928,1.584061736461812,South America,-0.8320690634242246,0.34293951365621067,-0.08397185816250823,0.5903593980360096,298703.39,295871.25
239,-1.4898616966517597,0.6427912212939747,South America,0.2009698510426274,2.596453649720431,1.2676627963811966,1.9265272366689659,456514.47,458333.5
2124,0.7276068751089989,-1.27595252116354,South America,0.20254550331222074,-1.339290809948031,-1.2615223250641163,-1.3573031047689956,105427.49,122160.57
2619,1.2819740180491885,-1.7103850666256188,Europe,0.2772449498075536,-0.8244038110872786,-0.10086154771751964,-0.290643248366223,219586.61,211126.88
2290,0.9354945537115701,-0.008857596899143517,South America,0.9096180014349137,-0.10940927177952084,0.8195216429331497,0.6858161171960174,322608.73,298759.84
764,-0.8661986608440464,-1.7103850666256188,Europe,1.1852276908773416,1.0095423451196976,2.402509882359206,1.4325420065292949,377551.39,395557.16
1128,-0.4504233036389041,-0.4794928544830622,Europe,-1.0274627739988713,-1.1662223786826886,-1.0405159099084447,-1.1343123467688618,144892.54,141410.19
1885,0.4504233036389041,-0.3346820059957026,Asia,-1.3096363205643724,-0.46370260704417954,-0.6767010311105854,-0.7874686652260329,173865.82,187354.77
1116,-0.4504233036389041,-0.551898278726742,Europe,1.412114619983323,-1.3666582751024088,-1.1457194857160637,-1.4255933006275212,104654.82,120755.66
1102,-0.4504233036389041,-0.3708847181175425,Europe,-0.2684077464105586,0.4395416043178029,-0.005754835722215401,0.14066930206760483,269219.27,275215.16
2847,1.5591575895192835,0.896210206146854,South America,-1.0760467463115706,-0.6888294535465735,-0.05249767733049515,-0.8257892425254372,208652.27,193497.33
2330,0.9354945537115701,-0.15366844538650312,South America,0.10802502771123176,-0.23452984733177581,0.0035970700116324155,-0.2074977802059516,243439.27,235665.2
1361,-0.17323973216880928,-0.9863308241888208,Asia,0.5287976597052695,0.8937024574685007,0.9444737594177063,0.8449373587575768,335709.3,340470.28
2316,0.9354945537115701,-0.11746573326466321,South America,1.5658555954312026,-1.1194661437445297,-0.8518925244405164,-1.2191229667685446,126915.5,147662.69
1407,-0.10394383930128556,-0.7329118393359415,South America,-1.7165581410456843,-1.0462313304688837,-0.5915898686289243,-0.5426794529132624,180168.18,184182.98
2529,1.212678125181665,0.7151966455376545,South America,0.8868019501025248,-0.7078788301820875,-1.2034155949436645,-0.9435274544333878,181463.86,168804.62
343,-1.3512699109167123,-0.9863308241888208,South America,-1.4081594894216491,-0.4551294809330636,0.31567490824316674,0.048180183048537634,224543.23,250852.84
1105,-0.4504233036389041,-0.551898278726742,Europe,-0.3070829535993005,-0.08251364588005172,-0.10840052347160903,-0.8027942346210045,192806.43,206219.55
2592,1.2819740180491885,-1.7103850666256188,Europe,0.36476654363960753,-1.6397932875985923,-1.5362616724699425,-1.8014611931471225,88260.37,98508.65
557,-1.0740863394466176,0.7151966455376545,South America,-0.30517957498791887,0.3473965616555845,0.38968500342273904,0.05561857855494496,284155.23,272340.16
1475,-0.03464794643376185,1.0410210546342136,Asia,-0.19445822175782304,2.233606897586716,1.6151189917423758,2.842405201472122,488563.93,499332.44
2703,1.420565803784236,-1.5655742181382593,Europe,-0.38931310824027726,-0.9391064754716325,-0.8139211172313424,-1.2209514909275174,141281.66,149509.73
594,-1.0740863394466176,1.0048183425123736,South America,1.7009021739661925,0.7569656488311161,0.49863780424766857,0.4107226137388198,276807.03,310547.03
1557,0.03464794643376185,0.06354782734453628,Asia,1.6710219288536938,0.7103197856484914,0.4706220167991322,0.7926296192634896,311949.68,327024.34
411,-1.2819740180491885,1.222034615243413,North America,-0.8358315017822621,-0.9024299411076305,-0.8537102221519767,-0.7348254037238343,196286.42,177284.27
1055,-0.5197191965064278,-0.8053172635796213,Asia,0.7624408831101075,3.066349967546729,1.2030975777036643,3.4981089249711634,507060.79,556822.8
2473,1.1433822323141412,0.20835867583189588,Asia,-0.4386236766772969,-0.7557037002247222,-0.5241491117685083,-0.6406660363285236,180430.4,188858.23
108,-1.628453482386807,1.2944400394870927,North America,-0.7013902256365535,-1.1285623531399092,-0.8864651349124911,-1.2684121407533702,156620.68,146120.47
2025,0.5890150893739515,0.534183084928455,North America,-0.7921960806019723,-0.04419730257668511,-0.08787365059428878,-0.26893992940778505,279134.97,236592.33
2706,1.420565803784236,-1.5293715060164192,Europe,1.329743344746772,-0.8336545409404061,-0.42403330165358954,-0.9030756753153729,157376.77,178464.36
318,-1.3512699109167123,-1.0949389605543405,South America,-1.463049569670464,-0.1828727122630588,-0.016665193756216525,-0.11428665180234109,223532.67,246530.86
2718,1.420565803784236,-1.601776930260099,Europe,0.07435551966467736,-0.7097894441073521,-0.06659705190679892,-0.8908822109446438,177700.45,183276.56
840,-0.7276068751089989,0.06354782734453628,Europe,1.4704137539582829,-1.639974612625541,-1.503498416178949,-1.6732968825854309,99700.87,102004.125
2957,1.697749375254331,-1.20354709691986,Asia,-1.109037475956272,0.9511990467746573,-0.055627693192983295,1.0504325552360172,325819.27,343373.12
1351,-0.17323973216880928,-0.9863308241888208,Asia,0.010548017318666683,-0.08630373312812636,0.6837455835516939,-0.5150429156594891,243240.86,231881.86
2825,1.5591575895192835,1.0772237667560534,South America,-0.9928392440747986,0.12171352034226655,0.44656940632804154,0.02397814533770948,237974.79,268681.75
2366,1.0047904465790938,0.46177766068477516,South America,0.854677770891804,-0.30719269840285,0.06838339224685339,0.16365298433463302,280946.13,255742.23
1882,0.4504233036389041,-0.15366844538650312,Asia,1.366073150962788,0.5043992013484059,1.513809460802521,0.6389090078983146,319191.18,324985.34
680,-0.9354945537115701,-0.8777226878233011,Asia,-0.3405763524728655,-0.35545669035857413,-0.41401987314606303,-0.12919911857297967,246091.52,229977.4
729,-0.8661986608440464,-1.7103850666256188,Europe,-1.5460541381582282,-0.5620655213913831,0.3645113800351709,0.012995674746467695,217879.15,245605.64
789,-0.7969027679765226,-0.9501281120669809,Asia,-1.1856892850713674,-0.4998887754657368,0.14087019714757584,-0.7692140028572961,189504.05,200052.39
1813,0.3811274107713804,0.31696681219741557,South America,-1.5601801931466195,-0.9699490741859716,-1.2405323862452207,-0.8079114407413385,148448.53,165327.25
1345,-0.17323973216880928,-1.0949389605543405,Asia,1.4947926284152133,-0.9886519623460763,-0.777452737441284,-1.0957723352447433,153990.22,154517.45
1868,0.4504233036389041,-0.3346820059957026,Asia,-0.893914872863162,0.10506394101993867,0.5658312350260336,0.19687334396981007,241242.56,274535.78
2069,0.6583109822414752,1.3306427516089328,Europe,-0.9988117942395567,-0.3441668423219529,0.06964088148330659,0.48701833639678827,258180.06,270400.6
432,-1.212678125181665,1.1496291909997332,South America,0.17494418087535923,-1.5183279880787237,-1.2012397213880772,-1.2228564631389713,124135.01,124680.76
564,-1.0740863394466176,1.1496291909997332,South America,0.022854666281472345,-1.575230146644361,-1.1463661093281736,-1.4614109120605085,96190.08,111244.68
1748,0.3118315179038567,1.4392508879744523,South America,1.563679305915983,0.37005785399095387,-0.17404146161444795,-0.09984476526586356,257331.43,263609.4
1776,0.3118315179038567,1.7288725849491715,South America,-0.7806440186254189,-0.9445848563945387,-1.0531629142149688,-1.1032370628581163,144433.9,154566.1
70,-1.628453482386807,1.4392508879744523,North America,1.207660034144078,1.0162095875236434,-0.03284091548882466,0.3952588715675122,354989.33,312578.1
1788,0.3118315179038567,1.4030481758526125,South America,-1.0252025118978556,-0.8639350320712034,-0.7908274167988552,-1.0688699824357233,150755.78,161812.23
1229,-0.3118315179038567,0.31696681219741557,South America,0.7699109443882325,0.464351992407359,-0.08968300477527028,0.25213254457153655,282700.19,281835.28
1512,0.03464794643376185,0.46177766068477516,Asia,-0.7699550082251048,-1.4391583278340696,-1.3651871154648534,-1.4461431034163004,102105.84,113364.516
56,-1.697749375254331,0.09975053946637617,Asia,-1.1240324139504716,1.398553904457309,0.02891193745087768,0.5591875630663896,335147.29,330292.88
1601,0.10394383930128556,-1.0949389605543405,South America,1.5467588298780393,0.48336195055875336,-0.23236512352734942,0.8178073606367243,341139.42,311845.22
651,-1.0047904465790938,1.4754536000962923,Asia,1.480464805963728,-0.5713745906010074,-0.7005402855880029,-0.9312668856610365,171434.24,182516.22
2176,0.7969027679765226,0.2807641000755757,South America,1.2087936640523276,-1.2447010329007309,-1.0857146024116773,-0.755696288333034,165000.56,161711.8
897,-0.7276068751089989,-0.008857596899143517,Europe,0.5273304720256626,1.189078955444183,1.521054029124,0.6333812474220638,345238.7,345547.1
785,-0.7969027679765226,-0.9863308241888208,Asia,-1.3729738096871071,-0.36461912280727443,0.2373476320072604,0.3351299300227425,275419.42,264678.1
309,-1.3512699109167123,-0.9863308241888208,South America,-1.1450838746952257,-0.6319127101418126,0.2256893360624779,0.45572899793909566,252985.51,264606.66
2404,1.0740863394466176,-0.08126302114282331,South America,1.0007399198829825,-1.0325140921801934,-1.0472753615292256,-0.8586675679109952,163353.59,162753.95
1741,0.3118315179038567,1.1858319031215732,South America,-1.4977162521733487,-1.2702548536007776,-0.9244663404448038,-1.3737768106558588,132390.96,133559.45
907,-0.6583109822414752,-1.7465877787474586,Asia,0.8501257569700992,-0.7693677235598514,-1.0355670044015703,-0.7864088687058972,175016.79,174588.94
602,-1.0047904465790938,1.0772237667560534,Asia,-0.18465908750976628,-0.7031982793777568,0.15254815998562998,-0.6152105336979411,209212.42,199775.25
1178,-0.3811274107713804,-1.7465877787474586,Europe,0.09373919155264493,0.3127788547171363,-0.19415532973306587,-0.15938562308839926,252873.66,253480.0
2297,0.9354945537115701,-0.08126302114282331,South America,1.2225581704074293,0.3949230337734358,0.35009375936774567,0.07205122900621624,288677.09,277663.28
1745,0.3118315179038567,1.620264448583652,South America,-0.5139669129970675,-0.02426889374530965,-0.6813370542245034,0.3390661553027114,260751.88,263061.78
1161,-0.3811274107713804,-1.7465877787474586,Europe,-1.1441835019697437,-0.5405197721565913,-0.5662624858939607,-0.6513050569654711,202874.49,196764.11
1509,0.03464794643376185,0.35316952431925547,Asia,-0.34815604462689076,-1.080976359111038,-0.7551194902152961,-0.6357518422586667,186247.03,175245.02
2095,0.6583109822414752,0.896210206146854,Europe,-0.5504156803762947,-0.03563206016239294,0.3699656651024776,-0.31700480198917325,245728.57,240340.6
1577,0.10394383930128556,-0.9863308241888208,South America,-0.8949050496040094,-0.20272780271397198,-0.2696756039293074,0.24577206660511236,278999.23,256542.75
572,-1.0740863394466176,1.1496291909997332,South America,0.37249085524694897,0.1535396102353832,0.3173614933328165,0.848199142330102,299296.34,309076.66
554,-1.0740863394466176,1.0048183425123736,South America,-1.3387293226850312,-0.04963744756999549,-0.01464665534680129,-0.10686382904736516,241145.04,247969.7
945,-0.6583109822414752,-1.7465877787474586,Asia,-1.7154431717120564,0.03683566941229033,-0.4957006526679977,-0.47676169495006576,225119.57,226732.67
2996,1.697749375254331,-1.2397498090417,Asia,-0.11645235469676307,1.2773972516680956,-0.1842378518260462,0.34790553215606784,315459.96,312496.4
874,-0.7276068751089989,0.09975053946637617,Europe,-1.55103068015257,-0.0640484511791864,0.5328474711438143,0.4126629785671631,291015.89,281087.66
2994,1.697749375254331,-1.0949389605543405,Asia,0.78061628279134,-0.3198188330511168,0.4256128416310614,-0.018879199165043,260212.61,249981.8
1569,0.10394383930128556,-0.9863308241888208,South America,-1.3377916288103064,0.2140268799316747,0.32767290507173014,-0.0018641278102398864,249941.49,265519.4
2668,1.3512699109167123,0.09975053946637617,Asia,1.6981707323559865,-0.1877357706488623,-0.3468389576634162,-0.4454910437940909,234593.89,225752.11
2627,1.2819740180491885,-1.7103850666256188,Europe,0.15293519939534506,1.6256808448439188,1.0461897394851727,1.83736445735563,423613.15,419097.2
1553,0.03464794643376185,0.09975053946637617,Asia,-1.5590885495312683,1.7219289575181196,1.760429918561751,1.005917137417231,362610.57,384521.22
120,-1.5591575895192835,-1.27595252116354,Asia,1.574428963183817,-1.6015120267460918,-1.4387347406693134,-1.3007530646440801,113524.61,131986.78
2659,1.3512699109167123,0.09975053946637617,Asia,-0.1620786259319723,-0.8467761659340534,-1.0586887152578082,-0.7628368195757003,182171.04,173023.08
809,-0.7969027679765226,-0.9863308241888208,Asia,0.6829433363652505,-0.028121656383134484,0.4775024496118563,-0.11483113182056719,251933.76,252991.47
2186,0.7969027679765226,0.6065885091721348,South America,-0.5889322726807548,-0.3066810464789811,0.06246604123797206,-0.3434300623225244,219503.74,226524.34
1618,0.10394383930128556,-1.0225335363106607,South America,-1.0289929411178251,2.2672600342187645,2.7524041765195935,2.513496516182285,477652.04,497619.53
313,-1.3512699109167123,-0.9863308241888208,South America,-0.9915726575723718,-0.30537314117590125,-0.3699612644861166,-0.9688269464087219,176826.52,190872.95
1562,0.10394383930128556,-0.9863308241888208,South America,0.8119777110144115,-0.3927536716626145,-0.4072246635375154,-0.01960035912678103,230721.32,235633.66
233,-1.4898616966517597,0.7876020697813343,South America,1.3553234936949543,0.6036778070817019,-0.5205506662662797,0.778300989101058,311201.65,311239.66
507,-1.1433822323141412,0.8600074940250141,North America,-0.16962916093815167,-0.9145787179132123,-1.0862611036580407,-0.7905667933380616,172866.84,167614.17
1336,-0.17323973216880928,-1.0949389605543405,Asia,0.055768421055860544,-0.33501150520039435,-0.21017312035303928,-0.6185258309072029,192308.14,207177.44
1385,-0.10394383930128556,-0.5881009908485819,South America,-0.2222624779436921,-0.22146971517335495,-0.12942145254656887,-0.12763419862459874,250727.93,237868.58
111,-1.628453482386807,1.222034615243413,North America,-1.6663763570310286,-0.27863676595227405,-1.0667122117461325,-0.5236608763015854,219812.33,210605.8
1578,0.10394383930128556,-1.0225335363106607,South America,1.429360489791228,-0.25920424165112027,-0.15849746433238002,-0.24730371485096922,209566.77,231319.77
410,-1.2819740180491885,1.3306427516089328,North America,-1.0438362619432262,0.6048871661744837,-0.030240713811742013,1.0086757795480572,328278.46,328918.84
218,-1.4898616966517597,0.9686156303905338,South America,1.767213692169211,0.5904209766875256,0.31735195786941234,0.15312297295770494,272074.36,290365.4
2114,0.7276068751089989,-1.3121552332853799,South America,1.577730718605889,-0.30043321674606516,-0.7367976932502394,-0.5844560484666808,191037.69,205746.97
1307,-0.24253562503633297,0.46177766068477516,North America,-1.1169822156013283,3.6283042131853427,1.3525349763112855,3.521538554210997,521451.35,576630.44
1080,-0.4504233036389041,-0.4070874302393824,Europe,0.1306509744396655,-1.7445459382215416,-1.458510099837076,-1.613027786277779,84800.11,93166.92
759,-0.8661986608440464,-1.7103850666256188,Europe,0.4262671324480496,0.342773561838068,0.07678294357318838,-0.1622263760904085,222093.78,258344.17
911,-0.6583109822414752,-1.7465877787474586,Asia,-1.1012105311885132,2.1350275757616974,2.478457464509256,2.0134050686359233,419169.98,465660.53
807,-0.7969027679765226,-0.9501281120669809,Asia,0.998328040613168,-1.216439162341685,-1.0774729821979774,-1.0121282558977347,147607.5,147629.39
439,-1.212678125181665,1.4030481758526125,South America,-0.6813429370636129,-0.523772829178488,-0.55518466128392,-0.8155687041905897,181422.6,189215.58
544,-1.0740863394466176,0.9686156303905338,South America,-0.15165902757775437,-0.7396765387666382,-0.43560577842773246,-0.9490294490845435,165580.89,173048.77
485,-1.1433822323141412,1.0048183425123736,North America,-0.6075193712895718,-0.44174335791097563,-0.5101999207408231,-0.13932678668110948,254524.91,225444.05
2475,1.1433822323141412,0.13595325158821608,Asia,-1.4568694206130428,-1.3312261822820544,-1.179247366978796,-0.71074313462856,156511.97,159972.34
387,-1.2819740180491885,1.258237327365253,North America,0.15971715198430617,-0.50548501765616,-0.10483426015837043,-0.6890650152133474,206021.37,200506.45
2916,1.628453482386807,-0.2622765817520228,Europe,-1.6942156017943129,-1.2600060477297483,-0.6918433469967439,-0.6633912109217917,155086.0,177634.66
1192,-0.3811274107713804,-1.7465877787474586,Europe,1.448744161679195,-0.5347150061851768,-0.864522841686083,-0.6741587775432812,203140.49,190515.56
1230,-0.3118315179038567,0.46177766068477516,South America,0.09094127164535049,-0.8353727926631684,-0.532975971048652,-0.592339541523089,200462.79,188246.4
1210,-0.3118315179038567,0.2807641000755757,South America,-1.6957550992005774,0.42103896205702435,-0.05726600499914853,0.26700197392003755,301401.7,279833.1
1273,-0.24253562503633297,0.49798037280661506,North America,-1.12490129695628,-1.0266032904864981,-0.4300525629276056,-0.7830389252961582,162714.48,172356.3
1939,0.5197191965064278,1.4030481758526125,South America,-1.6912124155661832,-0.4363233163445659,-0.07138027873702207,-0.8227228261981413,193821.14,199127.12
2303,0.9354945537115701,-0.08126302114282331,South America,0.2952559031749348,1.2159596023196866,2.276064869885401,1.6259357594409185,454724.68,409693.03
930,-0.6583109822414752,-1.7465877787474586,Asia,-0.06651315815218545,-0.5710655496855116,-0.1327916428935548,-0.6009674120979144,194905.45,203088.03
135,-1.5591575895192835,-1.2397498090417,Asia,-0.232432491112349,-0.6502943376563448,-1.2776980467967245,-1.04683312345572,162291.52,165014.67
1780,0.3118315179038567,1.258237327365253,South America,-0.3758028522143918,-0.28308277677609484,0.4254495468202615,-0.1259042075110461,247038.03,243183.27
2167,0.7969027679765226,0.38937223644109537,South America,0.030860052794048222,-0.9732385466857307,-0.7880800114054676,-0.6216774726559687,200666.15,179545.17
1497,-0.03464794643376185,0.896210206146854,Asia,1.3575137786411398,-0.23638921722768547,-0.4875323363292193,0.10358973148681014,255187.52,247175.69
2256,0.8661986608440464,0.534183084928455,Asia,-1.2729169748531348,-1.229429917968056,-1.224323290390697,-1.2912488728750735,109848.25,132457.28
366,-1.2819740180491885,1.3306427516089328,North America,0.5451035030666214,-0.7251291472023947,-0.5147101949310957,-1.1117683823740676,165454.39,166155.45
2024,0.5890150893739515,0.42557494856293526,North America,-0.5089973687182089,0.9005277679937649,1.5977549128829964,1.5442620578613753,406103.91,385928.16
2897,1.628453482386807,-0.4432901423612223,Europe,-0.23984073923704036,-0.2108306663095444,0.11271614547967591,-0.0195165494099868,241765.44,248111.67
29,-1.697749375254331,0.17215596371005598,Asia,1.4371606099829681,-0.18815636587441564,0.6977227850031292,0.23192958942827333,249679.01,271957.22
2501,1.1433822323141412,0.2807641000755757,Asia,1.2750538656751373,0.015518941570231835,0.6489053841379339,0.46637792850877197,274340.55,290246.03
2968,1.697749375254331,-1.1311416726761803,Asia,0.4985372053848602,-0.37940066016718693,-0.39684590758830846,-0.8456535611103029,197458.02,192611.64
1047,-0.5197191965064278,-0.7691145514577814,Asia,-0.279945812956146,-0.585633044676656,0.04674265805060908,-0.5902372200798598,212858.08,203350.31
2887,1.628453482386807,-0.4070874302393824,Europe,-0.7978910547192374,-0.5418596064318077,-0.22117525722230763,-0.761578541260049,182312.14,194875.94
1421,-0.10394383930128556,-0.6967091272141016,South America,1.5533868327263733,0.4871780540063475,1.0132208747645228,0.5833074899060345,317219.41,314775.34
1488,-0.03464794643376185,0.8238047819031742,Asia,1.0843941096247538,-0.8053962180449313,-0.7632919783193142,-0.8933189218322437,166913.16,171443.27
183,-1.4898616966517597,0.534183084928455,South America,0.03700404698814047,-0.8168287609940644,-0.3778751031452908,-0.6046842031531692,172421.62,189893.36
1134,-0.4504233036389041,-0.4070874302393824,Europe,-1.4103742663720253,0.4827714616666458,0.3155771697432718,-0.06376326648134896,278927.49,269936.66
188,-1.4898616966517597,0.7876020697813343,South America,-0.5931495625451886,-0.17955209916084539,0.8618048675004925,-0.19107050943244758,285458.94,252416.08
420,-1.212678125181665,1.0048183425123736,South America,0.1736367743659481,-1.8524634989344326,-1.6786231612650493,-1.7288106268878254,80428.61,88153.45
170,-1.5591575895192835,-1.27595252116354,Asia,-0.04778610523370812,0.7724346445540703,-0.522926784553359,0.13953334063592343,293329.59,280567.2
1377,-0.17323973216880928,-1.0225335363106607,Asia,1.7354242370157615,0.15860370289019532,-0.33932501250076347,0.9577537317904231,307274.12,307815.66
460,-1.212678125181665,1.620264448583652,South America,-0.038951489436394426,-0.8858351534782283,-0.9882883889432569,-0.26173512517284764,208750.25,199655.98
43,-1.697749375254331,-0.08126302114282331,Asia,0.9179896017244344,0.04990092597364688,-0.36537172675629515,0.3243504714819777,273670.82,268505.34
87,-1.628453482386807,1.6564671607054917,North America,0.15314746343166352,-0.4850421976070273,-0.18438922730759083,-0.2659791246492869,206092.31,226437.64
1322,-0.17323973216880928,-1.0587362484325005,Asia,1.380179379090644,-0.9931902124227365,-0.7629457218044426,-0.6297784179505451,180142.86,179532.42
1740,0.3118315179038567,1.6564671607054917,South America,-1.402029490658523,-1.562803863710579,-1.569316356361232,-1.8207643263985902,82413.82,102223.8
705,-0.9354945537115701,-0.9863308241888208,Asia,0.24224820839105257,0.30573161812628014,0.6467682484024267,0.3543373616381411,316206.64,290784.5
903,-0.6583109822414752,-1.7465877787474586,Asia,-0.6413101730711651,-0.6195940396696764,-0.3099402900872354,-0.5393851081331992,170748.8,203415.78
282,-1.420565803784236,0.35316952431925547,South America,-0.3400281980933621,0.0972500149129608,0.3768234511896164,0.31460929075028016,263349.72,278167.6
2458,1.0740863394466176,0.09975053946637617,South America,-0.6863626316367666,1.3775135001889276,1.8403710719788486,1.6670713239172361,404765.03,410970.47
693,-0.9354945537115701,-0.8777226878233011,Asia,1.6339690253710988,0.9901827450141644,0.5124248923974793,0.2164865165452286,298480.56,304969.25
2089,0.6583109822414752,0.9324129182686939,Europe,0.39847920426497396,-0.8264358339436308,-1.105404738375263,-0.6883970857474112,193548.05,177232.7
2066,0.6583109822414752,0.7876020697813343,Europe,-0.5854882303771949,-0.2125374866719118,0.8141442375395409,0.16653479277223382,257126.58,266114.47
257,-1.420565803784236,0.31696681219741557,South America,-0.10964357753178398,-0.11264001073794219,0.28855485838817896,-0.3090046548674978,287204.45,236850.4
2644,1.3512699109167123,-0.008857596899143517,Asia,1.2377082244281694,-0.7103196227187573,-0.525593734474272,-1.1245153872729463,170641.34,167327.1
2594,1.2819740180491885,-1.7103850666256188,Europe,1.624978127261331,-0.39038777424577137,-0.7522135577428108,-0.37463927189557933,218436.75,216267.55
2442,1.0740863394466176,0.06354782734453628,South America,-0.8853520016837723,-0.6275289805229004,-0.8418951870274849,-0.04553493621957775,247266.54,220784.55
2883,1.628453482386807,-0.4432901423612223,Europe,0.7378229200408407,-0.6817861588041293,-1.1273750420254214,-0.8647284827680677,158663.9,172928.47
1216,-0.3118315179038567,0.5703857970502949,South America,0.2640682515530251,-0.8661184219065737,-0.5551876411162338,-0.5229445297357442,183510.78,190868.92
1041,-0.5197191965064278,-0.7329118393359415,Asia,-1.6922818997491715,-0.3874400600033269,0.20316359166901407,-0.2223488053936703,226246.63,233444.55
2453,1.0740863394466176,0.20835867583189588,South America,0.4292085055227457,1.3753171022537978,1.3780798868051616,0.6316209602284537,343860.77,350399.3
149,-1.5591575895192835,-1.3121552332853799,Asia,-1.1086630981779304,0.34218386131564293,0.9370116633373148,0.5807173166316019,281285.6,312600.72
1736,0.24253562503633297,-0.045060309020983416,South America,0.9678774816888033,1.4662208568510977,1.1408101428468538,1.1629756972664778,336812.15,378991.1
2358,1.0047904465790938,0.31696681219741557,South America,0.9916918737634365,-0.8293370343748144,-0.3322514865541003,-0.5024507888521182,190717.62,198361.05
2392,1.0047904465790938,0.49798037280661506,South America,-0.5652578349157817,-0.6751378372725609,-0.9005210039370126,-0.4352042504804265,202853.78,198142.42
2441,1.0740863394466176,-0.008857596899143517,South America,1.741851638686916,0.39197531953099135,1.3329080127927537,1.0069140766497715,362921.84,344825.9
2112,0.7276068751089989,-1.27595252116354,South America,-0.348475606967282,-1.4013575783029844,-1.3627960980162046,-1.4396923034915747,102063.18,114622.05
2417,1.0740863394466176,0.06354782734453628,South America,-1.3649264368816332,0.29672607124437467,1.6365094200242551,0.7229879917216603,334952.73,326046.0
134,-1.5591575895192835,-1.2397498090417,Asia,-1.0092267274501194,-0.7526054073729419,-0.4678392205333195,-0.651863977171388,199235.32,194382.36
2930,1.628453482386807,-0.3346820059957026,Europe,-1.1135311755822852,0.6774601431017655,0.016614765458001963,0.457516749803412,320345.55,303033.84
831,-0.7969027679765226,-1.0949389605543405,Asia,-1.6239387114842494,-0.28140946212522877,-0.6124546544906374,-0.25755341670213355,214179.9,224858.48
1800,0.3811274107713804,0.534183084928455,South America,-0.3248524857825179,-1.736575126547769,-1.5845099253631891,-1.7380769802713352,80135.36,86766.67
2929,1.628453482386807,-0.551898278726742,Europe,1.70150631006956,-0.22548961218384572,0.2325453342502285,0.0008979120118073841,243551.98,257776.27
2988,1.697749375254331,-1.0949389605543405,Asia,0.9649267783267959,-1.3668794127983181,-1.3270226151217408,-1.4608304731435229,114422.74,126119.28
1898,0.4504233036389041,-0.2622765817520228,Asia,1.3411822769896833,0.7192555618135055,-0.10748809881710238,0.18969883581493016,279592.4,287579.62
864,-0.7276068751089989,0.13595325158821608,Europe,0.5279101161248396,-1.200389138162812,-1.3704107615110663,-1.4121905413229159,124505.94,122198.875
528,-1.1433822323141412,0.6789939334158146,North America,1.5189685691231363,-1.161503591948762,-0.8794607410755098,-1.3135581134346577,144523.04,139137.7
2219,0.7969027679765226,0.6065885091721348,South America,0.5594103323716575,3.2013972999547584,3.594830782074201,3.3383330615676177,550832.22,583235.75
430,-1.212678125181665,1.3668454637307725,South America,-0.459602827695393,0.2920285704918726,0.2913404056351843,-0.2530551566659611,265017.68,255832.5
2743,1.420565803784236,-1.5655742181382593,Europe,1.2339376220687348,-0.27090207099837643,-0.48789527990504855,-0.2579843572053787,245113.22,228290.61
1744,0.3118315179038567,1.258237327365253,South America,-0.8035125528239307,-0.5800356199317093,0.008180052110363089,-0.7985887423117407,186412.75,193753.27
610,-1.0047904465790938,1.0772237667560534,Asia,-0.8974767100440195,-0.4311488519342198,0.4077243122844413,0.15196719166056516,238789.78,254088.36
949,-0.6583109822414752,-1.7465877787474586,Asia,1.1717384279979048,-0.3105014859598278,0.03249786765738792,-0.6243474916741033,207487.31,211418.14
2811,1.4898616966517597,-1.0949389605543405,Asia,0.5002749713964767,0.20613924125939387,-0.7365247406102888,0.5491499337756266,251025.73,282220.53
221,-1.4898616966517597,0.9324129182686939,South America,-0.11180587161603728,0.24748686599153805,0.784194538919303,0.22342488516022269,288296.79,286035.16
1915,0.4504233036389041,-0.3346820059957026,Asia,0.6824301705631622,-0.288208362266133,0.6991972060320317,0.49732523271684553,266911.84,280980.0
2411,1.0740863394466176,0.13595325158821608,South America,-1.5015918202650282,0.7308611519079224,0.8109415137685942,0.36155802176544494,309519.88,310580.03
1036,-0.5197191965064278,-0.7691145514577814,Asia,0.7850959869863872,-0.7811810490655775,-0.11391678905104378,-0.14575889930411776,199128.2,219852.39
2645,1.3512699109167123,0.027345115222696382,Asia,0.13118513338820276,0.2098627112693073,-0.4198031317008207,-0.5118623935353419,228628.72,228915.92
932,-0.6583109822414752,-1.7465877787474586,Asia,-1.6548989373529608,0.22669913420636106,0.6290251348727232,0.12410555736337515,277097.39,279732.7
2555,1.212678125181665,0.31696681219741557,South America,-0.34942962884480055,3.2834113980134645,2.895388450268299,2.4929894676747084,489263.14,530603.8
173,-1.5591575895192835,-1.3121552332853799,Asia,0.51760248121835,2.0554996014963987,1.8603395242805496,1.4612810945844057,422857.17,424090.47
565,-1.0740863394466176,0.9686156303905338,South America,0.17317725771589654,-1.1010297245370713,-1.1249679334822777,-1.2806577030561606,151876.57,134980.78
1960,0.5197191965064278,1.6926698728273317,South America,-1.4140434018569559,-0.2656988310946231,-0.13775604352846127,-0.02044581795903455,271102.85,245693.52
812,-0.7969027679765226,-1.0949389605543405,Asia,1.5525517720120663,1.0457190531050662,1.8871335804803995,1.2026462905445103,371541.84,376901.6
2687,1.3512699109167123,0.20835867583189588,Asia,-0.4791136247479688,1.9036237298481389,2.3229173693228304,2.404282545266908,518543.47,474255.47
958,-0.6583109822414752,-1.7465877787474586,Asia,-0.7058069503922535,0.741071721849356,1.312915125866079,1.6924534930456239,359826.83,387508.9
527,-1.1433822323141412,0.7151966455376545,North America,0.06973586115996998,1.3446290239972063,2.8184426242931027,2.114331221239549,471288.04,447393.47
1413,-0.10394383930128556,-0.6243037029704218,South America,-1.46267752446395,0.2264224164478431,-0.5574576773729395,-0.17160570270702905,220698.38,244475.55
1611,0.10394383930128556,-1.0587362484325005,South America,-0.850052025929674,-0.4836814715352274,0.5539506435906367,0.152148684999974,249769.99,253960.11
272,-1.420565803784236,0.20835867583189588,South America,1.688106851205489,1.3027212626057265,-0.13711120781573996,0.4124701595903499,310348.09,318793.94
926,-0.6583109822414752,-1.7465877787474586,Asia,1.1642578701465558,0.07925311180343346,-0.5237325312110293,0.036759410289737476,255521.13,252579.98
1739,0.24253562503633297,-0.08126302114282331,South America,-0.6300963340096244,2.082976255851787,1.892941869626594,2.960138883125111,577669.04,503641.72
847,-0.7276068751089989,0.24456138795373578,Europe,0.2112436636576153,-0.5327456587185744,-0.9239383141587861,-0.26935246575024746,200971.18,210598.22
952,-0.6583109822414752,-1.7465877787474586,Asia,1.6653491141687917,-0.31830043304283984,-0.7377804419473534,-0.8112567508897227,213158.69,192480.77
1620,0.17323973216880928,1.0772237667560534,South America,1.250565360342306,-1.4968464909730466,-1.3128582802009943,-1.5411391522748763,100569.42,110680.734
2999,1.697749375254331,-1.1673443847980203,Asia,1.2545237347338682,2.745127952088518,3.5831063338520512,3.1486538345837682,572330.26,560396.9
2315,0.9354945537115701,0.027345115222696382,South America,-1.4485607997628693,0.5585140789019641,2.131299848345927,0.9966476694834354,370207.18,355067.03
1912,0.4504233036389041,-0.2984792938738627,Asia,-1.589847007936886,-0.3503046944841758,0.6617216429198856,-0.00627971069335881,289172.27,249464.7
2593,1.2819740180491885,-1.7103850666256188,Europe,-0.49508007890839445,-1.0716467922896717,-0.27529318380741397,-0.6352373751795627,155113.14,183173.67
2031,0.5890150893739515,0.20835867583189588,North America,-1.2485007792469616,-0.7780811794744321,-0.6414233923131494,-0.24162362455162645,197890.81,207355.52
1100,-0.4504233036389041,-0.4794928544830622,Europe,1.415339400535082,0.6459667452146162,0.169111855885504,0.6850720228185352,294371.36,314794.47
1292,-0.24253562503633297,0.31696681219741557,North America,1.008909752709409,-0.33164713758080816,-0.1268814434822265,0.4677885366475153,291773.97,267537.1
2875,1.5591575895192835,0.7876020697813343,South America,1.6449974249723398,-0.4687465962720907,0.052808404708721404,-0.2102802061753272,216118.83,239479.61
168,-1.5591575895192835,-1.2397498090417,Asia,0.642908239800975,-0.9035951514981986,-0.957819603533943,-0.956365630713374,154485.88,165646.17
2376,1.0047904465790938,0.31696681219741557,South America,1.053973874134149,-1.153549730223161,-0.7883392568167743,-1.1719678260116808,144884.99,146724.58
1467,-0.03464794643376185,0.7151966455376545,Asia,1.1381307331047839,-0.8143111024133619,-1.28839445287059,-1.0139077966749328,149751.25,158172.36
2766,1.4898616966517597,-1.0225335363106607,Asia,0.6084246641865624,-1.340696867276568,-1.251471946635898,-0.6870609436746032,150804.9,159723.98
1398,-0.10394383930128556,-0.7329118393359415,South America,-0.35188349440751304,-0.44321879177156265,-0.20940849538130032,-0.331811657191014,191208.87,218583.17
1228,-0.3118315179038567,0.31696681219741557,South America,1.4788704931195134,-0.5273181276401818,-0.6785860730323392,-0.6780230850257313,184823.42,192968.77
2234,0.8661986608440464,0.35316952431925547,Asia,0.627200701113421,-0.554075000475551,-0.3946849331942905,-0.4049868836030795,179535.51,210460.8
1738,0.24253562503633297,-0.11746573326466321,South America,-0.8244520501209565,1.4722349349731862,1.5657002607162414,1.52959111030839,439120.73,402655.03
367,-1.2819740180491885,1.1858319031215732,North America,-0.10249424487996432,-0.7244523318300654,-0.3170346748600951,-0.5878208953395883,172760.22,195735.78
2275,0.8661986608440464,0.2807641000755757,Asia,-0.8778422866845771,-0.41962525228677083,-0.136868649465391,-0.10669224564068552,238059.15,232774.33
867,-0.7276068751089989,0.09975053946637617,Europe,-0.40818478061207053,-0.6224672529771353,-1.0801989327987052,-0.5095361076124366,215283.04,192281.7
1302,-0.24253562503633297,0.13595325158821608,North America,-0.9531703612874678,-0.13795337868486088,0.41310469751036366,-0.43301075765609026,240256.23,230348.83
351,-1.3512699109167123,-1.0225335363106607,South America,-0.9715428632881389,-0.6765604503644279,-1.1527125561902523,-0.3694255147163711,194777.51,199605.11
2394,1.0047904465790938,0.24456138795373578,South America,0.0054875027385287,-0.5076601296098654,-0.5012765148937101,-0.5397316726377797,243111.33,202660.27
2503,1.1433822323141412,-0.008857596899143517,Asia,0.19930206218584046,-0.709232855111587,-0.9216492069752718,-0.35773575806921165,231730.35,201168.44
979,-0.5890150893739515,1.5478590243399721,North America,-1.3241425847606745,-0.37619514903860196,-0.1454118287092543,-0.6716017317582573,215858.91,207395.38
1847,0.3811274107713804,0.534183084928455,South America,0.2100995371761417,3.472696987830346,1.624590090768778,2.339957738204668,492060.1,512771.94
2370,1.0047904465790938,0.20835867583189588,South America,-0.26071375823697734,-0.6999998635763133,-0.8595286427280378,-0.2736621539236336,222897.25,206066.88
498,-1.1433822323141412,1.0410210546342136,North America,-0.219098344259453,-0.6378215409113022,-0.9209203399912993,-0.9203871952292413,182341.62,171619.0
1628,0.17323973216880928,1.4030481758526125,South America,0.20435557905049548,0.06791123136777494,-0.6447518650077413,-0.32546703511695624,240545.21,230902.27
210,-1.4898616966517597,0.6065885091721348,South America,-0.9389241788499514,-0.4909671899550057,0.018962873321330644,-0.35492048775136303,226649.99,222112.34
2470,1.1433822323141412,0.20835867583189588,Asia,-0.5266561037396117,0.2425966088516924,-0.5152954339975396,-0.03196823831354091,261439.92,253961.62
601,-1.0047904465790938,1.3306427516089328,Asia,-0.19806671037523413,-1.4193182164071219,-1.3335192455324385,-1.3391526382643812,132979.18,124374.09
227,-1.4898616966517597,0.6065885091721348,South America,1.3638327157223076,2.6581025821437194,1.2047287379122766,2.7722131479524292,547322.52,507182.25
365,-1.2819740180491885,1.0772237667560534,North America,-1.7259315809351905,-0.5829943713497073,-1.0573173964269653,-0.41720214982581233,208896.35,204399.4
581,-1.0740863394466176,1.1134264788778934,South America,-0.18081967428141554,0.5255972795532653,0.07887299795813629,0.4795439819916212,287184.73,297526.3
2855,1.5591575895192835,1.0410210546342136,South America,1.7077902585733127,2.0813518201212284,2.1274963903805038,1.4102933581298256,413589.44,436863.03
2178,0.7969027679765226,0.20835867583189588,South America,1.092983805380162,-0.7038747005652446,0.09695342850577009,-0.5917769404850152,226222.37,202793.23
2018,0.5890150893739515,0.2807641000755757,North America,-1.168378103252288,1.2135274818495232,1.0881308793028834,0.15381100543003456,296962.26,314560.34
859,-0.7276068751089989,0.24456138795373578,Europe,1.223127317933382,-1.0438122180984797,-0.8287880966116992,-0.26721022143516737,185308.28,196219.27
407,-1.2819740180491885,1.0772237667560534,North America,0.9992109190499424,1.4540503998792504,2.5027061479465997,1.5731662170816587,458799.74,421367.9
1920,0.5197191965064278,1.620264448583652,South America,-0.21209829620460452,-1.5633308888432544,-1.39851832779487,-1.5209571495608116,102906.16,109141.805
1613,0.10394383930128556,-1.0587362484325005,South America,1.0250616463301347,0.37078985524105035,-0.08486461592374366,0.917688723189775,354524.56,314967.38
678,-0.9354945537115701,-1.0225335363106607,Asia,1.3161537812787456,-0.9541257062907846,-0.6044967143132178,-0.9178024016325761,164088.29,167051.56
1264,-0.24253562503633297,0.46177766068477516,North America,-0.34633080717173625,-0.7996974877957979,-0.9919279561314168,-0.010101263894606501,216486.69,214773.39
2407,1.0740863394466176,-0.08126302114282331,South America,1.1352849954750224,-0.9820028524448254,-0.47807852033023734,-0.7811990754997805,180217.52,176881.33
691,-0.9354945537115701,-0.9501281120669809,Asia,-0.7472042689038906,-0.32045741249385035,0.2906526603371432,0.20418970573318287,264023.0,259174.11
7,-1.697749375254331,0.09975053946637617,Asia,1.3575767580804872,-0.6181000791215533,-0.6385502379961165,-0.42075670112524677,189526.91,204804.66
2867,1.5591575895192835,1.0410210546342136,South America,0.8624335722188187,2.769367954712867,2.7718255316084677,2.7982216248292913,526993.49,535378.4
1204,-0.3118315179038567,0.7151966455376545,South America,0.03340022351438462,-1.0898415761894782,-0.9586062792648046,-1.0707489056811466,158203.49,148952.2
2233,0.8661986608440464,0.24456138795373578,Asia,-0.15654343298490278,-1.2345117489407216,-1.4366333629215726,-1.2001689462900738,134752.44,132011.28
415,-1.2819740180491885,1.258237327365253,North America,-1.2490955850630185,-0.6661169171818493,-0.8062832110444323,-0.35729264250575676,209997.38,206403.73
670,-0.9354945537115701,-0.9501281120669809,Asia,0.854762909763514,-0.046350734364124735,-0.3823245887563605,0.4321144776686312,305065.91,271223.88
810,-0.7969027679765226,-0.9863308241888208,Asia,1.0121811846977213,-0.5100185375147255,0.300928910054753,-0.20288484809105747,248111.92,230741.3
1089,-0.4504233036389041,-0.3708847181175425,Europe,1.5044459769240404,-0.550830465047688,-0.7813283073487024,-0.13012215802145485,245919.38,220461.34
199,-1.4898616966517597,0.7876020697813343,South America,-0.811577419918112,0.031232726079566876,0.007756915921793732,-0.25822332815461585,240879.63,243142.11
283,-1.420565803784236,0.5703857970502949,South America,-0.7899614767910611,0.42857144018739013,0.3472182211848618,-0.303075966827124,241353.06,257736.02
231,-1.4898616966517597,1.0410210546342136,South America,0.9271297844311733,-0.11171209962177281,-0.3837996057517258,-0.687370416716684,206578.38,211459.34
2730,1.420565803784236,-1.5293715060164192,Europe,0.782588472271638,-0.47225523554355353,-0.5720111783938773,-0.8309970537450081,188974.89,188726.05
2861,1.5591575895192835,0.6065885091721348,South America,1.547890127214461,0.02642800705026013,0.10537085882598803,0.510464104669924,311424.28,293040.4
96,-1.628453482386807,1.4030481758526125,North America,0.00435620540210714,-0.6882436948725601,-1.4262170610852112,-0.8509389529460952,141617.85,170475.06
1587,0.10394383930128556,-1.0225335363106607,South America,-1.2169399161326242,-1.02102202732004,-1.0695639112705055,-0.43956009062623613,189984.27,183552.89
2569,1.212678125181665,0.6065885091721348,South America,-0.58962388022766,-0.6243944226657301,-0.5401692862543324,-0.6400485059490374,174869.96,194264.17
1606,0.10394383930128556,-0.9863308241888208,South America,0.6546550715251392,1.6911979131138382,0.3641615477215225,0.7898927789846679,397088.17,356103.4
676,-0.9354945537115701,-0.9501281120669809,Asia,-0.7933903573777412,-0.3576794986780639,-0.10376628825707933,-0.6530282526965813,193347.08,207140.33
1860,0.4504233036389041,-0.2622765817520228,Asia,-0.4183641240680379,-1.6603117911372343,-1.6731915229233283,-1.8501866335301342,80100.87,82586.516
2781,1.4898616966517597,-1.1311416726761803,Asia,-0.7084719137053707,0.04434567900670779,-0.5570387129496095,-0.04390064674209373,221555.54,246731.73
2863,1.5591575895192835,0.6789939334158146,South America,-1.1302090641501512,0.32155971623956103,-0.6066356379481133,0.03273342933333669,258225.82,262207.28
2587,1.2819740180491885,-1.7103850666256188,Europe,0.8476952171256632,-0.019796472537128983,-0.6529279289105361,-0.707056356512427,193098.27,208689.86
1399,-0.10394383930128556,-0.6605064150922617,South America,0.7102822444714988,-0.15083849277379205,-0.42325556541966947,-0.2035369216646274,229708.9,233207.64
1370,-0.17323973216880928,-1.0225335363106607,Asia,1.6232718509693882,1.4120728677708794,-0.2718389621891767,0.774295960573856,334579.7,339259.94
104,-1.628453482386807,1.258237327365253,North America,-1.1745395917350876,0.5091775099933528,0.18097516429348043,0.2438597327293452,273474.03,290331.75
2087,0.6583109822414752,1.0772237667560534,Europe,0.5708935834792944,1.0878889474159399,1.5411279674896121,1.6639562073491008,464473.6,398843.25
599,-1.0740863394466176,0.7876020697813343,South America,1.1340359032613032,2.1681828569393184,1.1249192930834515,1.5233778656282255,457330.96,422250.3
1756,0.3118315179038567,1.4030481758526125,South America,-1.3043052276522245,-0.4241623198089072,-0.5551411557321375,-0.45131666853408275,215663.57,211558.77
1323,-0.17323973216880928,-1.1311416726761803,Asia,1.352859131559017,-1.130418175372248,-1.3989700703736527,-1.2273748261815371,148747.87,136279.62
