,Store ID,Employee Number,Area,Sales,Electronics Sales,Home Sales,Clothes Sales,Actual,Predicted
1801,0.3811274107713804,0.24456138795373578,South America,-0.9786767270623731,-1.077724334171192,-0.802268184984725,-0.8871877880232627,13978.75,16067.158
1190,-0.3811274107713804,-1.7465877787474586,Europe,0.7893042538038881,0.2669107182261855,1.2731254249789816,0.7193244311622065,24450.23,13341.045
1817,0.3811274107713804,0.35316952431925547,South America,0.45426546474182855,-0.20156653417181614,0.37421967371375725,0.585197172506992,5382.22,14985.34
251,-1.420565803784236,0.24456138795373578,South America,1.3317621238352721,1.443927338972562,1.7963845752608985,1.6067761786435544,14446.48,15688.464
2505,1.1433822323141412,0.2807641000755757,Asia,0.5021158273206088,0.5457795434223692,1.1620068820283322,0.38001796131214005,26930.53,10628.378
1117,-0.4504233036389041,-0.5881009908485819,Europe,-0.619270629681824,-0.5513925726312295,-0.8530045978600524,-0.8346102152180109,3832.28,13723.765
1411,-0.10394383930128556,-0.551898278726742,South America,-0.151155332395757,-0.14366945306700696,0.13134963290476334,-0.013865056345090493,8539.66,15817.533
2113,0.7276068751089989,-1.3121552332853799,South America,-0.9363362819839326,-0.7542105280462813,-0.7929186631167284,-0.8538844680940969,10208.59,17744.428
408,-1.2819740180491885,1.4754536000962923,North America,-1.3008951783347609,-1.1495586087060774,-1.2911251712030198,-1.3754006239187435,27358.79,15590.741
2579,1.212678125181665,0.2807641000755757,South America,2.322398675504529,1.4967268217110574,2.19478457982645,2.1756136789539764,21469.17,17370.963
2254,0.8661986608440464,0.24456138795373578,Asia,1.192299106207331,0.41800452714951747,1.7810902879267323,1.1183079496245996,26547.53,10943.235
52,-1.697749375254331,0.24456138795373578,Asia,0.17427977421292476,0.2306602976755141,-0.5766698482333806,0.002569292951791416,26856.21,10877.828
644,-1.0047904465790938,1.620264448583652,Asia,0.5284715683011143,-0.2077059630734039,-0.30485192842807185,0.610568015997975,27734.83,10215.699
1763,0.3118315179038567,1.1858319031215732,South America,1.5765879471173416,1.441816479147971,1.2543745321607278,2.2404116145187936,12496.04,15526.5205
2776,1.4898616966517597,-1.0949389605543405,Asia,-0.9900807052194835,-0.8345966427108584,-0.7808682212394411,-0.836485740772213,18870.41,14440.577
900,-0.6583109822414752,-1.7465877787474586,Asia,-1.417170859453021,-1.275195566400296,-1.1644125697874288,-1.4010146854729901,27308.15,16230.488
1073,-0.5197191965064278,-0.7691145514577814,Asia,1.033949395197017,2.058134332974935,1.0421961682181253,1.0688621987026552,27815.25,11567.141
472,-1.212678125181665,1.1134264788778934,South America,-0.2730444736441229,0.08060240651483842,-0.9259514888700362,-0.31110556060605127,9134.71,14706.657
2738,1.420565803784236,-1.5655742181382593,Europe,0.1846029744005431,0.10563984507292172,-0.16210782916386418,0.3355223633588119,20799.69,14815.253
2546,1.212678125181665,0.534183084928455,South America,0.2666568844976444,0.0011670656872202266,1.0605024700551502,0.285179055672553,23836.03,14677.455
44,-1.697749375254331,0.24456138795373578,Asia,0.9666002987513195,0.9684773509186891,0.13327579651244847,0.5808203799319838,16828.14,11005.817
289,-1.420565803784236,0.35316952431925547,South America,-0.4105242357415366,-0.42631811670539416,0.00935648990787901,-0.19971678416805536,15093.97,14906.07
912,-0.6583109822414752,-1.7465877787474586,Asia,-1.3857841891774707,-1.2283675898210396,-1.218981642984855,-1.4758406235367763,21105.24,16283.058
2083,0.6583109822414752,1.0410210546342136,Europe,-0.3557570184091623,-0.36565937660318387,-0.3195991185494114,-0.25488368082493407,25388.32,12186.804
1360,-0.17323973216880928,-0.9863308241888208,Asia,-0.05141975804149416,-0.22336337915044824,0.19482304102249398,-0.4202597887841198,26753.75,12043.337
2895,1.628453482386807,-0.551898278726742,Europe,-0.6756100383045575,-0.7688284786970988,-0.788782655865078,-0.8178612963422162,383.92,14978.795
2603,1.2819740180491885,-1.7103850666256188,Europe,0.8164745646527586,0.6088199483350701,0.3376243530671279,1.2334313549967628,26952.7,14912.619
1226,-0.3118315179038567,0.6065885091721348,South America,-0.5735458937494988,-0.35908673856112433,-0.7183620666907926,-0.3731086120003475,5298.41,15304.776
296,-1.420565803784236,0.5703857970502949,South America,1.3470361113224973,2.0957096087768585,1.669355515653574,1.8055071381820964,20658.95,16196.962
1241,-0.3118315179038567,0.46177766068477516,South America,0.49877398894492797,0.7414994124020505,-0.3079545298332729,0.8659985140751736,1341.31,14803.368
1005,-0.5890150893739515,1.4030481758526125,North America,0.4809668310204907,0.9890668077287459,-0.11703250171842591,-0.004696386584195571,26911.42,12875.791
1665,0.17323973216880928,1.0772237667560534,South America,0.5254603415422746,1.1366732633620396,1.050406202209298,0.14203743906608088,20465.49,14044.51
746,-0.8661986608440464,-1.7103850666256188,Europe,0.07170060861741306,-0.1595823009211448,-0.08890050080964834,0.2964135216960474,3607.53,13939.269
2851,1.5591575895192835,0.8600074940250141,South America,-0.6257596462892268,-0.5092218899506736,-0.7132450986414162,-0.4833611438657271,29922.72,15852.675
291,-1.420565803784236,0.35316952431925547,South America,-0.22559275018993913,-0.05522225840002407,-0.2645562520140798,-0.44468579097462363,15448.0,14974.666
781,-0.7969027679765226,-1.0225335363106607,Asia,-1.2565059352411507,-0.9888663988996856,-1.231656061748667,-1.1483804872709875,4759.12,14778.661
2144,0.7276068751089989,-1.2397498090417,South America,1.276487651159677,0.5428795255457088,0.6829940698421361,0.5295441228645208,24131.09,16320.138
322,-1.3512699109167123,-1.0225335363106607,South America,1.1288448693228923,1.2371616223729576,1.2164329232746924,1.503664744302711,3696.98,15340.962
298,-1.420565803784236,0.20835867583189588,South America,2.0919356645677487,1.2538994990997137,3.3166872742330114,1.4773091366393982,27053.22,16960.152
1298,-0.24253562503633297,0.17215596371005598,North America,-0.3463039904820928,0.05183164332581216,-0.014732474517440865,-0.5009379668357984,2777.28,13868.694
194,-1.4898616966517597,0.896210206146854,South America,-0.360995654219517,-0.6654712424119742,-0.8090103535780857,-0.027039604055993257,9037.96,15028.609
63,-1.628453482386807,1.5116563122181321,North America,-1.2738494292694986,-1.1317016412151737,-0.9239919511404356,-1.1715012097506114,17288.65,15068.268
393,-1.2819740180491885,1.222034615243413,North America,-0.3018675319493098,0.20639388466680508,-0.10726461139356218,-0.2990032676164294,28061.34,12883.638
727,-0.8661986608440464,-1.7103850666256188,Europe,-0.918744596272037,-0.900682125521779,-0.9771432201229229,-0.6669236772282867,10093.83,15668.116
1583,0.10394383930128556,-0.9501281120669809,South America,1.4350668126375512,1.3834530773760298,1.6356452686532332,1.1167843682527456,5462.03,15694.815
1547,0.03464794643376185,0.42557494856293526,Asia,2.7771749899684286,2.711006523865132,1.486667956154874,2.381260922114574,1030.89,15889.341
2425,1.0740863394466176,0.17215596371005598,South America,-0.8920819549369071,-0.8160419680510423,-0.5178098165039827,-0.7104319627408686,8893.23,16067.373
14,-1.697749375254331,-0.08126302114282331,Asia,-0.22572714852337483,-0.2838605034677696,-0.608212565208613,-0.24264548018645693,29701.62,11824.831
2567,1.212678125181665,0.6789939334158146,South America,3.0541778244190474,1.7310137355531046,1.7793411263584908,3.1228735693006087,2826.73,18967.004
1600,0.10394383930128556,-0.9863308241888208,South America,-0.40381560521640136,-0.6197824600237669,-0.43936334697552165,-0.680501134489858,23424.77,16714.443
1090,-0.4504233036389041,-0.5156955666049021,Europe,-0.031745726502385115,0.3331306180679534,0.4526190618916592,0.5572678675263095,25330.96,12581.04
2111,0.7276068751089989,-1.27595252116354,South America,1.1457752282584754,1.102165928179125,0.11831107863219681,1.1484075298729388,26976.66,16520.139
203,-1.4898616966517597,0.896210206146854,South America,1.8032088016914138,0.7262744170957957,1.351290002370551,2.466774581056147,890.05,16080.063
2418,1.0740863394466176,-0.008857596899143517,South America,-0.5450532399758936,-0.5192294546988927,-0.8637892069704083,-0.752870258659651,11766.59,16301.826
152,-1.5591575895192835,-1.3121552332853799,Asia,1.0727435052059895,1.1508552455784968,1.9524205145443514,0.9809557157184248,18878.96,11844.312
2901,1.628453482386807,-0.2622765817520228,Europe,-0.5980450118356793,-0.3910425152669937,-0.9325553932440335,-0.5384105370345332,15629.52,14378.6875
1359,-0.17323973216880928,-1.0949389605543405,Asia,-0.41394839050788085,-0.10304515751845296,-0.21279239295693025,-0.28164276432078605,15382.41,12285.327
772,-0.8661986608440464,-1.7103850666256188,Europe,-0.28803102679111897,-0.6322686590534102,0.02759425560168463,-0.6706447153975684,20939.15,14350.329
2678,1.3512699109167123,-0.045060309020983416,Asia,-0.2996198285423609,-0.7170570300244357,0.03815060955679837,-0.15186709869735432,22321.29,11830.28
1001,-0.5890150893739515,1.584061736461812,North America,1.0764489852974068,1.329358697434214,0.3612860095386386,1.6605579498458503,302.21,13696.316
718,-0.9354945537115701,-0.913925399945141,Asia,1.7941171375422262,0.8381618133443458,1.3910910266204406,1.1620365187847008,9491.26,11757.649
612,-1.0047904465790938,1.3306427516089328,Asia,-1.352118959791301,-1.4547471557487464,-1.3688821075340514,-1.3499997674886384,17169.46,14277.813
842,-0.7276068751089989,-0.08126302114282331,Europe,-0.6816872658733829,-1.0845547690993917,-0.8775482846964684,-0.8384906617337625,5359.88,13726.048
266,-1.420565803784236,0.24456138795373578,South America,-0.3921191191302034,-0.21645962584178646,-0.36740516432727954,-0.3589943195257983,21146.13,15146.895
51,-1.697749375254331,0.13595325158821608,Asia,-0.7106251529549797,-0.6888333953949858,-0.3900101722602924,-0.9156009808620567,6280.48,12550.625
1195,-0.3811274107713804,-1.7465877787474586,Europe,0.36476331911517695,0.46450335938637716,1.4546544256740501,0.5190132620647875,16201.97,13207.292
1270,-0.24253562503633297,0.42557494856293526,North America,0.13533097151508233,0.6575750946029213,0.01680666665901478,0.5381408479364834,20500.82,13353.338
1491,-0.03464794643376185,1.1134264788778934,Asia,-0.7235852732948354,-1.1287665408876473,-0.8784654770826773,-0.9006488743605017,25587.99,12053.84
1582,0.10394383930128556,-0.9863308241888208,South America,0.4450210752137362,1.252838747692062,-0.11591089283548509,0.42073023009046073,16540.13,15939.972
521,-1.1433822323141412,0.9324129182686939,North America,1.3661122877173408,1.8523087472215776,2.067490315143192,1.1317528969285369,8250.74,14676.474
1694,0.24253562503633297,0.06354782734453628,South America,-0.3684193501458126,-0.02933062129107468,-0.323874581953351,-0.3754433921513063,28664.43,15615.141
2663,1.3512699109167123,-0.045060309020983416,Asia,2.4500840296245365,2.1133497746051058,3.272250226869203,2.838960225714578,15290.4,17503.857
2748,1.420565803784236,-1.601776930260099,Europe,-1.3337355871322187,-1.1540692658438538,-1.1386304646413687,-1.3232446479658782,14013.9,17107.006
1921,0.5197191965064278,1.7288725849491715,South America,-1.2170883950583602,-1.3201283022630943,-1.2527753252899843,-1.251446335921277,11393.71,16488.299
102,-1.628453482386807,1.8012780091928513,North America,-0.6212259287023153,-0.5586305946852235,-0.45996590759361417,-0.47478480494109276,9028.91,13419.88
695,-0.9354945537115701,-0.9863308241888208,Asia,2.2673244542749,1.8596260004286513,1.234595001227726,2.2607966292833357,1690.0,13970.712
2332,0.9354945537115701,-0.15366844538650312,South America,-0.11218085112573266,0.28865592499062165,-0.1371356424407139,-0.4989636250952413,13347.67,15801.153
2724,1.420565803784236,-1.5655742181382593,Europe,-1.260799951640155,-1.0487675157371223,-0.9198386608613647,-1.004373591966804,1038.76,16489.783
2272,0.8661986608440464,0.35316952431925547,Asia,-0.530275739398394,-0.07577702694405587,-0.30993373445614486,-0.6883313970504645,13352.9,11407.067
2482,1.1433822323141412,0.09975053946637617,Asia,0.5416171334908803,0.23788294652070124,0.641467126716053,0.6526642776671382,783.37,10972.928
1842,0.3811274107713804,0.35316952431925547,South America,-0.6266754808495023,-0.5257035465306535,-0.288923532777515,-0.30423939292951163,23295.96,15503.704
1830,0.3811274107713804,0.534183084928455,South America,-0.1711856541238891,-0.30719269840285,-0.6633859483992919,-0.09237607367939872,5535.36,15449.07
794,-0.7969027679765226,-1.0225335363106607,Asia,0.04341120902603722,0.3741956122689614,0.4725648674677749,0.07393581507034186,25906.4,11581.259
1820,0.3811274107713804,0.42557494856293526,South America,-0.15339910118277508,-0.3774707311847039,-0.4310204124631502,-0.14795465725593496,2629.27,15452.971
2001,0.5890150893739515,0.13595325158821608,North America,-0.2495522040897819,-0.1186422633147945,0.40291009519815363,-0.6243497568015842,2259.37,13946.663
144,-1.5591575895192835,-1.2397498090417,Asia,-1.5451931412902855,-1.529589060621938,-1.4672815342361816,-1.3900155095665763,24562.05,16797.771
2525,1.212678125181665,0.31696681219741557,South America,-0.20953422019698104,-0.7128632974989784,-0.665899734939272,-0.2512478680771218,14978.76,15948.221
1330,-0.17323973216880928,-1.0587362484325005,Asia,0.6618405844542089,0.6043057435337233,-0.24098220261259695,0.805007691523914,22635.88,11949.071
2477,1.1433822323141412,0.13595325158821608,Asia,0.044704767099697285,-0.08037558730141833,0.6424176932241775,-0.007575080471510105,6858.63,11093.04
2881,1.628453482386807,-0.2622765817520228,Europe,-1.0886923243276423,-0.8679021083129741,-0.6112865602236005,-1.0032107321462866,4380.46,14943.908
321,-1.3512699109167123,-1.0587362484325005,South America,0.16781260510040297,0.2288703043116546,0.1895225153025831,0.3684655280185111,11144.02,15786.753
1261,-0.24253562503633297,0.5703857970502949,North America,-1.1480210086717049,-1.1310878954174355,-1.2770913529376209,-1.3019179064511432,26692.73,15272.656
2414,1.0740863394466176,0.027345115222696382,South America,-0.7080116334370692,-0.7549567199506605,-0.12093667801605719,-1.0142931514876243,12793.88,16004.485
1269,-0.24253562503633297,0.35316952431925547,North America,-0.7394602222052192,-0.5015025682055828,-0.5770095491171618,-1.0504913043374062,15218.19,14199.489
1760,0.3118315179038567,1.584061736461812,South America,0.6481172513903517,0.9808015399786022,0.19805615908304222,0.3714336944413221,9790.84,14151.769
416,-1.2819740180491885,1.1134264788778934,North America,1.5468553703522945,2.058478062156456,1.9133131952571307,2.217258047690697,9377.94,15856.351
2631,1.2819740180491885,-1.7103850666256188,Europe,-0.7659551244801295,-0.5387486996651092,-1.1677332949180048,-1.0093005273787408,21167.6,16275.717
2291,0.9354945537115701,-0.18987115750834302,South America,0.954671980717077,1.1329139225315772,0.2810009834725202,1.155839129996903,29662.6,15253.638
174,-1.5591575895192835,-1.3121552332853799,Asia,0.456095166552414,1.0732327608355268,-0.16486000228895392,0.7292909920782558,6088.09,11724.291
1725,0.24253562503633297,0.09975053946637617,South America,0.4369937257559082,0.45775728001419275,1.3265812328239466,0.47172362936374396,24864.67,14572.769
2175,0.7969027679765226,0.6427912212939747,South America,-0.6425815960914456,-0.6909481970679883,-0.3341865896587271,-0.7491146772962851,17442.63,15474.826
45,-1.697749375254331,0.06354782734453628,Asia,-0.2112979653524065,-0.28599895623124394,0.1154653387724516,-0.14436839417176778,436.34,10937.266
685,-0.9354945537115701,-1.0225335363106607,Asia,-0.8394233832597067,-0.4305276166244989,-0.26976559486518636,-0.8588249942709191,11810.46,12743.085
1607,0.10394383930128556,-1.0225335363106607,South America,2.621132415834549,2.6520053310201397,3.689477407960245,2.3863704834296597,12208.05,20638.557
1231,-0.3118315179038567,0.534183084928455,South America,-0.631625025637552,-0.14425797103490878,-0.7730288783881136,-0.4516043397241597,11311.06,15347.6455
862,-0.7276068751089989,0.06354782734453628,Europe,0.39637633357939484,0.25030607597575366,1.1668288466786352,-0.0017078340140562706,11405.85,11772.606
1965,0.5197191965064278,1.3306427516089328,South America,0.12097488944072839,0.7538519827705296,-0.398926426509852,-0.007737603368266285,26697.86,14398.679
331,-1.3512699109167123,-1.1311416726761803,South America,-0.3957624736437613,-0.32503232176074126,-0.5223874349045486,-0.6227321726392723,23201.43,16502.668
93,-1.628453482386807,1.2944400394870927,North America,0.4912140309178609,0.6056924858050415,0.46715468391871384,0.5409937759987029,26513.58,13225.35
1641,0.17323973216880928,1.7288725849491715,South America,-0.19460896428680627,-0.5106326774973049,-0.7255065126465255,0.04667585526027131,17164.13,14457.343
2986,1.697749375254331,-1.1673443847980203,Asia,1.6186865166126494,0.6395667601329995,1.8001254567477292,1.8436300831087902,11191.88,14284.073
506,-1.1433822323141412,0.8600074940250141,North America,0.09240054053223835,0.0948115874853382,0.707210571090489,0.06170978949207447,29183.81,12856.014
2909,1.628453482386807,-0.4794928544830622,Europe,0.7726044843047928,0.25717474683354924,0.9675847428776141,0.9853435507899024,5308.81,13402.7295
2045,0.6583109822414752,0.8238047819031742,Europe,-0.18272630855229016,-0.1391757458774018,0.6411697394511289,0.028284152678939016,3225.81,11800.983
495,-1.1433822323141412,0.6789939334158146,North America,-1.083985379921133,-0.9195182481582072,-1.2812011376649093,-0.956629234923966,14760.05,15128.198
2132,0.7276068751089989,-1.2397498090417,South America,1.0016980404202944,0.5185539848108214,0.927473220100619,0.6169347230649718,23589.51,16210.185
0,-1.697749375254331,0.027345115222696382,Asia,-1.748022073939476,-1.585389078371598,-1.6254373262277213,-1.7367963338218098,16022.68,16530.668
314,-1.3512699109167123,-1.1311416726761803,South America,-0.594591140334592,-0.6439798906852671,-0.28949029688361305,-0.6522377232057397,20736.35,16534.828
1272,-0.24253562503633297,0.5703857970502949,North America,-1.409963671165565,-1.2318171013663233,-0.8570345230813292,-1.3039811544453264,17466.03,15095.876
1941,0.5197191965064278,1.258237327365253,South America,0.21029148667483982,0.20845034698331116,0.7752198799563916,-0.10346245699382808,14632.76,14067.36
2967,1.697749375254331,-1.20354709691986,Asia,-0.8368294332988216,-0.7670917002868006,-0.07995385227048693,-0.6797709140181963,27319.28,13932.634
1316,-0.24253562503633297,0.31696681219741557,North America,0.7579394310232185,1.0980928162150732,0.802917421313807,0.11913218683807969,9200.06,13071.804
755,-0.8661986608440464,-1.7103850666256188,Europe,1.3506860925643602,1.2358608123970194,0.45338666669571176,0.5695921430090619,26571.06,13389.249
1770,0.3118315179038567,1.1858319031215732,South America,-0.4624183521831783,-0.5410893692521157,-0.40988505782733786,-0.0712132707660957,4889.17,14817.783
1200,-0.3118315179038567,0.35316952431925547,South America,-1.5197336653130302,-1.628538127827996,-1.6318511173000938,-1.5015124458417863,22859.09,17799.123
2174,0.7969027679765226,0.2807641000755757,South America,0.022841844367346056,-0.05656169849039949,-0.05881849763467462,0.0439670459340258,23004.11,15384.017
1991,0.5890150893739515,0.35316952431925547,North America,0.9887808902717917,1.0452755951587236,1.237071837847014,0.6043018239629442,9652.1,13063.093
879,-0.7276068751089989,0.20835867583189588,Europe,-0.6342639130997548,-0.36613791700039267,-0.5568438319162824,-0.8670442924763736,2145.09,12760.897
765,-0.8661986608440464,-1.7103850666256188,Europe,-0.3548374563142151,0.023740454803003283,-0.12714366872584706,-0.2649309369074913,18785.22,14058.241
927,-0.6583109822414752,-1.7465877787474586,Asia,-1.0683301484711116,-0.7780799969199086,-0.7063444029689575,-0.8822645334434824,26823.22,14551.535
2377,1.0047904465790938,0.38937223644109537,South America,-0.32250337097631054,0.17627225002700844,-0.6172223861928283,-0.4245522053604635,18321.22,15611.164
1374,-0.17323973216880928,-1.0225335363106607,Asia,0.017945313405736567,0.4445986016454738,0.02047126443861159,0.42566197889829466,15324.28,11881.628
1814,0.3811274107713804,0.13595325158821608,South America,-0.14620206007303593,-0.06708525119574064,0.5685899637822138,-0.4429722220353073,1324.68,15170.859
1798,0.3118315179038567,1.3306427516089328,South America,1.0099873527314296,0.540476968938635,1.285037602636906,0.7628327166747886,13710.46,14174.47
929,-0.6583109822414752,-1.7465877787474586,Asia,0.45587876245620446,-0.13013866420820105,0.930914926423138,0.3323486366171072,15564.25,12097.233
436,-1.212678125181665,1.1496291909997332,South America,-0.9662782219463653,-1.0046156600447282,-0.6173022456988398,-1.0269229360393657,5372.85,15412.083
196,-1.4898616966517597,0.6789939334158146,South America,-0.2987808226133709,-0.3973912563192553,-0.6246534920171556,-0.5036283720012615,15643.37,15042.706
1762,0.3118315179038567,1.6926698728273317,South America,1.064135281595177,0.4230749267617888,2.213522361382523,0.747020144871419,19663.97,14252.813
1064,-0.5197191965064278,-0.8053172635796213,Asia,1.3720298525510672,1.062497925055306,2.110753904541798,0.48304360394964324,25665.34,11517.347
2342,1.0047904465790938,0.2807641000755757,South America,-0.2992311295102212,-0.45284715070255355,-0.5350457625738656,-0.4426927619323489,2794.22,15825.579
2528,1.212678125181665,0.31696681219741557,South America,-0.20762913935192606,-0.4837232551283941,-0.14326277364449186,-0.17994760093738815,4485.1,15627.497
1268,-0.24253562503633297,0.31696681219741557,North America,-0.09408988285310818,0.1496600430283575,-0.561494158225307,-0.39738228436775974,19295.36,13972.979
2323,0.9354945537115701,0.027345115222696382,South America,-0.5075810587211366,-0.6560305154653915,-0.5349325289459385,-0.8874216624356678,23182.46,16131.703
2779,1.4898616966517597,-1.1311416726761803,Asia,-0.8759301330345302,-0.5551168310108253,-0.5476611806578628,-0.8685735366669299,5930.37,14026.194
2225,0.8661986608440464,0.35316952431925547,Asia,0.11138011165351056,0.0701462594173416,0.3208145230181284,-0.22885991433757585,24832.86,10991.192
450,-1.212678125181665,1.4392508879744523,South America,-0.812552931866637,-0.7756987262942592,-0.2527561160511573,-0.7176962265721801,10738.84,14690.146
2164,0.7969027679765226,0.6427912212939747,South America,-0.8488815883182641,-0.5440449671913842,-1.1729480014672762,-0.6150743429081508,2220.94,15943.178
2372,1.0047904465790938,0.6065885091721348,South America,0.2030382219171381,0.7403286834237061,-0.18158341720085136,0.693471398658723,12170.46,14931.073
2012,0.5890150893739515,0.24456138795373578,North America,0.2708782139705533,0.6267999014964264,0.6606691661466271,0.659344138608372,25177.08,13377.429
270,-1.420565803784236,0.46177766068477516,South America,-0.12247775148539079,0.009071654307672117,-0.17429117156235033,-0.36433237557552206,8572.75,14812.507
1840,0.3811274107713804,0.534183084928455,South America,-0.13461781419750404,-0.5737381229088031,0.34693930888028357,0.052340939090053024,28417.44,15008.956
2934,1.628453482386807,-0.2984792938738627,Europe,-0.27703759516102855,-0.33161442023898935,0.24446645140509404,-0.563388097766641,25238.3,13410.405
978,-0.5890150893739515,1.1496291909997332,North America,-0.8663709739119514,-0.9840463066615723,-1.0660745276309647,-0.5468801318266291,3989.96,14150.372
2166,0.7969027679765226,0.35316952431925547,South America,-0.9820776882796503,-0.8398456080561904,-0.46954308865039,-0.84238526529627,1895.34,15847.56
354,-1.3512699109167123,-1.0225335363106607,South America,0.44859350302590495,0.48997164197588516,1.1180853456548236,0.22556996088465447,7114.33,15256.858
1876,0.4504233036389041,-0.18987115750834302,Asia,-0.45452540105878575,-0.015719418724665278,-0.4248855336953561,-0.7024720216319796,27378.53,11798.239
184,-1.4898616966517597,0.8238047819031742,South America,-1.0251358908676251,-1.288872992020026,-1.344228762868485,-0.6788753392404275,378.23,16479.719
2744,1.420565803784236,-1.5293715060164192,Europe,0.7544274721068329,0.7835352838669186,1.3936399751817246,0.7019441080011051,29984.88,14745.112
1614,0.10394383930128556,-0.9863308241888208,South America,-0.20526505402912057,-0.3459773332975543,0.29623924995918527,0.2893972893238967,7959.72,16165.642
2759,1.420565803784236,-1.5293715060164192,Europe,3.6788584825766804,3.8663212981796033,4.301438418662033,3.1668943399057494,27553.08,23811.799
1706,0.24253562503633297,-0.18987115750834302,South America,-0.5624065705540688,-0.25669683187628883,-0.6224984772877653,-0.612896139694311,11512.22,16062.068
1861,0.4504233036389041,-0.22607386963018292,Asia,-1.1796173527725304,-1.0775138394659947,-1.3049933107917677,-1.1811172421889882,13595.22,13944.621
246,-1.420565803784236,0.46177766068477516,South America,-0.5808336382029123,-0.8738235529973819,-0.646626775499628,-0.5357107882182112,29434.31,15457.778
555,-1.0740863394466176,0.7151966455376545,South America,-0.8887077077181096,-0.6339995246910904,-1.0397369817415991,-0.7668446795122534,14621.24,15585.663
1752,0.3118315179038567,1.5478590243399721,South America,-1.3224489227746326,-1.0788619516228763,-0.9887139089976774,-1.3225891767010869,7092.12,16074.993
1364,-0.17323973216880928,-1.0949389605543405,Asia,0.8459327534489272,1.0068867218445776,-0.04038287107522766,1.210696270470766,12595.16,11772.491
67,-1.628453482386807,1.4754536000962923,North America,-0.36208544039779866,-0.22140861652297014,-0.306172590109579,-0.46541255684784966,13769.67,13198.792
2618,1.2819740180491885,-1.7103850666256188,Europe,0.48028251778037034,0.5569574429640917,-0.08191100613423609,0.3558801965935831,24223.26,14815.573
2284,0.9354945537115701,0.06354782734453628,South America,-0.8144778928966071,-0.875802755085014,-0.25288484480711665,-0.9174368666853426,8720.99,16024.893
532,-1.1433822323141412,0.8600074940250141,North America,0.2251968624000995,0.7298291759936778,0.2534363426363036,0.2987828450410898,4316.28,12960.278
2873,1.5591575895192835,0.7876020697813343,South America,0.6375909005631335,0.1409867939675784,0.09756667799596401,0.4158684170936007,27649.53,14957.055
2705,1.420565803784236,-1.601776930260099,Europe,0.055534394289498634,0.4188709454304605,-0.6625742420769939,0.09526935196751964,28432.32,15039.736
1502,0.03464794643376185,0.13595325158821608,Asia,-0.5211743422420083,-0.8670605236770261,-0.2954022841943296,-0.1487780310952495,20498.3,11512.368
761,-0.8661986608440464,-1.7103850666256188,Europe,1.112189830239855,1.589126113595846,-0.05753776570617371,0.7749907884286285,16758.67,13496.739
2752,1.420565803784236,-1.5655742181382593,Europe,0.23656988131091022,0.14327582534038896,-0.4725974167721061,0.5717938469205163,9610.54,14908.099
1211,-0.3118315179038567,0.6427912212939747,South America,1.0197817607088355,0.43581419245947794,0.1963743417250943,0.4369329701024187,29732.56,14604.942
2243,0.8661986608440464,0.42557494856293526,Asia,1.7088676948053028,2.6216826621113345,0.3518041831159065,0.904065963378585,29592.66,12074.439
1793,0.3118315179038567,1.7650752970710115,South America,0.6457990354525323,0.6089937838500366,0.7953557988341323,0.253551363797398,21593.34,13973.963
535,-1.1433822323141412,0.6427912212939747,North America,0.0057465420225461675,0.05921038936811214,0.771325835088627,0.26996561008788655,13245.12,12916.091
1746,0.3118315179038567,1.7650752970710115,South America,-0.8332067873112169,-0.7846565768103799,-0.6142491095100494,-0.6983027713624107,10797.24,14869.864
463,-1.212678125181665,1.584061736461812,South America,-0.31440354167764617,0.1800390803694534,0.4678877226679254,-0.17514666324157765,2984.84,13966.822
2677,1.3512699109167123,0.17215596371005598,Asia,-0.5105511790559594,-0.4568414256983667,-0.8630901383095745,-0.6038135447776904,13926.34,12505.017
1839,0.3811274107713804,0.31696681219741557,South America,-0.7597476402830592,-0.597156644324105,-0.337836884243217,-0.5812279586654344,11082.26,15611.321
2862,1.5591575895192835,0.9686156303905338,South America,0.021328568833323625,-0.10764963064843337,-0.014752141410712074,-0.06084238459470214,3843.02,14983.409
124,-1.5591575895192835,-1.3121552332853799,Asia,-1.0566103652932164,-1.0789112247280255,-0.826134257952967,-0.949427545239315,16334.67,14724.861
178,-1.5591575895192835,-1.27595252116354,Asia,1.1559833925844245,0.7684005568892969,2.039969179858757,0.5562932964276437,8158.49,11562.835
192,-1.4898616966517597,0.6065885091721348,South America,-1.6058020267087685,-1.2489381257587189,-1.083525617593909,-1.4558313367931317,25750.25,17246.242
2307,0.9354945537115701,-0.11746573326466321,South America,-0.819052095651757,-0.5012605387130901,-0.3180800000358005,-0.731006681931938,2585.19,16090.4
1429,-0.10394383930128556,-0.6967091272141016,South America,-0.19944129881796133,0.4006852277820017,-0.12191823478024581,-0.10057243746910911,22539.22,15934.821
1691,0.24253562503633297,-0.08126302114282331,South America,0.8421213492472595,1.1705262517085726,0.039968903234721125,0.3761165623671897,15778.71,15157.962
741,-0.8661986608440464,-1.7103850666256188,Europe,-0.40067929896080506,-0.6058535444753557,-0.5500372989449421,-0.45661678369850117,23437.71,14701.341
1034,-0.5197191965064278,-0.8053172635796213,Asia,-0.1614706633435134,-0.16977079651147153,-0.41351032182039144,-0.27599155439682516,572.93,12074.247
1966,0.5197191965064278,1.258237327365253,South America,1.90053224694266,1.4392724101829089,1.9556262181476116,1.1523060974085377,20744.38,15457.071
478,-1.212678125181665,1.5116563122181321,South America,1.9624196767534872,2.4490273365595634,1.432940983569347,1.8825860286665927,26220.41,17131.062
1027,-0.5197191965064278,-0.8415199757014612,Asia,-1.09132033981372,-1.0722715752629632,-1.3859678700553153,-0.990031654180422,11305.07,14449.007
2601,1.2819740180491885,-1.7103850666256188,Europe,-0.32451396176109654,0.012568468033899037,-0.4246256923175867,-0.12536539031152222,24983.5,15121.737
368,-1.2819740180491885,1.3668454637307725,North America,0.10840408938879069,-0.15917156031662102,0.30912166101850536,0.09774145547200896,19002.35,12794.1
2523,1.212678125181665,0.6427912212939747,South America,-0.7901212494689841,-0.4461073782878281,-1.0815303218765417,-0.9303611178096036,4717.03,16188.394
845,-0.7276068751089989,0.09975053946637617,Europe,0.01658113925857637,0.696651426280109,0.3618217833886726,0.10420641244349066,17209.6,12006.054
256,-1.420565803784236,0.24456138795373578,South America,-0.22888592352963041,-0.49026948278609345,0.39856847951684615,-0.5782844255039783,15207.61,14872.58
1222,-0.3118315179038567,0.534183084928455,South America,0.09891720302178832,0.15132271468851172,-0.1935516157062761,-0.1665618300888898,29921.43,14953.917
1992,0.5890150893739515,0.534183084928455,North America,-1.378962179472742,-1.2920824449970225,-1.2352652346472253,-1.129742452076105,29249.71,15563.658
211,-1.4898616966517597,0.7876020697813343,South America,-0.7954742998852296,-0.9522785561249522,-0.9417189735756443,-0.8509899183144157,11789.23,15805.097
2689,1.3512699109167123,0.17215596371005598,Asia,-0.2924125367122751,-0.18943352475988243,-0.23865018584376255,-0.34661030130573667,22706.39,11646.452
1949,0.5197191965064278,1.8374807213146913,South America,0.3214222380626827,0.35072348171525747,0.44343581466677645,0.5677791916015203,6578.48,13952.577
1362,-0.17323973216880928,-1.0949389605543405,Asia,0.02861134324050828,0.018572297350116142,-0.24477314528230154,0.08146141798476467,1285.12,12223.174
2151,0.7276068751089989,-1.3121552332853799,South America,-0.8721369523357017,-0.46995201351646027,-1.1822051485335425,-0.9045097841517303,29042.2,17875.885
2153,0.7276068751089989,-1.27595252116354,South America,1.0123895417419888,0.9012779017465564,0.17657812373113493,0.5045014397173361,25420.5,16403.424
567,-1.0740863394466176,0.7151966455376545,South America,-1.0307907680496369,-1.2794373894763786,-0.823733705040914,-0.8645498208380101,25546.12,15894.148
2206,0.7969027679765226,0.42557494856293526,South America,1.0576291804538627,0.14491445172522976,1.0394839248460415,0.7780858019903709,28966.78,14622.269
2093,0.6583109822414752,1.0048183425123736,Europe,0.5268492623779488,0.36412773724004033,1.0141523703458382,0.9522675930316339,19611.98,11335.017
1710,0.24253562503633297,-0.15366844538650312,South America,-0.6727203705930626,-0.6220915948234781,-0.24724044643818543,-0.5926306104043872,21649.76,15940.425
1263,-0.24253562503633297,0.17215596371005598,North America,-1.2360753177063453,-1.1772930599476064,-1.4273577408949603,-1.4481706756526591,1770.31,15838.919
2123,0.7276068751089989,-1.27595252116354,South America,1.3141792392469072,1.6968197773189393,0.37615358488545825,0.9292578617985755,4672.59,16614.26
798,-0.7969027679765226,-1.0225335363106607,Asia,-0.85287025750209,-0.6259479051248735,-0.42155110133613627,-0.5738957410096952,3115.18,12823.421
80,-1.628453482386807,1.222034615243413,North America,0.9031239037441114,0.7707972007237525,1.08165451175192,0.8147151784843328,21977.16,13709.821
32,-1.697749375254331,0.20835867583189588,Asia,0.07395286790007137,-0.24662777429284363,0.2594073306268351,0.0542504415564689,24655.8,10624.596
414,-1.2819740180491885,0.9324129182686939,North America,0.05071759115280869,0.2166785613583831,-0.8158067551195589,0.2976298951533014,19890.82,13275.789
1804,0.3811274107713804,0.20835867583189588,South America,-0.4194092288017125,-0.4723589061567873,-0.549452655844961,-0.6532799649878985,19072.1,15782.075
2213,0.7969027679765226,0.46177766068477516,South America,1.3887768374893361,1.9867119815990972,0.3723680059139189,1.9571650678349581,15108.24,15206.825
1321,-0.17323973216880928,-1.1311416726761803,Asia,-0.7653271384306016,-0.9506182495738457,-1.197761065144866,-0.31780042801684666,10917.59,13719.345
1567,0.10394383930128556,-1.0949389605543405,South America,-0.7058498704128255,-0.9612655763193215,-0.35201194656029355,-0.5429464548150761,5094.61,16848.553
783,-0.7969027679765226,-0.9501281120669809,Asia,-1.1145426737322621,-0.9387398835693225,-0.6715614163356237,-1.162760365942675,40.67,13795.45
2991,1.697749375254331,-1.1311416726761803,Asia,-0.5302490253999147,-0.5015281902202602,-0.4861294312758495,-0.7545606100422876,26796.06,13948.196
1412,-0.10394383930128556,-0.7329118393359415,South America,0.17719615592289958,-0.15798979416272327,-0.11205022208963605,0.15439569146104695,12017.68,16070.073
457,-1.212678125181665,1.3306427516089328,South America,-0.7471012541113927,-0.5187564328894606,-0.9053179379958793,-0.4342704516764172,15579.38,14973.677
139,-1.5591575895192835,-1.27595252116354,Asia,-0.38614315625328877,-0.7566304287863678,-0.3329809495045356,-0.07535873719711506,6028.01,13013.362
2230,0.8661986608440464,0.31696681219741557,Asia,0.9789710544425502,0.705481166722842,1.1605479561274616,0.3804514500838011,24145.77,10551.13
1025,-0.5197191965064278,-0.7691145514577814,Asia,0.011697965296206413,-0.5263192632525978,0.09323400181159819,-0.06741295313498163,16313.95,11862.288
88,-1.628453482386807,1.2944400394870927,North America,-0.07481096998918424,-0.6458865627621198,-0.9254550488065456,-0.3956630526097412,15868.11,13730.329
1442,-0.03464794643376185,0.9686156303905338,Asia,-0.38538066832769563,-0.326953184491877,-0.11310448676228316,-0.5783118901746844,7585.09,10621.254
1831,0.3811274107713804,0.17215596371005598,South America,-0.6134310324483104,-0.6238334976367119,-0.5634536959549074,-0.3233100674732501,19845.58,15816.964
2576,1.212678125181665,0.534183084928455,South America,0.6744657443867729,1.0734136916776345,1.8770486359973408,0.6736249179527695,23520.57,14408.988
254,-1.420565803784236,0.24456138795373578,South America,-0.3166608745491635,-0.47302310761419814,-0.402278737862955,0.08365830850032215,22763.29,15173.349
605,-1.0047904465790938,1.3668454637307725,Asia,-0.26330421846208407,-0.46895787934697036,0.12878638114837326,0.024548674321966526,23968.46,10136.761
1044,-0.5197191965064278,-0.7691145514577814,Asia,-1.3550553252288202,-1.1688890391333622,-1.2832435147328354,-1.1796553855409893,8725.92,14815.767
568,-1.0740863394466176,1.1496291909997332,South America,-0.01565302744160454,-0.3738777363572257,-0.05058343305206534,-0.02063722123117217,20125.95,14370.899
1732,0.24253562503633297,-0.18987115750834302,South America,0.044164481657581085,0.05842004876151919,-0.5599571607178132,0.2399713582674103,11138.57,15842.813
2542,1.212678125181665,0.46177766068477516,South America,0.874792051674532,0.3665200450412428,0.2395401926238055,0.3568213570619052,25506.62,15033.053
857,-0.7276068751089989,0.09975053946637617,Europe,0.3518592153380248,-0.3336129373838399,0.5401325651847618,0.16753399713225503,5964.86,12173.48
2472,1.1433822323141412,0.20835867583189588,Asia,-1.7095531913305964,-1.5422372696213116,-1.712418035503104,-1.7328349089986155,11899.37,16396.781
817,-0.7969027679765226,-1.0587362484325005,Asia,-0.6989206940862897,-0.8507645281572485,-1.047949399598623,-0.7950087083281464,6822.65,13689.071
2030,0.5890150893739515,0.46177766068477516,North America,-0.27361437227835217,-0.21155517804765783,-0.8051020055152146,-0.3235258208658076,15572.98,14243.12
1877,0.4504233036389041,-0.18987115750834302,Asia,0.5044566155517171,-0.29693995068340884,1.1852030886924165,0.30358378273690034,2127.4,10960.728
141,-1.5591575895192835,-1.27595252116354,Asia,0.037148018894153256,-0.4200726520815253,-0.6915096057775906,-0.3003428073804586,3831.4,13029.588
443,-1.212678125181665,1.3306427516089328,South America,0.9501561760051151,0.38430172322747885,1.8908446636440925,0.6336442853507855,26298.41,14678.291
1174,-0.3811274107713804,-1.7465877787474586,Europe,0.3131478358902345,-0.18787807137653287,-0.01603168140628763,-0.0677544211027303,11264.92,14073.808
486,-1.1433822323141412,0.9686156303905338,North America,-0.5537599326276134,-0.48167507069355303,-0.8712131611971823,-0.6609080649208324,1437.42,13850.012
881,-0.7276068751089989,0.24456138795373578,Europe,0.805641209928286,0.19939079677816238,0.9132957739176915,0.7420326172993678,15031.42,11779.173
2564,1.212678125181665,0.534183084928455,South America,0.6850723407520599,1.1508248933457248,0.5012141672662402,0.28152823645517966,27382.15,14667.186
1084,-0.4504233036389041,-0.2984792938738627,Europe,-0.6413391880768897,-0.7634352416998902,-0.6169565851504311,-0.6574628060223529,1669.16,13349.788
1299,-0.24253562503633297,0.35316952431925547,North America,-0.8940019459206483,-0.7861418652919968,-0.28064317474373474,-0.8911662013025641,24462.88,14108.677
175,-1.5591575895192835,-1.2397498090417,Asia,0.29662398531911,0.045357551494051275,1.0817045729347932,0.5320077321409566,1684.08,11333.126
1094,-0.4504233036389041,-0.4070874302393824,Europe,-0.019704754086957512,0.356475426917952,-0.6295261138167946,0.1465008727672343,21231.08,13059.625
2700,1.420565803784236,-1.5293715060164192,Europe,-1.6184654974143464,-1.5624108614239092,-1.3759413302856078,-1.418959308517776,4629.35,17978.885
2846,1.5591575895192835,0.7151966455376545,South America,-0.2525213925409369,-0.446793654096346,-0.18865575121458872,-0.24139512981698882,20571.58,15416.177
1963,0.5197191965064278,1.5116563122181321,South America,-0.31368723376492863,-0.38568081305708074,-0.6769245185341256,0.09770351458670365,29441.63,14658.786
2681,1.3512699109167123,-0.045060309020983416,Asia,1.3792420108847523,1.622748897995122,1.5525687356754823,1.6851807349862595,11760.57,12893.79
2097,0.6583109822414752,1.0410210546342136,Europe,0.40672811153282856,1.0912883974863923,0.8739780784691116,0.6661817090504653,19973.79,11299.71
2155,0.7276068751089989,-1.2397498090417,South America,-0.19470919355241917,0.5045482032183769,-0.33236829598080414,0.05397352972192643,17457.84,16640.434
1556,0.03464794643376185,0.06354782734453628,Asia,1.8322891634315677,0.804760166640979,2.3933236553020096,2.7325946526064575,4039.77,13810.329
1670,0.17323973216880928,1.3668454637307725,South America,-0.23432211867757752,-0.7053339728473428,-0.9097304736862571,-0.5553010263778855,17199.41,14981.669
177,-1.5591575895192835,-1.3121552332853799,Asia,0.28634644743121856,0.650906275459611,-0.5631402175954884,-0.205990337867399,27678.69,12320.601
1078,-0.5197191965064278,-0.6605064150922617,Asia,2.1096992310450546,2.956326277227342,0.3527535576911053,2.449572070402298,4939.64,14219.585
598,-1.0740863394466176,0.8600074940250141,South America,1.938999162241574,1.0537710668561246,1.1779156107856175,2.2387659994039053,10988.59,15885.616
2190,0.7969027679765226,0.2807641000755757,South America,-0.5533014458630118,-0.7543122277353093,-0.15065931341397834,-0.5240601050200977,29647.43,15679.103
2531,1.212678125181665,0.31696681219741557,South America,1.5436046494908071,2.5257881332396845,2.000148488715596,1.8518677854750272,19049.61,17039.639
2667,1.3512699109167123,0.20835867583189588,Asia,-0.48656770326601095,-0.5541100829264172,-0.5012491004364226,-0.23795779886469243,12517.2,12005.376
2786,1.4898616966517597,-1.1311416726761803,Asia,-0.42914171828651865,-0.06615379241600038,-0.6924697077491191,-0.11473769531197914,865.06,13428.376
479,-1.212678125181665,1.6564671607054917,South America,2.0599303270793494,1.7742246720295705,1.3357185906311955,1.4131615758025406,15395.7,16388.854
1967,0.5197191965064278,1.584061736461812,South America,1.6102715035489794,1.4790105782084602,0.5592535531763982,1.6590573028897406,2871.94,15011.142
1057,-0.5197191965064278,-0.8415199757014612,Asia,-0.3605072436349131,-0.6544202703891163,-0.005365073655561241,-0.6063193420534586,14438.28,12127.802
2268,0.8661986608440464,0.5703857970502949,Asia,-1.2148007241963217,-1.286126706231431,-1.2391288852253883,-1.0976005762627814,6701.82,13725.752
533,-1.1433822323141412,0.6427912212939747,North America,0.5581399486357068,0.06079225313582129,0.8858598618374338,0.6910519593681647,26339.35,13038.433
1103,-0.4504233036389041,-0.3708847181175425,Europe,1.8138054579642426,1.1232000254900478,0.5373923113889274,2.054652190640677,18767.69,12820.192
1106,-0.4504233036389041,-0.4794928544830622,Europe,-0.44152210344231746,-0.7636323341204869,0.014930564234202899,0.020353941368237004,3331.57,13110.63
2927,1.628453482386807,-0.551898278726742,Europe,2.3863863640175196,2.9459836553641088,3.2978720170367772,2.6099164808035544,25881.94,19165.512
1123,-0.4504233036389041,-0.5881009908485819,Europe,-0.6352688978642586,-0.2875615049417347,-0.5156327510154697,-0.265460127315221,2340.96,13374.55
942,-0.6583109822414752,-1.7465877787474586,Asia,-0.11520150026388111,0.09289111893904374,0.37409392479011194,-0.16609436440501502,29910.65,12416.092
162,-1.5591575895192835,-1.27595252116354,Asia,-0.675161698717673,-0.21620853009794644,-0.2751036664722519,-0.35497003741500815,29772.46,12853.895
1551,0.03464794643376185,0.09975053946637617,Asia,-0.25062759784252636,-0.4439811452544309,0.20334953320539967,-0.02931435832870778,19854.88,11177.692
965,-0.5890150893739515,1.584061736461812,North America,-0.019244921268168978,-0.3926551254523162,-0.3621874779456944,-0.1617872245000448,27855.66,12892.381
471,-1.212678125181665,1.2944400394870927,South America,-0.6300233246977097,-0.25714147237715496,0.06342673917596325,-0.920683926929242,9965.18,14372.247
844,-0.7276068751089989,0.24456138795373578,Europe,-0.5285106481887819,-0.23070664855704076,-0.22792934514492352,-0.3203283102855537,24474.62,12460.671
998,-0.5890150893739515,1.4392508879744523,North America,0.45592452829856067,-0.15232378125540894,-0.4492248040350406,0.2023085173602785,14446.18,12991.259
1904,0.4504233036389041,-0.18987115750834302,Asia,0.19008855938288885,-0.16404802098702526,1.0282231385319294,0.267509645616699,8463.35,11008.196
30,-1.697749375254331,-0.008857596899143517,Asia,-0.5347932007924322,0.06593597112855462,0.08776362564979683,-0.5577400023929664,20175.55,11162.887
2890,1.628453482386807,-0.4070874302393824,Europe,0.9223945331976543,1.502977804922703,1.4669903354870064,1.0151749965726875,15069.5,13729.879
423,-1.212678125181665,1.584061736461812,South America,-0.9501962913190805,-0.6318705323638049,-1.005418252982766,-0.8230113468110235,22390.89,15184.133
511,-1.1433822323141412,1.0048183425123736,North America,-0.5415691340269151,-0.3194455400065069,-0.18615924770202905,-0.6722070870775334,22777.17,13301.534
2758,1.420565803784236,-1.601776930260099,Europe,2.1375441221268474,2.468181566362835,3.1493136689617476,1.4572491676683679,953.29,17544.828
2737,1.420565803784236,-1.5655742181382593,Europe,-0.903757628954522,-0.6849479154153417,-0.6444765285019398,-0.7478617786584011,8895.37,15813.095
1393,-0.10394383930128556,-0.6967091272141016,South America,-1.196145862761994,-0.7327475576281401,-0.8108346069206366,-0.8623775635838076,13734.41,16655.705
1586,0.10394383930128556,-1.0949389605543405,South America,0.1731232030384448,0.1424669580462599,0.4569976274936588,0.5442419688063426,34.38,16022.002
1929,0.5197191965064278,1.8374807213146913,South America,-0.3517585126755086,-0.36686045781430004,-0.0919500611996621,-0.5692573262106408,18105.17,14209.361
2497,1.1433822323141412,0.31696681219741557,Asia,-0.3508892722986276,-0.6758595897167861,0.08493338091808388,0.16507520125171574,29607.71,11344.151
787,-0.7969027679765226,-1.0225335363106607,Asia,-0.6451597040299765,-0.6744294871129363,-0.6496673963927003,-0.6682745426297203,18127.79,13008.798
2636,1.2819740180491885,-1.7103850666256188,Europe,1.6016476450010722,1.8906282440036741,1.904534013294008,1.2085449656457616,6498.39,15938.21
2538,1.212678125181665,0.6789939334158146,South America,-0.23132228160801202,-0.23162982945511573,0.3520795196217082,-0.17534910901018513,16713.3,15016.999
402,-1.2819740180491885,1.1134264788778934,North America,-0.054079664657539724,-0.41630227407551035,0.45787369819393625,0.13236902555470767,25312.65,12835.794
433,-1.212678125181665,1.3668454637307725,South America,-1.1878730137289917,-1.3635879693743531,-0.7676848471164203,-0.8264268759113161,25092.63,15711.756
1151,-0.3811274107713804,-1.7465877787474586,Europe,1.6841697748699727,2.089966729825511,0.6290001042812867,1.7105824408391694,25789.32,14585.996
73,-1.628453482386807,1.258237327365253,North America,-0.8659835173913688,-0.4054164655011123,-0.6627631634456931,-1.0608418043614716,12642.74,13999.28
1536,0.03464794643376185,0.38937223644109537,Asia,-1.2382007372675414,-1.0455769836325026,-1.4116921664544864,-1.2286464121211387,5797.08,13675.153
2709,1.420565803784236,-1.5655742181382593,Europe,-0.5549092558180101,-0.5147976345293549,-0.5343812599678727,-0.6818296317574177,9911.11,15508.268
621,-1.0047904465790938,1.6926698728273317,Asia,-0.6148290650354041,-0.3551066542195945,-0.6415437775386297,-0.6118417228519425,27283.31,10844.616
1437,-0.10394383930128556,-0.5881009908485819,South America,0.6898680211922776,1.252647173859242,1.0435883458751651,0.5917926574495618,7557.25,15033.085
1559,0.03464794643376185,0.42557494856293526,Asia,3.1865862755958068,1.8852105675463113,3.6255576209618963,3.443159480552452,28120.19,19024.896
1566,0.10394383930128556,-1.0225335363106607,South America,-0.7465388105465066,-0.6690082629920031,-0.739486097963812,-1.0035606943420887,10820.09,17004.736
324,-1.3512699109167123,-1.0949389605543405,South America,-1.225977840451616,-0.9180451794066672,-1.0046816384347776,-1.0654425614161558,14722.95,17600.588
332,-1.3512699109167123,-1.0949389605543405,South America,0.14310153525109262,0.2730257076676194,0.013841137540252343,0.17499730904095218,23183.14,15915.609
1392,-0.10394383930128556,-0.551898278726742,South America,-1.7306765090585328,-1.7383272781668737,-1.2948964469794526,-1.4781371796614944,1431.25,18299.521
650,-1.0047904465790938,1.620264448583652,Asia,0.2680205409316559,0.4703183741636629,-0.2938718423179263,0.47266252470458553,2113.82,10132.873
2236,0.8661986608440464,0.49798037280661506,Asia,-0.3329518577459449,-0.04493639915392279,0.31334765920603463,-0.6061327521772178,15153.37,10950.349
1533,0.03464794643376185,0.49798037280661506,Asia,0.12318728481092724,0.6327781087979661,-0.6252881963000096,-0.18940394188836046,22875.77,10988.087
2163,0.7969027679765226,0.38937223644109537,South America,-0.8721562112648382,-1.1576413688747489,-0.47267429644580394,-1.043936308548558,6724.62,16008.774
543,-1.0740863394466176,1.1496291909997332,South America,-0.868614017900561,-0.8738393203910296,-0.9621415523219792,-0.7346136143043684,7010.71,15398.181
2958,1.697749375254331,-1.20354709691986,Asia,-0.9427556144015031,-0.5403865376802677,-0.37422480856080087,-0.8434478932257566,8846.16,14152.063
1818,0.3811274107713804,0.09975053946637617,South America,-0.833439965313449,-1.054421703099201,-0.9141412214772466,-0.7764760015611267,18114.02,16215.313
1624,0.17323973216880928,1.4754536000962923,South America,-0.6667593178548341,-0.3681431352875435,-0.3363082302662022,-0.6141960397274239,24402.46,14532.163
1177,-0.3811274107713804,-1.7465877787474586,Europe,-0.7472859741628943,-0.5959882804548077,-0.5652821210626976,-0.5673642459184617,6236.65,15001.561
679,-0.9354945537115701,-0.9501281120669809,Asia,-0.919928399158146,-0.8912792403199508,-0.7585653683030548,-0.7628039752272268,21764.34,13468.96
2096,0.6583109822414752,0.8600074940250141,Europe,1.2989743146937354,0.5598294737170265,0.4794816542347282,1.0455993394736036,8424.78,11713.674
2029,0.5890150893739515,0.46177766068477516,North America,-0.6931314185708422,-0.8774800115842922,-0.9309629708555016,-0.5842745551272723,7906.92,14561.725
1659,0.17323973216880928,1.222034615243413,South America,-0.963884523431447,-1.2451551338377855,-1.0084868842995889,-1.0916792498867205,11388.79,15847.933
1637,0.17323973216880928,1.584061736461812,South America,0.44829478253903177,0.34293951365621067,-0.08397185816250823,0.5903593980360096,7704.57,14199.435
239,-1.4898616966517597,0.6427912212939747,South America,2.082312205472085,2.596453649720431,1.2676627963811966,1.9265272366689659,16562.08,17070.46
2124,0.7276068751089989,-1.27595252116354,South America,-1.5529347130899611,-1.339290809948031,-1.2615223250641163,-1.3573031047689956,16575.59,18748.354
2619,1.2819740180491885,-1.7103850666256188,Europe,-0.3709011634386614,-0.8244038110872786,-0.10086154771751964,-0.290643248366223,17216.08,15282.806
2290,0.9354945537115701,-0.008857596899143517,South America,0.6958169594428233,-0.10940927177952084,0.8195216429331497,0.6858161171960174,22638.19,15165.799
764,-0.8661986608440464,-1.7103850666256188,Europe,1.2647077097138881,1.0095423451196976,2.402509882359206,1.4325420065292949,25001.33,13919.971
1128,-0.4504233036389041,-0.4794928544830622,Europe,-1.1443032070073456,-1.1662223786826886,-1.0405159099084447,-1.1343123467688618,6029.22,14665.628
1885,0.4504233036389041,-0.3346820059957026,Asia,-0.8443062465941871,-0.46370260704417954,-0.6767010311105854,-0.7874686652260329,3609.8,12291.916
1116,-0.4504233036389041,-0.551898278726742,Europe,-1.5609351414640504,-1.3666582751024088,-1.1457194857160637,-1.4255933006275212,26946.71,15884.016
1102,-0.4504233036389041,-0.3708847181175425,Europe,0.14300845042693355,0.4395416043178029,-0.005754835722215401,0.14066930206760483,12537.53,12705.883
2847,1.5591575895192835,0.896210206146854,South America,-0.4841181952736492,-0.6888294535465735,-0.05249767733049515,-0.8257892425254372,5612.65,15500.914
2330,0.9354945537115701,-0.15366844538650312,South America,-0.12392444910847408,-0.23452984733177581,0.0035970700116324155,-0.2074977802059516,15765.15,15829.644
1361,-0.17323973216880928,-0.9863308241888208,Asia,0.8314637063654987,0.8937024574685007,0.9444737594177063,0.8449373587575768,19372.95,11366.768
2316,0.9354945537115701,-0.11746573326466321,South America,-1.330442206707268,-1.1194661437445297,-0.8518925244405164,-1.2191229667685446,28264.92,17016.248
1407,-0.10394383930128556,-0.7329118393359415,South America,-0.7790499537813101,-1.0462313304688837,-0.5915898686289243,-0.5426794529132624,120.76,16618.736
2529,1.212678125181665,0.7151966455376545,South America,-0.7656341423278565,-0.7078788301820875,-1.2034155949436645,-0.9435274544333878,22442.56,16366.1045
343,-1.3512699109167123,-0.9863308241888208,South America,-0.31957901648384385,-0.4551294809330636,0.31567490824316674,0.048180183048537634,2765.04,15880.183
1105,-0.4504233036389041,-0.551898278726742,Europe,-0.6481901897179525,-0.08251364588005172,-0.10840052347160903,-0.8027942346210045,12205.92,13161.928
2592,1.2819740180491885,-1.7103850666256188,Europe,-1.7306875881199177,-1.6397932875985923,-1.5362616724699425,-1.8014611931471225,17966.51,18872.67
557,-1.0740863394466176,0.7151966455376545,South America,0.29765930807413493,0.3473965616555845,0.38968500342273904,0.05561857855494496,12222.24,14411.095
1475,-0.03464794643376185,1.0410210546342136,Asia,2.4141607425684413,2.233606897586716,1.6151189917423758,2.842405201472122,13171.59,15442.098
2703,1.420565803784236,-1.5655742181382593,Europe,-1.1816912081041033,-0.9391064754716325,-0.8139211172313424,-1.2209514909275174,11500.86,16389.867
594,-1.0740863394466176,1.0048183425123736,South America,0.22157411286986545,0.7569656488311161,0.49863780424766857,0.4107226137388198,29422.84,14264.114
1557,0.03464794643376185,0.06354782734453628,Asia,0.5854503526626496,0.7103197856484914,0.4706220167991322,0.7926296192634896,29166.64,10679.245
411,-1.2819740180491885,1.222034615243413,North America,-0.612157458102195,-0.9024299411076305,-0.8537102221519767,-0.7348254037238343,7672.31,14088.846
1055,-0.5197191965064278,-0.8053172635796213,Asia,2.6056820952488327,3.066349967546729,1.2030975777036643,3.4981089249711634,21376.26,17015.936
2473,1.1433822323141412,0.20835867583189588,Asia,-0.7763348589435998,-0.7557037002247222,-0.5241491117685083,-0.6406660363285236,11078.06,12307.843
108,-1.628453482386807,1.2944400394870927,North America,-1.0228669612215742,-1.1285623531399092,-0.8864651349124911,-1.2684121407533702,8825.04,14999.32
2025,0.5890150893739515,0.534183084928455,North America,0.24567821582349003,-0.04419730257668511,-0.08787365059428878,-0.26893992940778505,8046.45,13783.634
2706,1.420565803784236,-1.5293715060164192,Europe,-1.015038206527636,-0.8336545409404061,-0.42403330165358954,-0.9030756753153729,26240.44,15777.147
318,-1.3512699109167123,-1.0949389605543405,South America,-0.33004262047742416,-0.1828727122630588,-0.016665193756216525,-0.11428665180234109,2294.4,16084.036
2718,1.420565803784236,-1.601776930260099,Europe,-0.8046014791564268,-0.7097894441073521,-0.06659705190679892,-0.8908822109446438,15476.46,15463.751
840,-0.7276068751089989,0.06354782734453628,Europe,-1.6122296425367204,-1.639974612625541,-1.503498416178949,-1.6732968825854309,27446.58,16639.46
2957,1.697749375254331,-1.20354709691986,Asia,0.7290597348995501,0.9511990467746573,-0.055627693192983295,1.0504325552360172,5329.78,13438.312
1351,-0.17323973216880928,-0.9863308241888208,Asia,-0.12597883842565102,-0.08630373312812636,0.6837455835516939,-0.5150429156594891,14929.36,11783.481
2825,1.5591575895192835,1.0772237667560534,South America,-0.18050511205856087,0.12171352034226655,0.44656940632804154,0.02397814533770948,6326.09,14599.428
2366,1.0047904465790938,0.46177766068477516,South America,0.26443144275609504,-0.30719269840285,0.06838339224685339,0.16365298433463302,22167.12,15265.615
1882,0.4504233036389041,-0.15366844538650312,Asia,0.6604307480073218,0.5043992013484059,1.513809460802521,0.6389090078983146,26551.94,10660.977
680,-0.9354945537115701,-0.8777226878233011,Asia,-0.09646235512892466,-0.35545669035857413,-0.41401987314606303,-0.12919911857297967,11918.74,12159.947
729,-0.8661986608440464,-1.7103850666256188,Europe,-0.388580653300598,-0.5620655213913831,0.3645113800351709,0.012995674746467695,1582.7,13925.449
789,-0.7969027679765226,-0.9501281120669809,Asia,-0.682383900686445,-0.4998887754657368,0.14087019714757584,-0.7692140028572961,4672.55,12258.063
1813,0.3811274107713804,0.31696681219741557,South America,-1.1074835514053707,-0.9699490741859716,-1.2405323862452207,-0.8079114407413385,1461.58,16255.423
1345,-0.17323973216880928,-1.0949389605543405,Asia,-1.0501034358108645,-0.9886519623460763,-0.777452737441284,-1.0957723352447433,27655.61,13941.37
1868,0.4504233036389041,-0.3346820059957026,Asia,-0.14666976213168675,0.10506394101993867,0.5658312350260336,0.19687334396981007,7174.29,11295.638
2069,0.6583109822414752,1.3306427516089328,Europe,0.028705567033594927,-0.3441668423219529,0.06964088148330659,0.48701833639678827,6274.88,11644.275
432,-1.212678125181665,1.1496291909997332,South America,-1.35923213137093,-1.5183279880787237,-1.2012397213880772,-1.2228564631389713,16338.93,16821.146
564,-1.0740863394466176,1.1496291909997332,South America,-1.648581285452155,-1.575230146644361,-1.1463661093281736,-1.4614109120605085,15034.88,17214.084
1748,0.3118315179038567,1.4392508879744523,South America,0.019918628843806952,0.37005785399095387,-0.17404146161444795,-0.09984476526586356,28246.26,14259.834
1776,0.3118315179038567,1.7288725849491715,South America,-1.1490520861789097,-0.9445848563945387,-1.0531629142149688,-1.1032370628581163,8145.5,15758.684
70,-1.628453482386807,1.4392508879744523,North America,1.0310942071812337,1.0162095875236434,-0.03284091548882466,0.3952588715675122,25193.67,13527.687
1788,0.3118315179038567,1.4030481758526125,South America,-1.0835936781527304,-0.8639350320712034,-0.7908274167988552,-1.0688699824357233,6048.6,15445.587
1229,-0.3118315179038567,0.31696681219741557,South America,0.2825934412727388,0.464351992407359,-0.08968300477527028,0.25213254457153655,21440.31,14954.073
1512,0.03464794643376185,0.46177766068477516,Asia,-1.5873279507060118,-1.4391583278340696,-1.3651871154648534,-1.4461431034163004,8237.15,14854.122
56,-1.697749375254331,0.09975053946637617,Asia,0.8256445070300489,1.398553904457309,0.02891193745087768,0.5591875630663896,5201.21,11051.063
1601,0.10394383930128556,-1.0949389605543405,South America,0.8876885968397115,0.48336195055875336,-0.23236512352734942,0.8178073606367243,28101.18,16233.287
651,-1.0047904465790938,1.4754536000962923,Asia,-0.8694834653627018,-0.5713745906010074,-0.7005402855880029,-0.9312668856610365,27532.76,11563.007
2176,0.7969027679765226,0.2807641000755757,South America,-0.936099479989659,-1.2447010329007309,-1.0857146024116773,-0.755696288333034,25203.39,16481.582
897,-0.7276068751089989,-0.008857596899143517,Europe,0.9301336199742155,1.189078955444183,1.521054029124,0.6333812474220638,19360.37,11989.445
785,-0.7969027679765226,-0.9863308241888208,Asia,0.20720643402097724,-0.36461912280727443,0.2373476320072604,0.3351299300227425,3066.73,11819.806
309,-1.3512699109167123,-0.9863308241888208,South America,-0.025080169711232343,-0.6319127101418126,0.2256893360624779,0.45572899793909566,5020.71,15916.944
2404,1.0740863394466176,-0.08126302114282331,South America,-0.9531526404841443,-1.0325140921801934,-1.0472753615292256,-0.8586675679109952,23419.49,16903.38
1741,0.3118315179038567,1.1858319031215732,South America,-1.2737478539496987,-1.2702548536007776,-0.9244663404448038,-1.3737768106558588,1997.16,16204.667
907,-0.6583109822414752,-1.7465877787474586,Asia,-0.8323888005360696,-0.7693677235598514,-1.0355670044015703,-0.7864088687058972,22128.09,14679.2
602,-1.0047904465790938,1.0772237667560534,Asia,-0.4783182548673356,-0.7031982793777568,0.15254815998562998,-0.6152105336979411,13255.61,10594.663
1178,-0.3811274107713804,-1.7465877787474586,Europe,-0.026238294025159297,0.3127788547171363,-0.19415532973306587,-0.15938562308839926,15642.66,14044.839
2297,0.9354945537115701,-0.08126302114282331,South America,0.34447983565726875,0.3949230337734358,0.35009375936774567,0.07205122900621624,25321.41,15403.921
1745,0.3118315179038567,1.620264448583652,South America,0.05533486764194066,-0.02426889374530965,-0.6813370542245034,0.3390661553027114,10432.05,14404.388
1161,-0.3811274107713804,-1.7465877787474586,Europe,-0.5439428488142887,-0.5405197721565913,-0.5662624858939607,-0.6513050569654711,5028.43,14918.643
1509,0.03464794643376185,0.35316952431925547,Asia,-0.7161079422863214,-1.080976359111038,-0.7551194902152961,-0.6357518422586667,11853.75,11826.189
2095,0.6583109822414752,0.896210206146854,Europe,-0.10022043487626257,-0.03563206016239294,0.3699656651024776,-0.31700480198917325,10119.53,11888.183
1577,0.10394383930128556,-0.9863308241888208,South America,0.2442727281670535,-0.20272780271397198,-0.2696756039293074,0.24577206660511236,7165.8,16407.943
572,-1.0740863394466176,1.1496291909997332,South America,0.45443434277097605,0.1535396102353832,0.3173614933328165,0.848199142330102,18032.74,14387.007
554,-1.0740863394466176,1.0048183425123736,South America,-0.1476795098571596,-0.04963744756999549,-0.01464665534680129,-0.10686382904736516,3360.35,14378.617
945,-0.6583109822414752,-1.7465877787474586,Asia,-0.3136114405599402,0.03683566941229033,-0.4957006526679977,-0.47676169495006576,130.32,13148.873
2996,1.697749375254331,-1.2397498090417,Asia,0.6217967149039667,1.2773972516680956,-0.1842378518260462,0.34790553215606784,13840.43,13407.976
874,-0.7276068751089989,0.09975053946637617,Europe,0.3686963859068191,-0.0640484511791864,0.5328474711438143,0.4126629785671631,1540.03,12077.442
2994,1.697749375254331,-1.0949389605543405,Asia,0.04975112424657743,-0.3198188330511168,0.4256128416310614,-0.018879199165043,21532.1,13009.272
1569,0.10394383930128556,-0.9863308241888208,South America,-0.05659875329710417,0.2140268799316747,0.32767290507173014,-0.0018641278102398864,3368.39,16043.974
2668,1.3512699109167123,0.09975053946637617,Asia,-0.21551183975597193,-0.1877357706488623,-0.3468389576634162,-0.4454910437940909,29399.42,11783.364
2627,1.2819740180491885,-1.7103850666256188,Europe,1.7416432859165276,1.6256808448439188,1.0461897394851727,1.83736445735563,16150.22,15934.295
1553,0.03464794643376185,0.09975053946637617,Asia,1.1100065303486202,1.7219289575181196,1.760429918561751,1.005917137417231,1470.94,11498.428
120,-1.5591575895192835,-1.27595252116354,Asia,-1.469095003257295,-1.6015120267460918,-1.4387347406693134,-1.3007530646440801,28338.43,16723.666
2659,1.3512699109167123,0.09975053946637617,Asia,-0.7583118146361011,-0.8467761659340534,-1.0586887152578082,-0.7628368195757003,13449.22,13320.415
809,-0.7969027679765226,-0.9863308241888208,Asia,-0.0359702657968167,-0.028121656383134484,0.4775024496118563,-0.11483113182056719,20694.63,11674.763
2186,0.7969027679765226,0.6065885091721348,South America,-0.37175922121152793,-0.3066810464789811,0.06246604123797206,-0.3434300623225244,9789.28,15163.538
1618,0.10394383930128556,-1.0225335363106607,South America,2.301176163937277,2.2672600342187645,2.7524041765195935,2.513496516182285,6016.1,18918.602
313,-1.3512699109167123,-0.9863308241888208,South America,-0.8136503801995216,-0.30537314117590125,-0.3699612644861166,-0.9688269464087219,6336.95,16415.62
1562,0.10394383930128556,-0.9863308241888208,South America,-0.2556094479310625,-0.3927536716626145,-0.4072246635375154,-0.01960035912678103,21801.0,16557.549
233,-1.4898616966517597,0.7876020697813343,South America,0.5777050533283027,0.6036778070817019,-0.5205506662662797,0.778300989101058,26459.77,14712.555
507,-1.1433822323141412,0.8600074940250141,North America,-0.8546499482224991,-0.9145787179132123,-1.0862611036580407,-0.7905667933380616,13384.48,14587.14
1336,-0.17323973216880928,-1.0949389605543405,Asia,-0.6533496154165364,-0.33501150520039435,-0.21017312035303928,-0.6185258309072029,15317.09,12470.776
1385,-0.10394383930128556,-0.5881009908485819,South America,-0.04845574672182774,-0.22146971517335495,-0.12942145254656887,-0.12763419862459874,12933.19,16008.411
111,-1.628453482386807,1.222034615243413,North America,-0.36856399919959504,-0.27863676595227405,-1.0667122117461325,-0.5236608763015854,551.03,13808.039
1578,0.10394383930128556,-1.0225335363106607,South America,-0.4746492217815961,-0.25920424165112027,-0.15849746433238002,-0.24730371485096922,27094.58,16462.63
410,-1.2819740180491885,1.3306427516089328,North America,0.7545228348688472,0.6048871661744837,-0.030240713811742013,1.0086757795480572,5888.83,13287.923
218,-1.4898616966517597,0.9686156303905338,South America,0.17257080310864562,0.5904209766875256,0.31735195786941234,0.15312297295770494,29991.41,14324.07
2114,0.7276068751089989,-1.3121552332853799,South America,-0.6665041888150919,-0.30043321674606516,-0.7367976932502394,-0.5844560484666808,28366.74,17414.236
1307,-0.24253562503633297,0.46177766068477516,North America,2.754685737868625,3.6283042131853427,1.3525349763112855,3.521538554210997,5261.66,19510.807
1080,-0.4504233036389041,-0.4070874302393824,Europe,-1.7665160301271479,-1.7445459382215416,-1.458510099837076,-1.613027786277779,15959.15,17213.986
759,-0.8661986608440464,-1.7103850666256188,Europe,-0.34494126593174945,0.342773561838068,0.07678294357318838,-0.1622263760904085,18493.83,13786.953
911,-0.6583109822414752,-1.7465877787474586,Asia,1.6956375352870185,2.1350275757616974,2.478457464509256,2.0134050686359233,5396.89,15041.15
807,-0.7969027679765226,-0.9501281120669809,Asia,-1.116191797196537,-1.216439162341685,-1.0774729821979774,-1.0121282558977347,23398.81,14483.739
439,-1.212678125181665,1.4030481758526125,South America,-0.7660613592182687,-0.523772829178488,-0.55518466128392,-0.8155687041905897,8996.93,14822.49
544,-1.0740863394466176,0.9686156303905338,South America,-0.9300905905564788,-0.7396765387666382,-0.43560577842773246,-0.9490294490845435,13538.56,15146.438
485,-1.1433822323141412,1.0048183425123736,North America,-0.00914081728513442,-0.44174335791097563,-0.5101999207408231,-0.13932678668110948,9629.91,13310.481
2475,1.1433822323141412,0.13595325158821608,Asia,-1.0239925731497546,-1.3312261822820544,-1.179247366978796,-0.71074313462856,2347.39,13737.397
387,-1.2819740180491885,1.258237327365253,North America,-0.5113592257386492,-0.50548501765616,-0.10483426015837043,-0.6890650152133474,16208.37,13214.448
2916,1.628453482386807,-0.2622765817520228,Europe,-1.0387574415264227,-1.2600060477297483,-0.6918433469967439,-0.6633912109217917,312.33,15089.45
1192,-0.3811274107713804,-1.7465877787474586,Europe,-0.5411886148625269,-0.5347150061851768,-0.864522841686083,-0.6741587775432812,27260.78,15185.368
1230,-0.3118315179038567,0.46177766068477516,South America,-0.5689142248348293,-0.8353727926631684,-0.532975971048652,-0.592339541523089,15618.67,15486.1
1210,-0.3118315179038567,0.2807641000755757,South America,0.476233793871281,0.42103896205702435,-0.05726600499914853,0.26700197392003755,299.13,14977.653
1273,-0.24253562503633297,0.49798037280661506,North America,-0.9597701534950858,-1.0266032904864981,-0.4300525629276056,-0.7830389252961582,5193.76,14116.513
1939,0.5197191965064278,1.4030481758526125,South America,-0.6376836155330192,-0.4363233163445659,-0.07138027873702207,-0.8227228261981413,338.08,14609.984
2303,0.9354945537115701,-0.08126302114282331,South America,2.0637802491392896,1.2159596023196866,2.276064869885401,1.6259357594409185,17370.51,16340.658
930,-0.6583109822414752,-1.7465877787474586,Asia,-0.6264563846449185,-0.5710655496855116,-0.1327916428935548,-0.6009674120979144,14268.62,13430.456
135,-1.5591575895192835,-1.2397498090417,Asia,-0.9641495925636467,-0.6502943376563448,-1.2776980467967245,-1.04683312345572,12845.99,14748.308
1780,0.3118315179038567,1.258237327365253,South America,-0.08666194167899212,-0.28308277677609484,0.4254495468202615,-0.1259042075110461,11616.7,14292.005
2167,0.7969027679765226,0.38937223644109537,South America,-0.5668085819159187,-0.9732385466857307,-0.7880800114054676,-0.6216774726559687,15103.52,15964.522
1497,-0.03464794643376185,0.896210206146854,Asia,-0.002279979094244097,-0.23638921722768547,-0.4875323363292193,0.10358973148681014,26478.55,10754.179
2256,0.8661986608440464,0.534183084928455,Asia,-1.5071610014937569,-1.229429917968056,-1.224323290390697,-1.2912488728750735,3924.64,14188.528
366,-1.2819740180491885,1.3306427516089328,North America,-0.9314004048230121,-0.7251291472023947,-0.5147101949310957,-1.1117683823740676,19512.76,13943.655
2024,0.5890150893739515,0.42557494856293526,North America,1.560348010437034,0.9005277679937649,1.5977549128829964,1.5442620578613753,10474.66,13686.266
2897,1.628453482386807,-0.4432901423612223,Europe,-0.14125572510650927,-0.2108306663095444,0.11271614547967591,-0.0195165494099868,12782.47,13448.22
29,-1.697749375254331,0.17215596371005598,Asia,-0.05931654024318829,-0.18815636587441564,0.6977227850031292,0.23192958942827333,27161.46,10428.722
2501,1.1433822323141412,0.2807641000755757,Asia,0.19603553032346896,0.015518941570231835,0.6489053841379339,0.46637792850877197,25771.52,10883.267
2968,1.697749375254331,-1.1311416726761803,Asia,-0.6000264035988716,-0.37940066016718693,-0.39684590758830846,-0.8456535611103029,19113.49,13869.737
1047,-0.5197191965064278,-0.7691145514577814,Asia,-0.4405701325042539,-0.585633044676656,0.04674265805060908,-0.5902372200798598,12438.6,12000.958
2887,1.628453482386807,-0.4070874302393824,Europe,-0.7568508281301101,-0.5418596064318077,-0.22117525722230763,-0.761578541260049,7997.62,14157.401
1421,-0.10394383930128556,-0.6967091272141016,South America,0.6400145228980536,0.4871780540063475,1.0132208747645228,0.5833074899060345,28158.01,15274.614
1488,-0.03464794643376185,0.8238047819031742,Asia,-0.9162959166207133,-0.8053962180449313,-0.7632919783193142,-0.8933189218322437,24136.76,11783.326
183,-1.4898616966517597,0.534183084928455,South America,-0.8592598731849178,-0.8168287609940644,-0.3778751031452908,-0.6046842031531692,15156.2,15317.449
1134,-0.4504233036389041,-0.4070874302393824,Europe,0.24352991334111604,0.4827714616666458,0.3155771697432718,-0.06376326648134896,2746.05,12595.142
188,-1.4898616966517597,0.7876020697813343,South America,0.31115826425929055,-0.17955209916084539,0.8618048675004925,-0.19107050943244758,9753.12,14324.31
420,-1.212678125181665,1.0048183425123736,South America,-1.8117796907291275,-1.8524634989344326,-1.6786231612650493,-1.7288106268878254,16327.72,18744.941
170,-1.5591575895192835,-1.27595252116354,Asia,0.39265304415565827,0.7724346445540703,-0.522926784553359,0.13953334063592343,14429.19,12086.244
1377,-0.17323973216880928,-1.0225335363106607,Asia,0.5370383748600208,0.15860370289019532,-0.33932501250076347,0.9577537317904231,29718.84,12060.85
460,-1.212678125181665,1.620264448583652,South America,-0.4831036845872069,-0.8858351534782283,-0.9882883889432569,-0.26173512517284764,14504.94,14923.981
43,-1.697749375254331,-0.08126302114282331,Asia,0.18910096978018565,0.04990092597364688,-0.36537172675629515,0.3243504714819777,22709.97,11036.69
87,-1.628453482386807,1.6564671607054917,North America,-0.510624694323093,-0.4850421976070273,-0.18438922730759083,-0.2659791246492869,16152.04,13148.282
1322,-0.17323973216880928,-1.0587362484325005,Asia,-0.7793121237198765,-0.9931902124227365,-0.7629457218044426,-0.6297784179505451,26672.89,13413.753
1740,0.3118315179038567,1.6564671607054917,South America,-1.7912243043254543,-1.562803863710579,-1.569316356361232,-1.8207643263985902,2817.6,17946.393
705,-0.9354945537115701,-0.9863308241888208,Asia,0.6295280359832955,0.30573161812628014,0.6467682484024267,0.3543373616381411,16916.01,11415.269
903,-0.6583109822414752,-1.7465877787474586,Asia,-0.8765806913773468,-0.6195940396696764,-0.3099402900872354,-0.5393851081331992,9340.18,13708.921
282,-1.420565803784236,0.35316952431925547,South America,0.08223358617293577,0.0972500149129608,0.3768234511896164,0.31460929075028016,11923.44,14588.4795
2458,1.0740863394466176,0.09975053946637617,South America,1.546484894822994,1.3775135001889276,1.8403710719788486,1.6670713239172361,8953.89,15705.513
693,-0.9354945537115701,-0.8777226878233011,Asia,0.44598754211996744,0.9901827450141644,0.5124248923974793,0.2164865165452286,28848.94,11232.018
2089,0.6583109822414752,0.9324129182686939,Europe,-0.640511261209285,-0.8264358339436308,-1.105404738375263,-0.6883970857474112,18255.57,13251.819
2066,0.6583109822414752,0.7876020697813343,Europe,0.017797558073061034,-0.2125374866719118,0.8141442375395409,0.16653479277223382,9818.81,11748.552
257,-1.420565803784236,0.31696681219741557,South America,0.32923173382748494,-0.11264001073794219,0.28855485838817896,-0.3090046548674978,13898.81,14742.179
2644,1.3512699109167123,-0.008857596899143517,Asia,-0.8776933604768067,-0.7103196227187573,-0.525593734474272,-1.1245153872729463,25451.31,13054.479
2594,1.2819740180491885,-1.7103850666256188,Europe,-0.3828071162648748,-0.39038777424577137,-0.7522135577428108,-0.37463927189557933,28771.85,15549.81
2442,1.0740863394466176,0.06354782734453628,South America,-0.08429588904622105,-0.6275289805229004,-0.8418951870274849,-0.04553493621957775,7247.71,16167.703
2883,1.628453482386807,-0.4432901423612223,Europe,-1.0017109240226316,-0.6817861588041293,-1.1273750420254214,-0.8647284827680677,21165.18,15358.649
1216,-0.3118315179038567,0.5703857970502949,South America,-0.7444397943559008,-0.8661184219065737,-0.5551876411162338,-0.5229445297357442,17103.1,15404.69
1041,-0.5197191965064278,-0.7329118393359415,Asia,-0.30194156492959207,-0.3874400600033269,0.20316359166901407,-0.2223488053936703,328.91,11763.233
2453,1.0740863394466176,0.20835867583189588,South America,0.9158661703909408,1.3753171022537978,1.3780798868051616,0.6316209602284537,18519.05,14774.715
149,-1.5591575895192835,-1.3121552332853799,Asia,0.2679464044087435,0.34218386131564293,0.9370116633373148,0.5807173166316019,5332.99,11394.438
1736,0.24253562503633297,-0.045060309020983416,South America,0.8428829052891851,1.4662208568510977,1.1408101428468538,1.1629756972664778,23137.72,14635.779
2358,1.0047904465790938,0.31696681219741557,South America,-0.6698182777659957,-0.8293370343748144,-0.3322514865541003,-0.5024507888521182,23341.91,15801.015
2392,1.0047904465790938,0.49798037280661506,South America,-0.5441572856005329,-0.6751378372725609,-0.9005210039370126,-0.4352042504804265,9992.27,15890.856
2441,1.0740863394466176,-0.008857596899143517,South America,1.1132295017853306,0.39197531953099135,1.3329080127927537,1.0069140766497715,29773.95,14986.169
2112,0.7276068751089989,-1.27595252116354,South America,-1.5877696635645915,-1.4013575783029844,-1.3627960980162046,-1.4396923034915747,11851.01,18962.193
2417,1.0740863394466176,0.06354782734453628,South America,0.8236299816253317,0.29672607124437467,1.6365094200242551,0.7229879917216603,3135.73,14766.894
134,-1.5591575895192835,-1.2397498090417,Asia,-0.5816237720106526,-0.7526054073729419,-0.4678392205333195,-0.651863977171388,6185.58,13459.986
2930,1.628453482386807,-0.3346820059957026,Europe,0.6723833985595595,0.6774601431017655,0.016614765458001963,0.457516749803412,5291.25,13259.549
831,-0.7969027679765226,-1.0949389605543405,Asia,-0.42688366061659316,-0.28140946212522877,-0.6124546544906374,-0.25755341670213355,914.9,12600.196
1800,0.3811274107713804,0.534183084928455,South America,-1.8148160783470002,-1.736575126547769,-1.5845099253631891,-1.7380769802713352,12053.56,18423.482
2929,1.628453482386807,-0.551898278726742,Europe,-0.12275742012838714,-0.22548961218384572,0.2325453342502285,0.0008979120118073841,29428.02,13502.017
2988,1.697749375254331,-1.0949389605543405,Asia,-1.4597955290501679,-1.3668794127983181,-1.3270226151217408,-1.4608304731435229,23112.42,16423.797
1898,0.4504233036389041,-0.2622765817520228,Asia,0.2504145663368529,0.7192555618135055,-0.10748809881710238,0.18969883581493016,26338.52,11404.389
864,-0.7276068751089989,0.13595325158821608,Europe,-1.355391424605039,-1.200389138162812,-1.3704107615110663,-1.4121905413229159,19365.34,15274.979
528,-1.1433822323141412,0.6789939334158146,North America,-1.14812910717718,-1.161503591948762,-0.8794607410755098,-1.3135581134346577,27862.9,15203.1455
2219,0.7969027679765226,0.6065885091721348,South America,3.058902992328395,3.2013972999547584,3.594830782074201,3.3383330615676177,19635.43,22630.42
430,-1.212678125181665,1.3668454637307725,South America,0.09950408264729899,0.2920285704918726,0.2913404056351843,-0.2530551566659611,10898.18,14149.54
2743,1.420565803784236,-1.5655742181382593,Europe,-0.10659193059888145,-0.27090207099837643,-0.48789527990504855,-0.2579843572053787,25418.98,15158.062
1744,0.3118315179038567,1.258237327365253,South America,-0.7143920338258478,-0.5800356199317093,0.008180052110363089,-0.7985887423117407,7949.42,14655.975
610,-1.0047904465790938,1.0772237667560534,Asia,-0.17206649127530413,-0.4311488519342198,0.4077243122844413,0.15196719166056516,7143.75,10073.54
949,-0.6583109822414752,-1.7465877787474586,Asia,-0.4961804974708085,-0.3105014859598278,0.03249786765738792,-0.6243474916741033,24885.67,13078.263
2811,1.4898616966517597,-1.0949389605543405,Asia,-0.045372247207411565,0.20613924125939387,-0.7365247406102888,0.5491499337756266,19128.39,13133.766
221,-1.4898616966517597,0.9324129182686939,South America,0.3405421094472871,0.24748686599153805,0.784194538919303,0.22342488516022269,13880.27,14323.38
1915,0.4504233036389041,-0.3346820059957026,Asia,0.11911671340695747,-0.288208362266133,0.6991972060320317,0.49732523271684553,20690.23,11292.835
2411,1.0740863394466176,0.13595325158821608,South America,0.5602915644822333,0.7308611519079224,0.8109415137685942,0.36155802176544494,1963.93,14906.499
1036,-0.5197191965064278,-0.7691145514577814,Asia,-0.5827329206607005,-0.7811810490655775,-0.11391678905104378,-0.14575889930411776,21570.51,12092.296
2645,1.3512699109167123,0.027345115222696382,Asia,-0.27727677863578687,0.2098627112693073,-0.4198031317008207,-0.5118623935353419,15963.73,11778.237
932,-0.6583109822414752,-1.7465877787474586,Asia,0.2245805766677358,0.22669913420636106,0.6290251348727232,0.12410555736337515,649.44,12179.339
2555,1.212678125181665,0.31696681219741557,South America,2.4214005467842736,3.2834113980134645,2.895388450268299,2.4929894676747084,11842.83,20428.416
173,-1.5591575895192835,-1.3121552332853799,Asia,1.7338156701915164,2.0554996014963987,1.8603395242805496,1.4612810945844057,19276.96,13603.406
565,-1.0740863394466176,0.9686156303905338,South America,-1.071988723751245,-1.1010297245370713,-1.1249679334822777,-1.2806577030561606,16323.78,16180.233
1960,0.5197191965064278,1.6926698728273317,South America,0.1625115330842994,-0.2656988310946231,-0.13775604352846127,-0.02044581795903455,2714.59,14227.831
812,-0.7969027679765226,-1.0949389605543405,Asia,1.2024832486431742,1.0457190531050662,1.8871335804803995,1.2026462905445103,28150.85,11801.543
2687,1.3512699109167123,0.20835867583189588,Asia,2.724576783644381,1.9036237298481389,2.3229173693228304,2.404282545266908,10730.89,16145.735
958,-0.6583109822414752,-1.7465877787474586,Asia,1.0811829543302847,0.741071721849356,1.312915125866079,1.6924534930456239,8787.17,12458.968
527,-1.1433822323141412,0.7151966455376545,North America,2.2352816343545254,1.3446290239972063,2.8184426242931027,2.114331221239549,15436.85,16366.013
1413,-0.10394383930128556,-0.6243037029704218,South America,-0.35938960448922447,0.2264224164478431,-0.5574576773729395,-0.17160570270702905,2297.59,16138.54
1611,0.10394383930128556,-1.0587362484325005,South America,-0.058374509397582146,-0.4836814715352274,0.5539506435906367,0.152148684999974,7550.38,16153.86
272,-1.420565803784236,0.20835867583189588,South America,0.5688670686220404,1.3027212626057265,-0.13711120781573996,0.4124701595903499,29313.13,14772.204
926,-0.6583109822414752,-1.7465877787474586,Asia,0.0011743065773622365,0.07925311180343346,-0.5237325312110293,0.036759410289737476,24821.53,12902.09
1739,0.24253562503633297,-0.08126302114282331,South America,3.336778484062678,2.082976255851787,1.892941869626594,2.960138883125111,9436.33,19460.654
847,-0.7276068751089989,0.24456138795373578,Europe,-0.5636502210801823,-0.5327456587185744,-0.9239383141587861,-0.26935246575024746,16650.17,12868.717
952,-0.6583109822414752,-1.7465877787474586,Asia,-0.4374575375108737,-0.31830043304283984,-0.7377804419473534,-0.8112567508897227,29118.0,13822.079
1620,0.17323973216880928,1.0772237667560534,South America,-1.6032364474284397,-1.4968464909730466,-1.3128582802009943,-1.5411391522748763,25561.55,17191.19
2999,1.697749375254331,-1.1673443847980203,Asia,3.281499351968743,2.745127952088518,3.5831063338520512,3.1486538345837682,25595.49,20332.635
2315,0.9354945537115701,0.027345115222696382,South America,1.1886638280188944,0.5585140789019641,2.131299848345927,0.9966476694834354,2418.63,14898.681
1912,0.4504233036389041,-0.2984792938738627,Asia,0.3496070595979957,-0.3503046944841758,0.6617216429198856,-0.00627971069335881,1207.21,11359.088
2593,1.2819740180491885,-1.7103850666256188,Europe,-1.038476426829239,-1.0716467922896717,-0.27529318380741397,-0.6352373751795627,10593.99,15815.667
2031,0.5890150893739515,0.20835867583189588,North America,-0.5955451821252513,-0.7780811794744321,-0.6414233923131494,-0.24162362455162645,4133.99,14512.505
1100,-0.4504233036389041,-0.4794928544830622,Europe,0.4034398046967363,0.6459667452146162,0.169111855885504,0.6850720228185352,26974.36,12591.13
1292,-0.24253562503633297,0.31696681219741557,North America,0.37654574558408016,-0.33164713758080816,-0.1268814434822265,0.4677885366475153,23489.54,13775.1
2875,1.5591575895192835,0.7876020697813343,South America,-0.406807469503475,-0.4687465962720907,0.052808404708721404,-0.2102802061753272,28943.5,15242.519
168,-1.5591575895192835,-1.2397498090417,Asia,-1.0449712418239085,-0.9035951514981986,-0.957819603533943,-0.956365630713374,20351.36,14626.966
2376,1.0047904465790938,0.31696681219741557,South America,-1.1443813816928188,-1.153549730223161,-0.7883392568167743,-1.1719678260116808,23875.93,16565.443
1467,-0.03464794643376185,0.7151966455376545,Asia,-1.0939948459405622,-0.8143111024133619,-1.28839445287059,-1.0139077966749328,24597.51,12719.772
2766,1.4898616966517597,-1.0225335363106607,Asia,-1.0830850767553224,-1.340696867276568,-1.251471946635898,-0.6870609436746032,20055.69,15205.404
1398,-0.10394383930128556,-0.7329118393359415,South America,-0.6647317460787665,-0.44321879177156265,-0.20940849538130032,-0.331811657191014,11821.79,16253.003
1228,-0.3118315179038567,0.31696681219741557,South America,-0.7308483746023646,-0.5273181276401818,-0.6785860730323392,-0.6780230850257313,27519.09,15611.551
2234,0.8661986608440464,0.35316952431925547,Asia,-0.7856007853386826,-0.554075000475551,-0.3946849331942905,-0.4049868836030795,20216.68,11615.999
1738,0.24253562503633297,-0.11746573326466321,South America,1.9022128473663833,1.4722349349731862,1.5657002607162414,1.52959111030839,7769.88,15592.199
367,-1.2819740180491885,1.1858319031215732,North America,-0.8557539197410586,-0.7244523318300654,-0.3170346748600951,-0.5878208953395883,13960.11,13561.097
2275,0.8661986608440464,0.2807641000755757,Asia,-0.17963162643385944,-0.41962525228677083,-0.136868649465391,-0.10669224564068552,7312.1,11384.294
867,-0.7276068751089989,0.09975053946637617,Europe,-0.4154614589566439,-0.6224672529771353,-1.0801989327987052,-0.5095361076124366,11339.05,13136.583
1302,-0.24253562503633297,0.13595325158821608,North America,-0.1568824823333452,-0.13795337868486088,0.41310469751036366,-0.43301075765609026,6666.22,13731.257
351,-1.3512699109167123,-1.0225335363106607,South America,-0.6277811090501381,-0.6765604503644279,-1.1527125561902523,-0.3694255147163711,6508.69,16914.924
2394,1.0047904465790938,0.24456138795373578,South America,-0.12732002610900325,-0.5076601296098654,-0.5012765148937101,-0.5397316726377797,14885.97,15865.558
2503,1.1433822323141412,-0.008857596899143517,Asia,-0.24516168595983628,-0.709232855111587,-0.9216492069752718,-0.35773575806921165,16547.78,12426.181
979,-0.5890150893739515,1.5478590243399721,North America,-0.40949874953633925,-0.37619514903860196,-0.1454118287092543,-0.6716017317582573,3485.42,12918.075
1847,0.3811274107713804,0.534183084928455,South America,2.450361006159159,3.472696987830346,1.624590090768778,2.339957738204668,16640.36,18942.447
2370,1.0047904465790938,0.20835867583189588,South America,-0.33662192625798243,-0.6999998635763133,-0.8595286427280378,-0.2736621539236336,12603.5,16085.812
498,-1.1433822323141412,1.0410210546342136,North America,-0.7565455844575617,-0.6378215409113022,-0.9209203399912993,-0.9203871952292413,12960.32,14156.2
1628,0.17323973216880928,1.4030481758526125,South America,-0.15389030741838255,0.06791123136777494,-0.6447518650077413,-0.32546703511695624,16591.11,14592.496
210,-1.4898616966517597,0.6065885091721348,South America,-0.2977650694153718,-0.4909671899550057,0.018962873321330644,-0.35492048775136303,6788.37,14733.222
2470,1.1433822323141412,0.20835867583189588,Asia,0.06245901474032483,0.2425966088516924,-0.5152954339975396,-0.03196823831354091,10323.25,11513.845
601,-1.0047904465790938,1.3306427516089328,Asia,-1.2676572693816335,-1.4193182164071219,-1.3335192455324385,-1.3391526382643812,13140.65,14078.993
227,-1.4898616966517597,0.6065885091721348,South America,3.0225626355596047,2.6581025821437194,1.2047287379122766,2.7722131479524292,26532.73,18693.69
365,-1.2819740180491885,1.0772237667560534,North America,-0.4815909267663332,-0.5829943713497073,-1.0573173964269653,-0.41720214982581233,40.39,13918.942
581,-1.0740863394466176,1.1134264788778934,South America,0.3290275477615871,0.5255972795532653,0.07887299795813629,0.4795439819916212,13288.53,14360.806
2855,1.5591575895192835,1.0410210546342136,South America,1.6378551565758734,2.0813518201212284,2.1274963903805038,1.4102933581298256,29481.9,16456.475
2178,0.7969027679765226,0.20835867583189588,South America,-0.3021927593494032,-0.7038747005652446,0.09695342850577009,-0.5917769404850152,24210.41,15615.288
2018,0.5890150893739515,0.2807641000755757,North America,0.4302666646426747,1.2135274818495232,1.0881308793028834,0.15381100543003456,4820.98,13083.231
859,-0.7276068751089989,0.24456138795373578,Europe,-0.7258280066555558,-1.0438122180984797,-0.8287880966116992,-0.26721022143516737,25326.29,13105.233
407,-1.2819740180491885,1.0772237667560534,North America,2.1059744920245014,1.4540503998792504,2.5027061479465997,1.5731662170816587,23406.38,15833.664
1920,0.5197191965064278,1.620264448583652,South America,-1.5790412269606209,-1.5633308888432544,-1.39851832779487,-1.5209571495608116,13020.34,17337.9
1613,0.10394383930128556,-1.0587362484325005,South America,1.0262818563776233,0.37078985524105035,-0.08486461592374366,0.917688723189775,23628.03,16147.042
678,-0.9354945537115701,-1.0225335363106607,Asia,-0.9455453634752744,-0.9541257062907846,-0.6044967143132178,-0.9178024016325761,26123.92,13570.2295
1264,-0.24253562503633297,0.46177766068477516,North America,-0.40299855032492193,-0.7996974877957979,-0.9919279561314168,-0.010101263894606501,11869.4,14253.343
2407,1.0740863394466176,-0.08126302114282331,South America,-0.7785390744460473,-0.9820028524448254,-0.47807852033023734,-0.7811990754997805,24573.11,16322.37
691,-0.9354945537115701,-0.9501281120669809,Asia,0.0892049043497863,-0.32045741249385035,0.2906526603371432,0.20418970573318287,8432.22,11737.03
7,-1.697749375254331,0.09975053946637617,Asia,-0.6821472022348011,-0.6181000791215533,-0.6385502379961165,-0.42075670112524677,26479.09,12430.056
2867,1.5591575895192835,1.0410210546342136,South America,2.812070512881471,2.769367954712867,2.7718255316084677,2.7982216248292913,22233.62,20540.533
1204,-0.3118315179038567,0.7151966455376545,South America,-1.0064781302396641,-1.0898415761894782,-0.9586062792648046,-1.0707489056811466,15125.3,15788.008
2233,0.8661986608440464,0.24456138795373578,Asia,-1.24929646901584,-1.2345117489407216,-1.4366333629215726,-1.2001689462900738,13496.68,14265.057
415,-1.2819740180491885,1.258237327365253,North America,-0.47019057260126457,-0.6661169171818493,-0.8062832110444323,-0.35729264250575676,4128.89,13635.437
670,-0.9354945537115701,-0.9501281120669809,Asia,0.5141739878125775,-0.046350734364124735,-0.3823245887563605,0.4321144776686312,22167.85,11963.783
810,-0.7969027679765226,-0.9863308241888208,Asia,-0.07554260221110685,-0.5100185375147255,0.300928910054753,-0.20288484809105747,23517.59,11910.321
1089,-0.4504233036389041,-0.3708847181175425,Europe,-0.09824473795770748,-0.550830465047688,-0.7813283073487024,-0.13012215802145485,27738.38,13368.862
199,-1.4898616966517597,0.7876020697813343,South America,-0.15042763479376525,0.031232726079566876,0.007756915921793732,-0.25822332815461585,7880.27,14474.815
283,-1.420565803784236,0.5703857970502949,South America,-0.1455256160727782,0.42857144018739013,0.3472182211848618,-0.303075966827124,8065.61,14414.026
231,-1.4898616966517597,1.0410210546342136,South America,-0.5055917977180822,-0.11171209962177281,-0.3837996057517258,-0.687370416716684,22788.34,14673.257
2730,1.420565803784236,-1.5293715060164192,Europe,-0.687862962483115,-0.47225523554355353,-0.5720111783938773,-0.8309970537450081,21549.01,15569.265
2861,1.5591575895192835,0.6065885091721348,South America,0.5800102228947716,0.02642800705026013,0.10537085882598803,0.510464104669924,28110.88,15123.499
96,-1.628453482386807,1.4030481758526125,North America,-1.1782102084340176,-0.6882436948725601,-1.4262170610852112,-0.8509389529460952,14876.27,14945.802
1587,0.10394383930128556,-1.0225335363106607,South America,-0.6774115765198472,-1.02102202732004,-1.0695639112705055,-0.43956009062623613,4404.6,17185.303
2569,1.212678125181665,0.6065885091721348,South America,-0.8339091169689163,-0.6243944226657301,-0.5401692862543324,-0.6400485059490374,9783.35,15797.65
1606,0.10394383930128556,-0.9863308241888208,South America,1.4669966675488513,1.6911979131138382,0.3641615477215225,0.7898927789846679,20452.08,15790.487
676,-0.9354945537115701,-0.9501281120669809,Asia,-0.6425921574396819,-0.3576794986780639,-0.10376628825707933,-0.6530282526965813,8036.21,12337.918
1860,0.4504233036389041,-0.2622765817520228,Asia,-1.8151731968770612,-1.6603117911372343,-1.6731915229233283,-1.8501866335301342,11251.77,17045.357
2781,1.4898616966517597,-1.1311416726761803,Asia,-0.35051434443624657,0.04434567900670779,-0.5570387129496095,-0.04390064674209373,8764.32,13259.705
2863,1.5591575895192835,0.6789939334158146,South America,0.02917937810740186,0.32155971623956103,-0.6066356379481133,0.03273342933333669,5148.25,15393.631
2587,1.2819740180491885,-1.7103850666256188,Europe,-0.6451684016108767,-0.019796472537128983,-0.6529279289105361,-0.707056356512427,22107.25,15484.626
1399,-0.10394383930128556,-0.6605064150922617,South America,-0.2660923108537793,-0.15083849277379205,-0.42325556541966947,-0.2035369216646274,20929.04,16204.001
1370,-0.17323973216880928,-1.0225335363106607,Asia,0.8197675309071903,1.4120728677708794,-0.2718389621891767,0.774295960573856,28757.22,11759.509
104,-1.628453482386807,1.258237327365253,North America,0.187063354369031,0.5091775099933528,0.18097516429348043,0.2438597327293452,4768.15,12959.941
2087,0.6583109822414752,1.0772237667560534,Europe,2.164723130556618,1.0878889474159399,1.5411279674896121,1.6639562073491008,19733.89,13529.594
599,-1.0740863394466176,0.7876020697813343,South America,2.0907663576498074,2.1681828569393184,1.1249192930834515,1.5233778656282255,24562.4,16268.9795
1756,0.3118315179038567,1.4030481758526125,South America,-0.41152135126617806,-0.4241623198089072,-0.5551411557321375,-0.45131666853408275,3655.51,14722.729
1323,-0.17323973216880928,-1.1311416726761803,Asia,-1.104384106325971,-1.130418175372248,-1.3989700703736527,-1.2273748261815371,26438.64,15021.305
