Facility,Room,Date,Ch:1 - Temperature   (°C),Ch:2 - RH   (%),Dew Point   (°C),CO2,LSI (Red),Time
Facility1,Room1,04/01/2024,21.47,31.8,4.01,900,564,12:00:00 AM
Facility1,Room1,04/01/2024,21.45,28.43,2.38,868,561,1:00:00 AM
Facility1,Room1,04/01/2024,20.91,25.53,0.45,951,552,2:00:00 AM
Facility1,Room1,04/01/2024,19.9,25.91,-0.2,867,548,3:00:00 AM
Facility1,Room1,04/01/2024,22.83,30.69,4.69,829,570,4:00:00 AM
Facility1,Room1,04/01/2024,24.18,51.01,13.42,948,585,5:00:00 AM
Facility1,Room1,04/01/2024,24.0,53.27,13.93,829,569,6:00:00 AM
Facility1,Room1,04/01/2024,23.96,52.75,13.74,907,594,7:00:00 AM
Facility1,Room1,04/01/2024,23.98,53.27,13.91,892,565,8:00:00 AM
Facility1,Room1,04/01/2024,23.26,52.75,13.1,877,581,9:00:00 AM
Facility1,Room1,04/01/2024,22.35,59.61,14.12,876,590,10:00:00 AM
Facility1,Room1,04/01/2024,22.61,59.01,14.22,885,546,11:00:00 AM
Facility1,Room1,04/01/2024,22.63,57.16,13.74,927,576,12:00:00 PM
Facility1,Room1,04/01/2024,22.66,57.01,13.73,864,552,1:00:00 PM
Facility1,Room1,04/01/2024,22.63,56.06,13.44,852,559,2:00:00 PM
Facility1,Room1,04/01/2024,22.62,56.11,13.44,946,544,3:00:00 PM
Facility1,Room1,04/01/2024,22.61,55.43,13.25,873,578,4:00:00 PM
Facility1,Room1,04/01/2024,22.64,55.5,13.3,917,566,5:00:00 PM
Facility1,Room1,04/01/2024,22.67,54.7,13.1,854,593,6:00:00 PM
Facility1,Room1,04/01/2024,22.69,54.87,13.17,894,588,7:00:00 PM
Facility1,Room1,04/01/2024,22.67,54.51,13.05,899,574,8:00:00 PM
Facility1,Room1,04/01/2024,22.76,54.38,13.1,850,561,9:00:00 PM
Facility1,Room1,04/01/2024,22.7,54.26,13.0,929,587,10:00:00 PM
Facility1,Room1,04/01/2024,22.75,54.08,13.0,897,569,11:00:00 PM
Facility1,Room1,04/02/2024,22.77,53.8,12.94,932,550,12:00:00 AM
Facility1,Room1,04/02/2024,22.77,54.04,13.01,868,581,1:00:00 AM
Facility1,Room1,04/02/2024,22.75,53.86,12.94,926,564,2:00:00 AM
Facility1,Room1,04/02/2024,22.71,54.21,13.0,944,560,3:00:00 AM
Facility1,Room1,04/02/2024,22.65,54.42,13.01,899,566,4:00:00 AM
Facility1,Room1,04/02/2024,22.61,54.68,13.04,888,594,5:00:00 AM
Facility1,Room1,04/02/2024,22.61,55.02,13.14,944,561,6:00:00 AM
Facility1,Room1,04/02/2024,22.68,54.89,13.16,824,544,7:00:00 AM
Facility1,Room1,04/02/2024,22.65,54.66,13.07,916,545,8:00:00 AM
Facility1,Room1,04/02/2024,23.01,54.88,13.47,832,580,9:00:00 AM
Facility1,Room1,04/02/2024,23.65,52.47,13.37,870,562,10:00:00 AM
Facility1,Room1,04/02/2024,23.79,53.05,13.67,847,557,11:00:00 AM
Facility1,Room1,04/02/2024,23.95,53.99,14.09,913,557,12:00:00 PM
Facility1,Room1,04/02/2024,23.86,54.34,14.1,858,584,1:00:00 PM
Facility1,Room1,04/02/2024,24.12,55.42,14.65,880,591,2:00:00 PM
Facility1,Room1,04/02/2024,23.93,54.11,14.11,853,550,3:00:00 PM
Facility1,Room1,04/02/2024,23.95,55.27,14.45,943,560,4:00:00 PM
Facility1,Room1,04/02/2024,23.87,54.54,14.17,883,550,5:00:00 PM
Facility1,Room1,04/02/2024,23.86,56.04,14.58,919,544,6:00:00 PM
Facility1,Room1,04/02/2024,23.83,55.46,14.39,853,571,7:00:00 PM
Facility1,Room1,04/02/2024,23.75,56.73,14.67,840,568,8:00:00 PM
Facility1,Room1,04/02/2024,23.77,56.95,14.74,892,561,9:00:00 PM
Facility1,Room1,04/02/2024,23.85,57.51,14.97,886,566,10:00:00 PM
Facility1,Room1,04/02/2024,23.85,58.04,15.12,861,554,11:00:00 PM
Facility1,Room1,04/03/2024,23.67,56.5,14.53,889,579,12:00:00 AM
Facility1,Room1,04/03/2024,23.84,58.35,15.2,885,589,1:00:00 AM
Facility1,Room1,04/03/2024,23.54,56.64,14.45,947,593,2:00:00 AM
Facility1,Room1,04/03/2024,23.6,57.38,14.71,951,591,3:00:00 AM
Facility1,Room1,04/03/2024,23.57,56.52,14.44,833,582,4:00:00 AM
Facility1,Room1,04/03/2024,23.55,55.71,14.2,833,555,5:00:00 AM
Facility1,Room1,04/03/2024,23.92,56.76,14.84,860,565,6:00:00 AM
Facility1,Room1,04/03/2024,24.46,55.71,15.05,932,563,7:00:00 AM
Facility1,Room1,04/03/2024,24.12,56.36,14.91,842,588,8:00:00 AM
Facility1,Room1,04/03/2024,23.58,56.37,14.41,898,589,9:00:00 AM
Facility1,Room1,04/03/2024,21.61,60.22,13.58,907,545,10:00:00 AM
Facility1,Room1,04/03/2024,22.43,57.29,13.59,869,594,11:00:00 AM
Facility1,Room1,04/03/2024,22.78,55.66,13.47,884,549,12:00:00 PM
Facility1,Room1,04/03/2024,23.5,55.09,13.98,906,574,1:00:00 PM
Facility1,Room1,04/03/2024,23.62,54.24,13.85,907,577,2:00:00 PM
Facility1,Room1,04/03/2024,23.68,54.15,13.89,919,602,3:00:00 PM
Facility1,Room1,04/03/2024,23.74,54.07,13.91,877,584,4:00:00 PM
Facility1,Room1,04/03/2024,23.66,53.68,13.74,829,592,5:00:00 PM
Facility1,Room1,04/03/2024,23.72,53.29,13.67,935,599,6:00:00 PM
Facility1,Room1,04/03/2024,23.72,53.45,13.72,920,586,7:00:00 PM
Facility1,Room1,04/03/2024,23.74,52.89,13.58,908,572,8:00:00 PM
Facility1,Room1,04/03/2024,23.76,52.43,13.46,881,571,9:00:00 PM
Facility1,Room1,04/03/2024,23.8,52.16,13.42,884,578,10:00:00 PM
Facility1,Room1,04/03/2024,23.76,51.97,13.33,904,577,11:00:00 PM
Facility1,Room1,04/04/2024,23.75,51.61,13.21,886,583,12:00:00 AM
Facility1,Room1,04/04/2024,23.77,51.62,13.23,915,597,1:00:00 AM
Facility1,Room1,04/04/2024,23.8,51.67,13.27,937,581,2:00:00 AM
Facility1,Room1,04/04/2024,23.79,51.73,13.29,916,596,3:00:00 AM
Facility1,Room1,04/04/2024,23.8,52.13,13.41,874,589,4:00:00 AM
Facility1,Room1,04/04/2024,23.85,52.12,13.46,863,580,5:00:00 AM
Facility1,Room1,04/04/2024,23.77,51.88,13.3,929,585,6:00:00 AM
Facility1,Room1,04/04/2024,23.74,51.98,13.31,878,600,7:00:00 AM
Facility1,Room1,04/04/2024,23.73,52.01,13.31,884,595,8:00:00 AM
Facility1,Room1,04/04/2024,22.94,50.34,12.08,848,594,9:00:00 AM
Facility1,Room1,04/04/2024,23.35,52.61,13.14,844,596,10:00:00 AM
Facility1,Room1,04/04/2024,23.75,52.16,13.37,892,582,11:00:00 AM
Facility1,Room1,04/04/2024,24.01,51.77,13.5,929,596,12:00:00 PM
Facility1,Room1,04/04/2024,24.13,52.15,13.72,840,598,1:00:00 PM
Facility1,Room1,04/04/2024,24.23,52.2,13.82,843,593,2:00:00 PM
Facility1,Room1,04/04/2024,24.21,52.38,13.86,928,595,3:00:00 PM
Facility1,Room1,04/04/2024,24.17,53.31,14.1,943,586,4:00:00 PM
Facility1,Room1,04/04/2024,24.3,53.44,14.25,856,594,5:00:00 PM
Facility1,Room1,04/04/2024,24.24,54.33,14.45,934,595,6:00:00 PM
Facility1,Room1,04/04/2024,24.22,54.31,14.43,891,583,7:00:00 PM
Facility1,Room1,04/04/2024,24.05,53.49,14.04,949,586,8:00:00 PM
Facility1,Room1,04/04/2024,24.06,52.8,13.84,877,585,9:00:00 PM
Facility1,Room1,04/04/2024,24.17,54.36,14.4,854,584,10:00:00 PM
Facility1,Room1,04/04/2024,24.16,54.49,14.42,949,590,11:00:00 PM
Facility1,Room1,04/05/2024,24.1,52.97,13.94,859,578,12:00:00 AM
Facility1,Room1,04/05/2024,24.15,53.98,14.27,844,589,1:00:00 AM
Facility1,Room1,04/05/2024,24.09,52.22,13.7,951,589,2:00:00 AM
Facility1,Room1,04/05/2024,23.98,55.29,14.49,928,593,3:00:00 AM
Facility1,Room1,04/05/2024,24.04,55.32,14.55,890,572,4:00:00 AM
Facility1,Room1,04/05/2024,24.45,55.55,15.0,894,599,5:00:00 AM
Facility1,Room1,04/05/2024,24.39,55.07,14.81,943,593,6:00:00 AM
Facility1,Room1,04/05/2024,24.49,54.65,14.78,940,572,7:00:00 AM
Facility1,Room1,04/05/2024,24.68,54.7,14.97,824,579,8:00:00 AM
Facility1,Room1,04/05/2024,23.99,54.09,14.15,862,596,9:00:00 AM
Facility1,Room1,04/05/2024,23.07,63.65,15.82,916,578,10:00:00 AM
Facility1,Room1,04/05/2024,23.29,60.79,15.31,897,585,11:00:00 AM
Facility1,Room1,04/05/2024,23.37,59.65,15.09,946,600,12:00:00 PM
Facility1,Room1,04/05/2024,23.37,58.71,14.85,900,588,1:00:00 PM
Facility1,Room1,04/05/2024,23.38,57.78,14.61,838,572,2:00:00 PM
Facility1,Room1,04/05/2024,23.42,57.47,14.56,857,595,3:00:00 PM
Facility1,Room1,04/05/2024,23.44,56.78,14.39,936,593,4:00:00 PM
Facility1,Room1,04/05/2024,23.49,56.44,14.35,832,601,5:00:00 PM
Facility1,Room1,04/05/2024,23.49,55.85,14.18,847,588,6:00:00 PM
Facility1,Room1,04/05/2024,23.45,55.45,14.04,922,601,7:00:00 PM
Facility1,Room1,04/05/2024,23.48,55.32,14.03,880,601,8:00:00 PM
Facility1,Room1,04/05/2024,23.5,55.1,13.99,900,582,9:00:00 PM
Facility1,Room1,04/05/2024,23.48,54.84,13.89,858,587,10:00:00 PM
Facility1,Room1,04/05/2024,23.51,54.92,13.94,914,581,11:00:00 PM
Facility1,Room1,04/06/2024,23.48,54.72,13.86,949,575,12:00:00 AM
Facility1,Room1,04/06/2024,23.46,54.53,13.79,856,593,1:00:00 AM
Facility1,Room1,04/06/2024,23.47,54.96,13.92,840,601,2:00:00 AM
Facility1,Room1,04/06/2024,23.48,54.92,13.92,887,590,3:00:00 AM
Facility1,Room1,04/06/2024,23.45,54.91,13.89,876,597,4:00:00 AM
Facility1,Room1,04/06/2024,23.42,55.06,13.9,829,602,5:00:00 AM
Facility1,Room1,04/06/2024,23.39,55.32,13.95,903,571,6:00:00 AM
Facility1,Room1,04/06/2024,23.35,55.24,13.89,863,588,7:00:00 AM
Facility1,Room1,04/06/2024,23.41,56.51,14.29,928,599,8:00:00 AM
Facility1,Room1,04/06/2024,22.89,52.82,12.77,1157,602,9:00:00 AM
Facility1,Room1,04/06/2024,23.51,54.0,13.68,925,597,10:00:00 AM
Facility1,Room1,04/06/2024,23.93,53.55,13.95,1092,588,11:00:00 AM
Facility1,Room1,04/06/2024,23.98,52.63,13.72,1136,574,12:00:00 PM
Facility1,Room1,04/06/2024,24.22,54.13,14.38,1188,601,1:00:00 PM
Facility1,Room1,04/06/2024,24.26,54.02,14.39,1038,583,2:00:00 PM
Facility1,Room1,04/06/2024,24.26,54.52,14.53,916,584,3:00:00 PM
Facility1,Room1,04/06/2024,24.21,54.8,14.56,979,591,4:00:00 PM
Facility1,Room1,04/06/2024,24.38,55.35,14.87,991,596,5:00:00 PM
Facility1,Room1,04/06/2024,24.27,55.21,14.73,1089,578,6:00:00 PM
Facility1,Room1,04/06/2024,24.37,56.03,15.06,1176,600,7:00:00 PM
Facility1,Room1,04/06/2024,24.45,56.03,15.13,1061,576,8:00:00 PM
Facility1,Room1,04/06/2024,24.46,56.09,15.15,1154,581,9:00:00 PM
Facility1,Room1,04/06/2024,24.46,56.23,15.2,956,585,10:00:00 PM
Facility1,Room1,04/06/2024,24.46,56.6,15.3,965,577,11:00:00 PM
Facility1,Room1,04/07/2024,24.49,56.57,15.31,974,577,12:00:00 AM
Facility1,Room1,04/07/2024,24.42,56.55,15.24,963,598,1:00:00 AM
Facility1,Room1,04/07/2024,24.49,57.1,15.46,1130,599,2:00:00 AM
Facility1,Room1,04/07/2024,24.53,57.42,15.59,903,591,3:00:00 AM
Facility1,Room1,04/07/2024,24.63,56.65,15.47,1044,576,4:00:00 AM
Facility1,Room1,04/07/2024,24.63,56.5,15.43,952,591,5:00:00 AM
Facility1,Room1,04/07/2024,24.69,55.91,15.32,1011,602,6:00:00 AM
Facility1,Room1,04/07/2024,24.84,57.62,15.93,1126,580,7:00:00 AM
Facility1,Room1,04/07/2024,24.81,53.6,14.77,1155,595,8:00:00 AM
Facility1,Room1,04/07/2024,23.99,52.15,13.59,1027,600,9:00:00 AM
Facility1,Room1,04/07/2024,23.33,58.13,14.65,989,586,10:00:00 AM
Facility1,Room1,04/07/2024,23.44,57.49,14.59,1053,574,11:00:00 AM
Facility1,Room1,04/07/2024,23.44,57.08,14.47,1063,589,12:00:00 PM
Facility1,Room1,04/07/2024,23.38,57.18,14.45,1068,584,1:00:00 PM
Facility1,Room1,04/07/2024,23.38,57.65,14.57,971,575,2:00:00 PM
Facility1,Room1,04/07/2024,23.4,57.01,14.42,986,578,3:00:00 PM
Facility1,Room1,04/07/2024,23.35,57.51,14.51,1041,571,4:00:00 PM
Facility1,Room1,04/07/2024,23.4,56.87,14.38,1091,584,5:00:00 PM
Facility1,Room1,04/07/2024,23.36,56.56,14.26,977,588,6:00:00 PM
Facility1,Room1,04/07/2024,23.38,56.83,14.35,1065,571,7:00:00 PM
Facility1,Room1,04/07/2024,23.35,56.11,14.13,1018,572,8:00:00 PM
Facility1,Room1,04/07/2024,23.4,56.48,14.27,1050,591,9:00:00 PM
Facility1,Room1,04/07/2024,23.37,55.86,14.08,1023,593,10:00:00 PM
Facility1,Room1,04/07/2024,23.42,56.08,14.18,979,589,11:00:00 PM
Facility1,Room1,04/08/2024,23.35,55.39,13.93,1029,594,12:00:00 AM
Facility1,Room1,04/08/2024,23.37,56.3,14.2,1079,583,1:00:00 AM
Facility1,Room1,04/08/2024,23.38,55.28,13.92,1046,597,2:00:00 AM
Facility1,Room1,04/08/2024,23.39,55.97,14.12,969,583,3:00:00 AM
Facility1,Room1,04/08/2024,23.36,55.86,14.06,970,583,4:00:00 AM
Facility1,Room1,04/08/2024,23.35,55.98,14.09,1044,592,5:00:00 AM
Facility1,Room1,04/08/2024,23.38,56.23,14.19,987,572,6:00:00 AM
Facility1,Room1,04/08/2024,23.31,56.21,14.12,1023,574,7:00:00 AM
Facility1,Room1,04/08/2024,23.37,56.87,14.35,1061,589,8:00:00 AM
Facility1,Room1,04/08/2024,22.86,53.06,12.81,993,583,9:00:00 AM
Facility1,Room1,04/08/2024,23.47,54.13,13.68,1018,583,10:00:00 AM
Facility1,Room1,04/08/2024,23.87,53.68,13.93,1063,599,11:00:00 AM
Facility1,Room1,04/08/2024,24.11,53.88,14.2,1063,581,12:00:00 PM
Facility1,Room1,04/08/2024,24.22,53.91,14.31,1090,573,1:00:00 PM
Facility1,Room1,04/08/2024,24.27,54.14,14.43,974,598,2:00:00 PM
Facility1,Room1,04/08/2024,24.27,54.66,14.58,959,583,3:00:00 PM
Facility1,Room1,04/08/2024,24.24,55.07,14.66,1046,587,4:00:00 PM
Facility1,Room1,04/08/2024,24.39,55.5,14.92,1046,588,5:00:00 PM
Facility1,Room1,04/08/2024,24.48,55.65,15.05,1069,574,6:00:00 PM
Facility1,Room1,04/08/2024,24.47,54.87,14.82,1018,585,7:00:00 PM
Facility1,Room1,04/08/2024,24.22,54.93,14.61,984,594,8:00:00 PM
Facility1,Room1,04/08/2024,24.25,55.52,14.8,1094,588,9:00:00 PM
Facility1,Room1,04/08/2024,24.24,56.02,14.93,1036,584,10:00:00 PM
Facility1,Room1,04/08/2024,24.08,54.72,14.42,986,584,11:00:00 PM
Facility1,Room1,04/09/2024,24.18,55.84,14.83,1047,578,12:00:00 AM
Facility1,Room1,04/09/2024,24.1,55.06,14.54,1046,585,1:00:00 AM
Facility1,Room1,04/09/2024,24.19,57.22,15.22,1033,578,2:00:00 AM
Facility1,Room1,04/09/2024,24.05,58.58,15.44,1055,588,3:00:00 AM
Facility1,Room1,04/09/2024,24.12,57.49,15.22,1046,592,4:00:00 AM
Facility1,Room1,04/09/2024,24.23,57.15,15.23,1064,596,5:00:00 AM
Facility1,Room1,04/09/2024,24.16,58.77,15.61,1032,578,6:00:00 AM
Facility1,Room1,04/09/2024,24.26,56.12,14.97,1079,594,7:00:00 AM
Facility1,Room1,04/09/2024,24.23,54.95,14.62,967,576,8:00:00 AM
Facility1,Room1,04/09/2024,23.56,55.59,14.18,1027,591,9:00:00 AM
Facility1,Room1,04/09/2024,23.19,61.86,15.5,1087,584,10:00:00 AM
Facility1,Room1,04/09/2024,23.2,61.97,15.53,1064,600,11:00:00 AM
Facility1,Room1,04/09/2024,23.18,60.92,15.25,1006,599,12:00:00 PM
Facility1,Room1,04/09/2024,23.14,72.95,18.04,968,572,1:00:00 PM
Facility1,Room1,04/09/2024,22.75,75.04,18.11,1004,578,2:00:00 PM
Facility1,Room1,04/09/2024,23.2,65.63,16.42,1026,577,3:00:00 PM
Facility1,Room1,04/09/2024,23.41,60.55,15.36,998,589,4:00:00 PM
Facility1,Room1,04/09/2024,23.55,59.72,15.28,1071,592,5:00:00 PM
Facility1,Room1,04/09/2024,23.59,57.54,14.74,993,593,6:00:00 PM
Facility1,Room1,04/09/2024,23.64,57.43,14.76,1044,598,7:00:00 PM
Facility1,Room1,04/09/2024,23.61,56.53,14.48,985,577,8:00:00 PM
Facility1,Room1,04/09/2024,23.67,56.49,14.52,1004,583,9:00:00 PM
Facility1,Room1,04/09/2024,23.64,56.13,14.4,991,580,10:00:00 PM
Facility1,Room1,04/09/2024,23.7,55.74,14.35,1021,598,11:00:00 PM
Facility1,Room1,04/10/2024,23.65,55.8,14.32,1062,586,12:00:00 AM
Facility1,Room1,04/10/2024,23.65,55.76,14.31,1033,587,1:00:00 AM
Facility1,Room1,04/10/2024,23.66,55.76,14.32,1062,584,2:00:00 AM
Facility1,Room1,04/10/2024,23.66,55.61,14.27,1032,572,3:00:00 AM
Facility1,Room1,04/10/2024,23.64,55.92,14.34,1061,587,4:00:00 AM
Facility1,Room1,04/10/2024,23.63,55.89,14.32,1092,586,5:00:00 AM
Facility1,Room1,04/10/2024,23.62,56.09,14.37,1032,586,6:00:00 AM
Facility1,Room1,04/10/2024,23.64,56.42,14.49,1051,596,7:00:00 AM
Facility1,Room1,04/10/2024,23.58,56.3,14.4,1062,581,8:00:00 AM
Facility1,Room1,04/10/2024,22.87,53.72,13.01,1080,598,9:00:00 AM
Facility1,Room1,04/10/2024,23.1,56.18,13.92,1070,592,10:00:00 AM
Facility1,Room1,04/10/2024,23.56,55.47,14.14,995,577,11:00:00 AM
Facility1,Room1,04/10/2024,23.7,55.62,14.32,1052,579,12:00:00 PM
Facility1,Room1,04/10/2024,23.72,55.66,14.35,1079,597,1:00:00 PM
Facility1,Room1,04/10/2024,23.75,56.04,14.48,968,590,2:00:00 PM
Facility1,Room1,04/10/2024,23.84,57.27,14.9,1075,599,3:00:00 PM
Facility1,Room1,04/10/2024,23.98,57.27,15.03,1059,579,4:00:00 PM
Facility1,Room1,04/10/2024,24.02,57.21,15.05,1082,581,5:00:00 PM
Facility1,Room1,04/10/2024,24.06,57.39,15.13,1061,585,6:00:00 PM
Facility1,Room1,04/10/2024,24.05,57.94,15.28,977,590,7:00:00 PM
Facility1,Room1,04/10/2024,24.03,57.96,15.27,1075,584,8:00:00 PM
Facility1,Room1,04/10/2024,24.01,58.07,15.27,1050,595,9:00:00 PM
Facility1,Room1,04/10/2024,24.06,58.06,15.32,1017,589,10:00:00 PM
Facility1,Room1,04/10/2024,24.09,58.27,15.41,1023,602,11:00:00 PM
Facility1,Room1,04/11/2024,24.04,58.54,15.43,1034,621,12:00:00 AM
Facility1,Room1,04/11/2024,24.03,58.15,15.32,985,620,1:00:00 AM
Facility1,Room1,04/11/2024,24.02,58.27,15.34,1085,613,2:00:00 AM
Facility1,Room1,04/11/2024,24.06,58.15,15.34,1024,613,3:00:00 AM
Facility1,Room1,04/11/2024,24.15,57.66,15.3,1004,609,4:00:00 AM
Facility1,Room1,04/11/2024,24.21,56.81,15.12,1064,618,5:00:00 AM
Facility1,Room1,04/11/2024,24.28,56.57,15.13,960,613,6:00:00 AM
Facility1,Room1,04/11/2024,24.33,55.8,14.95,972,601,7:00:00 AM
Facility1,Room1,04/11/2024,24.33,55.49,14.87,1014,632,8:00:00 AM
Facility1,Room1,04/11/2024,23.69,54.85,14.09,1031,599,9:00:00 AM
Facility1,Room1,04/11/2024,23.22,59.43,14.9,1029,631,10:00:00 AM
Facility1,Room1,04/11/2024,23.32,59.05,14.89,1034,624,11:00:00 AM
Facility1,Room1,04/11/2024,23.41,57.65,14.6,974,627,12:00:00 PM
Facility1,Room1,04/11/2024,23.39,56.73,14.33,1059,605,1:00:00 PM
Facility1,Room1,04/11/2024,23.47,56.92,14.46,1161,617,2:00:00 PM
Facility1,Room1,04/11/2024,23.45,55.84,14.14,1201,604,3:00:00 PM
Facility1,Room1,04/11/2024,23.45,56.13,14.23,1153,596,4:00:00 PM
Facility1,Room1,04/11/2024,23.46,55.85,14.15,1195,600,5:00:00 PM
Facility1,Room1,04/11/2024,23.4,55.11,13.89,1139,625,6:00:00 PM
Facility1,Room1,04/11/2024,23.48,55.56,14.1,1123,627,7:00:00 PM
Facility1,Room1,04/11/2024,23.43,54.85,13.85,1128,632,8:00:00 PM
Facility1,Room1,04/11/2024,23.45,55.15,13.96,1121,622,9:00:00 PM
Facility1,Room1,04/11/2024,23.49,54.75,13.88,1168,623,10:00:00 PM
Facility1,Room1,04/11/2024,23.39,54.39,13.69,1173,619,11:00:00 PM
Facility1,Room1,04/12/2024,23.45,55.26,13.99,1209,607,12:00:00 AM
Facility1,Room1,04/12/2024,23.43,54.41,13.73,1141,638,1:00:00 AM
Facility1,Room1,04/12/2024,23.42,54.91,13.86,1173,597,2:00:00 AM
Facility1,Room1,04/12/2024,23.46,55.07,13.94,1154,604,3:00:00 AM
Facility1,Room1,04/12/2024,23.4,54.95,13.85,1128,631,4:00:00 AM
Facility1,Room1,04/12/2024,23.4,55.58,14.03,1123,637,5:00:00 AM
Facility1,Room1,04/12/2024,23.4,55.85,14.1,1124,598,6:00:00 AM
Facility1,Room1,04/12/2024,23.32,55.74,14.0,1219,615,7:00:00 AM
Facility1,Room1,04/12/2024,23.34,56.49,14.22,1161,601,8:00:00 AM
Facility1,Room1,04/12/2024,22.69,52.97,12.63,1136,627,9:00:00 AM
Facility1,Room1,04/12/2024,23.14,55.21,13.68,1145,618,10:00:00 AM
Facility1,Room1,04/12/2024,23.6,54.93,14.03,1222,625,11:00:00 AM
Facility1,Room1,04/12/2024,23.76,54.52,14.06,1173,607,12:00:00 PM
Facility1,Room1,04/12/2024,23.85,55.02,14.29,1220,633,1:00:00 PM
Facility1,Room1,04/12/2024,23.82,55.07,14.28,1120,599,2:00:00 PM
Facility1,Room1,04/12/2024,23.81,55.24,14.31,1180,619,3:00:00 PM
Facility1,Room1,04/12/2024,23.75,55.29,14.27,1219,616,4:00:00 PM
Facility1,Room1,04/12/2024,23.79,55.72,14.42,1152,623,5:00:00 PM
Facility1,Room1,04/12/2024,23.82,56.9,14.78,1143,619,6:00:00 PM
Facility1,Room1,04/12/2024,23.81,55.94,14.5,1200,603,7:00:00 PM
Facility1,Room1,04/12/2024,23.85,57.05,14.85,1205,637,8:00:00 PM
Facility1,Room1,04/12/2024,23.78,56.39,14.6,1145,605,9:00:00 PM
Facility1,Room1,04/12/2024,23.75,56.11,14.5,1171,619,10:00:00 PM
Facility1,Room1,04/12/2024,23.78,56.1,14.53,1181,601,11:00:00 PM
Facility1,Room1,04/13/2024,23.74,56.07,14.48,1135,597,12:00:00 AM
Facility1,Room1,04/13/2024,23.87,55.65,14.49,1136,625,1:00:00 AM
Facility1,Room1,04/13/2024,23.9,56.18,14.66,1189,610,2:00:00 AM
Facility1,Room1,04/13/2024,24.03,55.95,14.72,1175,639,3:00:00 AM
Facility1,Room1,04/13/2024,23.99,54.51,14.28,1124,607,4:00:00 AM
Facility1,Room1,04/13/2024,24.06,54.73,14.4,1168,617,5:00:00 AM
Facility1,Room1,04/13/2024,24.11,53.54,14.1,1192,608,6:00:00 AM
Facility1,Room1,04/13/2024,23.99,56.16,14.73,1195,600,7:00:00 AM
Facility1,Room1,04/13/2024,24.0,55.96,14.69,1179,616,8:00:00 AM
Facility1,Room1,04/13/2024,23.42,55.49,14.02,1162,618,9:00:00 AM
Facility1,Room1,04/13/2024,23.22,61.38,15.4,1198,623,10:00:00 AM
Facility1,Room1,04/13/2024,23.29,61.52,15.5,1211,597,11:00:00 AM
Facility1,Room1,04/13/2024,23.24,60.72,15.25,1167,624,12:00:00 PM
Facility1,Room1,04/13/2024,23.29,60.59,15.26,1202,636,1:00:00 PM
Facility1,Room1,04/13/2024,23.23,59.66,14.96,1178,606,2:00:00 PM
Facility1,Room1,04/13/2024,23.26,59.76,15.02,1189,610,3:00:00 PM
Facility1,Room1,04/13/2024,23.22,58.31,14.6,1132,614,4:00:00 PM
Facility1,Room1,04/13/2024,23.31,59.06,14.88,1218,609,5:00:00 PM
Facility1,Room1,04/13/2024,23.31,58.03,14.61,1200,612,6:00:00 PM
Facility1,Room1,04/13/2024,23.33,58.27,14.69,1165,630,7:00:00 PM
Facility1,Room1,04/13/2024,23.3,56.64,14.22,1156,598,8:00:00 PM
Facility1,Room1,04/13/2024,23.32,56.66,14.25,1094,626,9:00:00 PM
Facility1,Room1,04/13/2024,23.32,56.29,14.15,1039,628,10:00:00 PM
Facility1,Room1,04/13/2024,23.32,56.75,14.28,1076,596,11:00:00 PM
Facility1,Room1,04/14/2024,23.36,56.61,14.27,1013,606,12:00:00 AM
Facility1,Room1,04/14/2024,23.33,56.08,14.1,1056,632,1:00:00 AM
Facility1,Room1,04/14/2024,23.39,56.38,14.24,1022,601,2:00:00 AM
Facility1,Room1,04/14/2024,23.3,55.84,14.01,999,619,3:00:00 AM
Facility1,Room1,04/14/2024,23.3,56.59,14.21,1064,616,4:00:00 AM
Facility1,Room1,04/14/2024,23.27,56.71,14.22,993,601,5:00:00 AM
Facility1,Room1,04/14/2024,23.28,56.4,14.14,1060,617,6:00:00 AM
Facility1,Room1,04/14/2024,23.27,57.06,14.31,1063,609,7:00:00 AM
Facility1,Room1,04/14/2024,23.23,56.79,14.2,1049,602,8:00:00 AM
Facility1,Room1,04/14/2024,22.61,53.73,12.78,1055,631,9:00:00 AM
Facility1,Room1,04/14/2024,23.08,54.69,13.48,1078,637,10:00:00 AM
Facility1,Room1,04/14/2024,23.54,54.71,13.92,1028,635,11:00:00 AM
Facility1,Room1,04/14/2024,23.72,53.74,13.81,1064,603,12:00:00 PM
Facility1,Room1,04/14/2024,23.87,55.8,14.52,993,637,1:00:00 PM
Facility1,Room1,04/14/2024,23.89,55.25,14.39,1099,616,2:00:00 PM
Facility1,Room1,04/14/2024,23.93,55.78,14.57,1052,635,3:00:00 PM
Facility1,Room1,04/14/2024,23.78,55.86,14.46,1096,620,4:00:00 PM
Facility1,Room1,04/14/2024,23.91,56.66,14.8,1048,618,5:00:00 PM
Facility1,Room1,04/14/2024,23.9,57.12,14.91,1027,603,6:00:00 PM
Facility1,Room1,04/14/2024,23.91,57.0,14.89,998,634,7:00:00 PM
Facility1,Room1,04/14/2024,23.86,56.89,14.81,1101,606,8:00:00 PM
Facility1,Room1,04/14/2024,23.89,57.48,15.01,1100,606,9:00:00 PM
Facility1,Room1,04/14/2024,23.65,56.24,14.44,1030,599,10:00:00 PM
Facility1,Room1,04/14/2024,23.68,56.8,14.62,1067,633,11:00:00 PM
Facility1,Room1,04/15/2024,23.67,56.34,14.49,1032,624,12:00:00 AM
Facility1,Room1,04/15/2024,23.73,56.59,14.61,1045,603,1:00:00 AM
Facility1,Room1,04/15/2024,23.72,56.18,14.49,990,638,2:00:00 AM
Facility1,Room1,04/15/2024,23.69,58.5,15.09,1062,628,3:00:00 AM
Facility1,Room1,04/15/2024,23.85,57.66,15.02,1035,599,4:00:00 AM
Facility1,Room1,04/15/2024,24.06,56.08,14.78,997,613,5:00:00 AM
Facility1,Room1,04/15/2024,24.13,53.0,13.97,1008,621,6:00:00 AM
Facility1,Room1,04/15/2024,24.03,53.11,13.91,1087,609,7:00:00 AM
Facility1,Room1,04/15/2024,23.14,52.91,13.03,1025,627,8:00:00 AM
Facility1,Room1,04/15/2024,23.45,55.64,14.09,1071,620,9:00:00 AM
Facility1,Room1,04/15/2024,23.55,60.17,15.4,1093,608,10:00:00 AM
Facility1,Room1,04/15/2024,23.85,58.4,15.21,999,620,11:00:00 AM
Facility1,Room1,04/15/2024,23.76,55.55,14.36,1087,600,12:00:00 PM
Facility1,Room1,04/15/2024,23.65,54.35,13.91,1045,618,1:00:00 PM
Facility1,Room1,04/15/2024,22.93,54.9,13.4,995,602,2:00:00 PM
Facility1,Room1,04/15/2024,23.44,53.11,13.36,1069,636,3:00:00 PM
Facility1,Room1,04/15/2024,23.44,52.8,13.28,1059,638,4:00:00 PM
Facility1,Room1,04/15/2024,23.5,52.04,13.11,1083,602,5:00:00 PM
Facility1,Room1,04/15/2024,22.73,75.16,17.59,1015,600,6:00:00 PM
Facility1,Room1,04/15/2024,22.42,73.74,17.52,1072,620,7:00:00 PM
Facility1,Room1,04/15/2024,23.17,60.58,15.14,990,600,8:00:00 PM
Facility1,Room1,04/15/2024,23.46,56.14,14.23,1065,600,9:00:00 PM
Facility1,Room1,04/15/2024,23.4,53.95,13.57,1010,631,10:00:00 PM
Facility1,Room1,04/15/2024,23.37,53.07,13.29,1034,632,11:00:00 PM
Facility1,Room1,04/16/2024,23.34,52.46,13.08,1093,608,12:00:00 AM
Facility1,Room1,04/16/2024,23.28,52.29,12.97,1019,623,1:00:00 AM
Facility1,Room1,04/16/2024,23.25,52.32,12.96,1086,636,2:00:00 AM
Facility1,Room1,04/16/2024,23.21,52.19,12.88,998,633,3:00:00 AM
Facility1,Room1,04/16/2024,23.2,52.23,12.89,1019,625,4:00:00 AM
Facility1,Room1,04/16/2024,23.3,51.58,12.79,1053,614,5:00:00 AM
Facility1,Room1,04/16/2024,23.29,51.81,12.85,1076,622,6:00:00 AM
Facility1,Room1,04/16/2024,23.23,51.79,12.79,1011,635,7:00:00 AM
Facility1,Room1,04/16/2024,23.23,51.91,12.83,1071,630,8:00:00 AM
Facility1,Room1,04/16/2024,22.66,51.01,12.03,1062,623,9:00:00 AM
Facility1,Room1,04/16/2024,22.56,55.69,13.27,1096,621,10:00:00 AM
Facility1,Room1,04/16/2024,22.61,57.36,13.78,1024,622,11:00:00 AM
Facility1,Room1,04/16/2024,22.41,57.33,13.58,1053,617,12:00:00 PM
Facility1,Room1,04/16/2024,22.34,58.18,13.74,994,626,1:00:00 PM
Facility1,Room1,04/16/2024,22.38,59.64,14.16,1018,616,2:00:00 PM
Facility1,Room1,04/16/2024,22.12,59.43,13.87,1017,634,3:00:00 PM
Facility1,Room1,04/16/2024,22.25,61.74,14.57,1080,614,4:00:00 PM
Facility1,Room1,04/16/2024,22.38,61.47,14.63,1008,634,5:00:00 PM
Facility1,Room1,04/16/2024,22.47,62.02,14.85,1084,616,6:00:00 PM
Facility1,Room1,04/16/2024,22.23,59.57,14.01,1029,621,7:00:00 PM
Facility1,Room1,04/16/2024,22.1,61.16,14.28,1054,614,8:00:00 PM
Facility1,Room1,04/16/2024,22.12,62.19,14.56,1021,633,9:00:00 PM
Facility1,Room1,04/16/2024,22.17,62.58,14.71,1066,598,10:00:00 PM
Facility1,Room1,04/16/2024,21.98,59.93,13.86,1005,635,11:00:00 PM
Facility1,Room1,04/17/2024,22.11,61.44,14.36,1028,629,12:00:00 AM
Facility1,Room1,04/17/2024,22.34,60.07,14.24,1056,597,1:00:00 AM
Facility1,Room1,04/17/2024,22.46,60.69,14.51,1039,626,2:00:00 AM
Facility1,Room1,04/17/2024,22.58,59.15,14.22,1063,612,3:00:00 AM
Facility1,Room1,04/17/2024,22.38,56.48,13.32,1084,619,4:00:00 AM
Facility1,Room1,04/17/2024,22.35,55.87,13.13,1084,631,5:00:00 AM
Facility1,Room1,04/17/2024,22.24,56.26,13.14,1050,634,6:00:00 AM
Facility1,Room1,04/17/2024,22.48,58.07,13.84,1097,635,7:00:00 AM
Facility1,Room1,04/17/2024,22.53,56.16,13.38,1038,613,8:00:00 AM
Facility1,Room1,04/17/2024,22.57,60.86,14.64,1097,618,9:00:00 AM
Facility1,Room1,04/17/2024,22.51,67.94,16.31,1047,599,10:00:00 AM
Facility1,Room1,04/17/2024,23.02,63.01,15.62,1078,596,11:00:00 AM
Facility1,Room1,04/17/2024,23.11,60.35,15.03,1050,600,12:00:00 PM
Facility1,Room1,04/17/2024,23.14,58.83,14.66,1032,637,1:00:00 PM
Facility1,Room1,04/17/2024,23.2,58.66,14.68,1065,619,2:00:00 PM
Facility1,Room1,04/17/2024,23.17,57.53,14.35,994,599,3:00:00 PM
Facility1,Room1,04/17/2024,23.17,56.73,14.13,1083,596,4:00:00 PM
Facility1,Room1,04/17/2024,23.16,57.23,14.26,1014,597,5:00:00 PM
Facility1,Room1,04/17/2024,23.24,56.88,14.23,1020,635,6:00:00 PM
Facility1,Room1,04/17/2024,23.18,56.22,14.0,1022,632,7:00:00 PM
Facility1,Room1,04/17/2024,23.21,56.72,14.16,1051,598,8:00:00 PM
Facility1,Room1,04/17/2024,23.3,55.8,13.99,1044,598,9:00:00 PM
Facility1,Room1,04/17/2024,23.17,55.44,13.77,1073,623,10:00:00 PM
Facility1,Room1,04/17/2024,23.29,55.73,13.96,1028,605,11:00:00 PM
Facility1,Room1,04/18/2024,23.27,55.26,13.82,1074,636,12:00:00 AM
Facility1,Room1,04/18/2024,23.22,55.04,13.71,1071,602,1:00:00 AM
Facility1,Room1,04/18/2024,23.28,55.86,13.99,1003,624,2:00:00 AM
Facility1,Room1,04/18/2024,23.22,55.12,13.73,998,607,3:00:00 AM
Facility1,Room1,04/18/2024,23.19,55.28,13.75,1051,602,4:00:00 AM
Facility1,Room1,04/18/2024,23.21,56.44,14.09,1075,631,5:00:00 AM
Facility1,Room1,04/18/2024,23.22,55.52,13.84,1024,603,6:00:00 AM
Facility1,Room1,04/18/2024,23.13,55.32,13.7,1056,596,7:00:00 AM
Facility1,Room1,04/18/2024,23.14,56.13,13.93,1068,616,8:00:00 AM
Facility1,Room1,04/18/2024,22.53,53.32,12.59,1089,637,9:00:00 AM
Facility1,Room1,04/18/2024,22.61,58.44,14.06,995,644,10:00:00 AM
Facility1,Room1,04/18/2024,22.7,61.88,15.03,1004,642,11:00:00 AM
Facility1,Room1,04/18/2024,22.73,61.82,15.05,1005,647,12:00:00 PM
Facility1,Room1,04/18/2024,22.86,64.18,15.76,1076,649,1:00:00 PM
Facility1,Room1,04/18/2024,22.99,65.09,16.1,1010,646,2:00:00 PM
Facility1,Room1,04/18/2024,23.06,65.2,16.19,1095,636,3:00:00 PM
Facility1,Room1,04/18/2024,23.08,65.98,16.4,1095,637,4:00:00 PM
Facility1,Room1,04/18/2024,22.84,65.17,15.98,1005,638,5:00:00 PM
Facility1,Room1,04/18/2024,22.87,64.9,15.94,1026,642,6:00:00 PM
Facility1,Room1,04/18/2024,22.93,65.4,16.11,1067,650,7:00:00 PM
Facility1,Room1,04/18/2024,23.06,67.2,16.67,1006,649,8:00:00 PM
Facility1,Room1,04/18/2024,22.83,64.63,15.84,1097,644,9:00:00 PM
Facility1,Room1,04/18/2024,22.92,66.39,16.34,1096,638,10:00:00 PM
Facility1,Room1,04/18/2024,22.68,64.76,15.72,1061,649,11:00:00 PM
Facility1,Room1,04/19/2024,22.74,66.38,16.17,1020,636,12:00:00 AM
Facility1,Room1,04/19/2024,22.69,64.29,15.63,1087,637,1:00:00 AM
Facility1,Room1,04/19/2024,22.8,64.53,15.79,1084,648,2:00:00 AM
Facility1,Room1,04/19/2024,22.66,64.27,15.59,1027,642,3:00:00 AM
Facility1,Room1,04/19/2024,22.63,64.4,15.59,1046,640,4:00:00 AM
Facility1,Room1,04/19/2024,23.28,61.0,15.36,1095,648,5:00:00 AM
Facility1,Room1,04/19/2024,23.44,59.35,15.08,1079,644,6:00:00 AM
Facility1,Room1,04/19/2024,23.3,57.44,14.44,1015,647,7:00:00 AM
Facility1,Room1,04/19/2024,23.11,58.71,14.61,1049,648,8:00:00 AM
Facility1,Room1,04/19/2024,22.75,57.98,14.07,1012,646,9:00:00 AM
Facility1,Room1,04/19/2024,22.61,62.82,15.18,1085,644,10:00:00 AM
Facility1,Room1,04/19/2024,23.09,58.5,14.53,1060,643,11:00:00 AM
Facility1,Room1,04/19/2024,23.09,57.3,14.21,1056,645,12:00:00 PM
Facility1,Room1,04/19/2024,23.16,57.34,14.28,1020,647,1:00:00 PM
Facility1,Room1,04/19/2024,23.21,56.84,14.19,997,636,2:00:00 PM
Facility1,Room1,04/19/2024,23.1,56.2,13.92,1050,639,3:00:00 PM
Facility1,Room1,04/19/2024,23.1,56.43,13.98,1055,649,4:00:00 PM
Facility1,Room1,04/19/2024,23.38,66.96,16.92,1010,636,5:00:00 PM
Facility1,Room1,04/19/2024,23.28,59.08,14.86,1048,643,6:00:00 PM
Facility1,Room1,04/19/2024,23.13,56.96,14.15,1033,644,7:00:00 PM
Facility1,Room1,04/19/2024,23.16,56.99,14.19,1077,640,8:00:00 PM
Facility1,Room1,04/19/2024,23.17,57.17,14.24,1073,647,9:00:00 PM
Facility1,Room1,04/19/2024,23.13,56.4,14.01,1034,649,10:00:00 PM
Facility1,Room1,04/19/2024,23.14,56.02,13.9,1064,648,11:00:00 PM
Facility1,Room1,04/20/2024,23.19,57.25,14.29,1063,645,12:00:00 AM
Facility1,Room1,04/20/2024,23.25,56.73,14.2,1091,649,1:00:00 AM
Facility1,Room1,04/20/2024,23.22,56.14,14.02,1082,646,2:00:00 AM
Facility1,Room1,04/20/2024,23.19,56.91,14.19,1089,649,3:00:00 AM
Facility1,Room1,04/20/2024,23.25,57.57,14.43,1001,640,4:00:00 AM
Facility1,Room1,04/20/2024,23.28,56.9,14.28,1007,636,5:00:00 AM
Facility1,Room1,04/20/2024,23.19,57.14,14.26,1088,645,6:00:00 AM
Facility1,Room1,04/20/2024,23.28,57.7,14.49,1037,650,7:00:00 AM
Facility1,Room1,04/20/2024,23.32,57.47,14.47,1048,645,8:00:00 AM
Facility1,Room1,04/20/2024,22.8,54.75,13.24,1034,649,9:00:00 AM
Facility1,Room1,04/20/2024,22.7,60.63,14.72,1069,636,10:00:00 AM
Facility1,Room1,04/20/2024,22.72,62.75,15.27,1013,638,11:00:00 AM
Facility1,Room1,04/20/2024,22.51,62.28,14.96,1098,649,12:00:00 PM
Facility1,Room1,04/20/2024,22.61,65.19,15.76,1015,640,1:00:00 PM
Facility1,Room1,04/20/2024,22.64,64.0,15.5,1096,635,2:00:00 PM
Facility1,Room1,04/20/2024,22.62,64.92,15.71,1065,649,3:00:00 PM
Facility1,Room1,04/20/2024,22.72,65.38,15.92,1071,638,4:00:00 PM
Facility1,Room1,04/20/2024,22.75,64.91,15.83,1007,643,5:00:00 PM
Facility1,Room1,04/20/2024,22.82,66.01,16.16,1028,645,6:00:00 PM
Facility1,Room1,04/20/2024,22.71,66.36,16.14,1075,635,7:00:00 PM
Facility1,Room1,04/20/2024,22.39,65.63,15.65,1040,646,8:00:00 PM
Facility1,Room1,04/20/2024,22.42,65.41,15.63,1097,646,9:00:00 PM
Facility1,Room1,04/20/2024,22.6,67.01,16.19,1089,639,10:00:00 PM
Facility1,Room1,04/20/2024,22.71,67.17,16.33,1020,635,11:00:00 PM
Facility1,Room1,04/21/2024,22.77,64.1,15.66,1023,650,12:00:00 AM
Facility1,Room1,04/21/2024,22.74,64.05,15.61,1019,642,1:00:00 AM
Facility1,Room1,04/21/2024,23.07,63.03,15.67,1097,644,2:00:00 AM
Facility1,Room1,04/21/2024,22.93,60.82,14.98,1035,637,3:00:00 AM
Facility1,Room1,04/21/2024,23.13,60.16,15.0,1007,639,4:00:00 AM
Facility1,Room1,04/21/2024,23.33,60.32,15.23,1100,642,5:00:00 AM
Facility1,Room1,04/21/2024,23.37,58.83,14.88,1021,648,6:00:00 AM
Facility1,Room1,04/21/2024,23.32,58.37,14.71,1073,638,7:00:00 AM
Facility1,Room1,04/21/2024,23.21,58.92,14.75,1073,644,8:00:00 AM
Facility1,Room1,04/21/2024,22.83,59.33,14.5,1068,636,9:00:00 AM
Facility1,Room1,04/21/2024,21.6,62.42,14.13,1064,641,10:00:00 AM
Facility1,Room1,04/21/2024,22.89,60.51,14.87,1066,635,11:00:00 AM
Facility1,Room1,04/21/2024,23.39,57.61,14.57,1032,640,12:00:00 PM
Facility1,Room1,04/21/2024,23.41,57.68,14.61,1063,645,1:00:00 PM
Facility1,Room1,04/21/2024,23.32,57.68,14.53,990,640,2:00:00 PM
Facility1,Room1,04/21/2024,23.28,56.33,14.12,1019,647,3:00:00 PM
Facility1,Room1,04/21/2024,23.19,56.6,14.11,1048,648,4:00:00 PM
Facility1,Room1,04/21/2024,23.2,57.24,14.3,1020,643,5:00:00 PM
Facility1,Room1,04/21/2024,23.34,65.83,16.59,1040,650,6:00:00 PM
Facility1,Room1,04/21/2024,22.07,59.85,13.93,1065,637,7:00:00 PM
Facility1,Room1,04/21/2024,22.73,59.91,14.56,1078,642,8:00:00 PM
Facility1,Room1,04/21/2024,23.01,57.32,14.14,1092,641,9:00:00 PM
Facility1,Room1,04/21/2024,23.14,56.6,14.06,1099,645,10:00:00 PM
Facility1,Room1,04/21/2024,23.18,57.14,14.25,1015,636,11:00:00 PM
Facility1,Room1,04/22/2024,23.26,56.55,14.16,1008,645,12:00:00 AM
Facility1,Room1,04/22/2024,23.27,56.88,14.26,1006,642,1:00:00 AM
Facility1,Room1,04/22/2024,23.23,56.53,14.13,1084,638,2:00:00 AM
Facility1,Room1,04/22/2024,23.2,56.58,14.12,1046,645,3:00:00 AM
Facility1,Room1,04/22/2024,23.16,57.38,14.29,1049,644,4:00:00 AM
Facility1,Room1,04/22/2024,23.23,58.03,14.53,1082,635,5:00:00 AM
Facility1,Room1,04/22/2024,23.24,58.82,14.75,1063,649,6:00:00 AM
Facility1,Room1,04/22/2024,23.24,58.38,14.63,1048,636,7:00:00 AM
Facility1,Room1,04/22/2024,23.21,57.97,14.5,1052,644,8:00:00 AM
Facility1,Room1,04/22/2024,22.58,54.89,13.07,991,646,9:00:00 AM
Facility1,Room1,04/22/2024,22.56,60.74,14.62,1115,649,10:00:00 AM
Facility1,Room1,04/22/2024,22.76,62.32,15.21,1232,640,11:00:00 AM
Facility1,Room1,04/22/2024,22.84,64.87,15.9,1101,649,12:00:00 PM
Facility1,Room1,04/22/2024,23.16,65.92,16.46,1208,640,1:00:00 PM
Facility1,Room1,04/22/2024,23.19,65.37,16.36,1205,635,2:00:00 PM
Facility1,Room1,04/22/2024,22.99,65.76,16.26,1132,648,3:00:00 PM
Facility1,Room1,04/22/2024,22.63,66.38,16.07,1086,648,4:00:00 PM
Facility1,Room1,04/22/2024,22.76,67.48,16.45,1263,637,5:00:00 PM
Facility1,Room1,04/22/2024,22.63,65.62,15.88,1096,644,6:00:00 PM
Facility1,Room1,04/22/2024,23.0,66.54,16.46,1136,635,7:00:00 PM
Facility1,Room1,04/22/2024,22.71,65.11,15.84,1178,641,8:00:00 PM
Facility1,Room1,04/22/2024,22.65,65.98,15.99,1274,646,9:00:00 PM
Facility1,Room1,04/22/2024,22.45,65.08,15.58,1070,637,10:00:00 PM
Facility1,Room1,04/22/2024,22.31,65.47,15.54,1110,638,11:00:00 PM
Facility1,Room1,04/23/2024,22.59,66.35,16.02,1096,636,12:00:00 AM
Facility1,Room1,04/23/2024,22.61,66.03,15.96,1199,639,1:00:00 AM
Facility1,Room1,04/23/2024,22.8,65.73,16.07,1224,647,2:00:00 AM
Facility1,Room1,04/23/2024,22.82,67.22,16.44,1158,649,3:00:00 AM
Facility1,Room1,04/23/2024,22.87,66.59,16.34,1258,649,4:00:00 AM
Facility1,Room1,04/23/2024,22.98,67.83,16.74,1167,648,5:00:00 AM
Facility1,Room1,04/23/2024,22.87,66.41,16.3,1267,648,6:00:00 AM
Facility1,Room1,04/23/2024,20.88,70.99,15.44,1197,648,7:00:00 AM
Facility1,Room1,04/23/2024,20.38,98.01,20.07,1204,639,8:00:00 AM
Facility1,Room1,04/23/2024,21.23,82.35,18.12,1220,640,9:00:00 AM
Facility1,Room1,04/23/2024,22.53,69.41,16.66,1099,648,10:00:00 AM
Facility1,Room1,04/23/2024,23.07,64.5,16.04,1173,647,11:00:00 AM
Facility1,Room1,04/23/2024,23.31,62.21,15.69,1077,635,12:00:00 PM
Facility1,Room1,04/23/2024,23.36,59.99,15.17,1198,642,1:00:00 PM
Facility1,Room1,04/23/2024,23.38,58.96,14.92,1245,644,2:00:00 PM
Facility1,Room1,04/23/2024,23.46,58.93,14.99,1084,640,3:00:00 PM
Facility1,Room1,04/23/2024,23.54,57.86,14.78,1272,649,4:00:00 PM
Facility1,Room1,04/23/2024,23.49,56.85,14.46,1282,648,5:00:00 PM
Facility1,Room1,04/23/2024,23.57,56.66,14.48,1108,649,6:00:00 PM
Facility1,Room1,04/23/2024,23.59,56.52,14.47,1207,640,7:00:00 PM
Facility1,Room1,04/23/2024,23.56,55.36,14.11,1122,643,8:00:00 PM
Facility1,Room1,04/23/2024,23.61,56.24,14.4,1185,638,9:00:00 PM
Facility1,Room1,04/23/2024,23.41,57.0,14.43,1253,636,10:00:00 PM
Facility1,Room1,04/23/2024,23.29,56.37,14.14,1262,643,11:00:00 PM
Facility1,Room1,04/24/2024,23.26,56.65,14.19,1200,637,12:00:00 AM
Facility1,Room1,04/24/2024,23.32,56.96,14.33,1254,649,1:00:00 AM
Facility1,Room1,04/24/2024,23.31,57.5,14.46,1075,635,2:00:00 AM
Facility1,Room1,04/24/2024,23.28,56.62,14.2,1236,636,3:00:00 AM
Facility1,Room1,04/24/2024,23.25,57.62,14.44,1231,644,4:00:00 AM
Facility1,Room1,04/24/2024,23.31,57.98,14.59,1108,645,5:00:00 AM
Facility1,Room1,04/24/2024,23.26,57.98,14.55,1245,637,6:00:00 AM
Facility1,Room1,04/24/2024,23.23,57.79,14.47,1166,640,7:00:00 AM
Facility1,Room1,04/24/2024,23.23,58.74,14.72,1112,641,8:00:00 AM
Facility1,Room1,04/24/2024,22.57,54.69,13.01,1137,647,9:00:00 AM
Facility1,Room1,04/24/2024,22.75,60.55,14.74,1172,650,10:00:00 AM
Facility1,Room1,04/24/2024,22.88,62.38,15.33,1118,643,11:00:00 AM
Facility1,Room1,04/24/2024,22.55,62.89,15.14,953,642,12:00:00 PM
Facility1,Room1,04/24/2024,22.55,64.97,15.65,960,636,1:00:00 PM
Facility1,Room1,04/24/2024,22.76,65.17,15.9,1128,636,2:00:00 PM
Facility1,Room1,04/24/2024,22.63,64.77,15.68,1174,644,3:00:00 PM
Facility1,Room1,04/24/2024,22.41,65.31,15.6,908,639,4:00:00 PM
Facility1,Room1,04/24/2024,22.53,67.03,16.12,979,650,5:00:00 PM
Facility1,Room1,04/24/2024,22.76,66.93,16.32,1102,642,6:00:00 PM
Facility1,Room1,04/24/2024,22.59,65.54,15.83,1100,644,7:00:00 PM
Facility1,Room1,04/24/2024,22.37,65.78,15.68,934,635,8:00:00 PM
Facility1,Room1,04/24/2024,22.28,66.65,15.79,1104,636,9:00:00 PM
Facility1,Room1,04/24/2024,22.51,66.42,15.96,1054,649,10:00:00 PM
Facility1,Room1,04/24/2024,22.93,67.83,16.69,1061,646,11:00:00 PM
Facility1,Room1,04/25/2024,23.08,67.08,16.65,1091,649,12:00:00 AM
Facility1,Room1,04/25/2024,23.12,67.08,16.69,927,645,1:00:00 AM
Facility1,Room1,04/25/2024,23.0,66.95,16.55,1049,650,2:00:00 AM
Facility1,Room1,04/25/2024,22.94,66.78,16.45,989,645,3:00:00 AM
Facility1,Room1,04/25/2024,23.05,66.85,16.58,957,639,4:00:00 AM
Facility1,Room1,04/25/2024,23.19,65.96,16.5,1079,635,5:00:00 AM
Facility1,Room1,04/25/2024,23.23,65.96,16.54,1008,648,6:00:00 AM
Facility1,Room1,04/25/2024,23.27,65.28,16.41,1039,643,7:00:00 AM
Facility1,Room1,04/25/2024,23.31,65.84,16.58,928,643,8:00:00 AM
Facility1,Room1,04/25/2024,22.87,66.64,16.35,1079,635,9:00:00 AM
Facility1,Room1,04/25/2024,23.03,65.42,16.21,962,640,10:00:00 AM
Facility1,Room1,04/25/2024,23.21,60.37,15.13,938,649,11:00:00 AM
Facility1,Room1,04/25/2024,23.36,57.77,14.58,1133,648,12:00:00 PM
Facility1,Room1,04/25/2024,23.32,55.51,13.94,1018,636,1:00:00 PM
Facility1,Room1,04/25/2024,23.42,54.58,13.76,1017,637,2:00:00 PM
Facility1,Room1,04/25/2024,23.41,54.31,13.68,1085,636,3:00:00 PM
Facility1,Room1,04/25/2024,23.37,53.23,13.33,1065,646,4:00:00 PM
Facility1,Room1,04/25/2024,23.46,54.23,13.7,1165,637,5:00:00 PM
Facility1,Room1,04/25/2024,23.42,54.32,13.7,924,643,6:00:00 PM
Facility1,Room1,04/25/2024,23.4,53.36,13.4,962,647,7:00:00 PM
Facility1,Room1,04/25/2024,23.43,54.48,13.75,1048,638,8:00:00 PM
Facility1,Room1,04/25/2024,23.43,53.31,13.41,945,641,9:00:00 PM
Facility1,Room1,04/25/2024,23.39,53.32,13.38,999,647,10:00:00 PM
Facility1,Room1,04/25/2024,23.42,53.76,13.54,1080,650,11:00:00 PM
Facility1,Room1,04/26/2024,23.4,52.87,13.26,1121,637,12:00:00 AM
Facility1,Room1,04/26/2024,23.36,53.79,13.49,1024,649,1:00:00 AM
Facility1,Room1,04/26/2024,23.45,53.89,13.6,907,643,2:00:00 AM
Facility1,Room1,04/26/2024,23.42,53.79,13.54,1093,645,3:00:00 AM
Facility1,Room1,04/26/2024,23.39,54.2,13.63,973,642,4:00:00 AM
Facility1,Room1,04/26/2024,23.38,54.17,13.61,1091,645,5:00:00 AM
Facility1,Room1,04/26/2024,23.42,55.62,14.05,1069,637,6:00:00 AM
Facility1,Room1,04/26/2024,23.43,55.63,14.07,1082,650,7:00:00 AM
Facility1,Room1,04/26/2024,23.37,54.79,13.78,1151,643,8:00:00 AM
Facility1,Room1,04/26/2024,22.79,53.35,12.83,1065,646,9:00:00 AM
Facility1,Room1,04/26/2024,22.66,60.63,14.68,1068,638,10:00:00 AM
Facility1,Room1,04/26/2024,22.76,62.37,15.22,985,644,11:00:00 AM
Facility1,Room1,04/26/2024,23.01,63.85,15.82,1002,644,12:00:00 PM
Facility1,Room1,04/26/2024,22.81,63.37,15.51,1116,642,1:00:00 PM
Facility1,Room1,04/26/2024,22.69,64.49,15.66,1034,636,2:00:00 PM
Facility1,Room1,04/26/2024,22.75,66.02,16.09,982,647,3:00:00 PM
Facility1,Room1,04/26/2024,22.79,64.38,15.74,1093,645,4:00:00 PM
Facility1,Room1,04/26/2024,22.92,65.07,16.03,965,639,5:00:00 PM
Facility1,Room1,04/26/2024,22.96,65.29,16.12,923,645,6:00:00 PM
Facility1,Room1,04/26/2024,22.65,63.45,15.38,936,650,7:00:00 PM
Facility1,Room1,04/26/2024,22.79,65.37,15.97,939,641,8:00:00 PM
Facility1,Room1,04/26/2024,22.96,64.35,15.89,966,644,9:00:00 PM
Facility1,Room1,04/26/2024,23.13,63.23,15.78,1007,646,10:00:00 PM
Facility1,Room1,04/26/2024,23.21,63.09,15.82,1006,641,11:00:00 PM
Facility1,Room1,04/27/2024,23.34,63.2,15.97,1039,640,12:00:00 AM
Facility1,Room1,04/27/2024,22.92,64.84,15.97,1022,645,1:00:00 AM
Facility1,Room1,04/27/2024,22.66,65.02,15.77,1019,642,2:00:00 AM
Facility1,Room1,04/27/2024,22.71,65.81,16.0,1030,649,3:00:00 AM
Facility1,Room1,04/27/2024,22.77,64.79,15.82,1005,641,4:00:00 AM
Facility1,Room1,04/27/2024,22.84,65.18,15.98,1162,650,5:00:00 AM
Facility1,Room1,04/27/2024,22.73,65.42,15.93,1099,640,6:00:00 AM
Facility1,Room1,04/27/2024,22.68,65.0,15.79,1145,635,7:00:00 AM
Facility1,Room1,04/27/2024,22.87,64.7,15.89,1110,647,8:00:00 AM
Facility1,Room1,04/27/2024,22.35,64.41,15.32,1032,635,9:00:00 AM
Facility1,Room1,04/27/2024,22.67,65.93,15.99,975,649,10:00:00 AM
Facility1,Room1,04/27/2024,23.03,59.48,14.74,926,635,11:00:00 AM
Facility1,Room1,04/27/2024,23.3,57.18,14.37,1174,635,12:00:00 PM
Facility1,Room1,04/27/2024,23.35,54.81,13.76,976,639,1:00:00 PM
Facility1,Room1,04/27/2024,23.38,53.64,13.46,1136,637,2:00:00 PM
Facility1,Room1,04/27/2024,23.45,58.91,14.96,1080,638,3:00:00 PM
Facility1,Room1,04/27/2024,23.57,53.94,13.72,1126,644,4:00:00 PM
Facility1,Room1,04/27/2024,23.55,53.59,13.6,943,645,5:00:00 PM
Facility1,Room1,04/27/2024,23.56,53.09,13.47,1101,639,6:00:00 PM
Facility1,Room1,04/27/2024,23.52,52.98,13.4,1161,649,7:00:00 PM
Facility1,Room1,04/27/2024,23.48,52.5,13.22,1019,646,8:00:00 PM
Facility1,Room1,04/27/2024,23.43,52.65,13.22,1024,640,9:00:00 PM
Facility1,Room1,04/27/2024,23.45,52.29,13.13,1136,647,10:00:00 PM
Facility1,Room1,04/27/2024,23.44,52.65,13.23,1035,644,11:00:00 PM
Facility1,Room1,04/28/2024,23.5,52.45,13.23,955,639,12:00:00 AM
Facility1,Room1,04/28/2024,23.47,52.0,13.06,909,635,1:00:00 AM
Facility1,Room1,04/28/2024,23.4,51.54,12.86,953,646,2:00:00 AM
Facility1,Room1,04/28/2024,23.37,51.98,12.97,1119,639,3:00:00 AM
Facility1,Room1,04/28/2024,23.35,51.82,12.9,1143,647,4:00:00 AM
Facility1,Room1,04/28/2024,23.32,52.65,13.12,961,646,5:00:00 AM
Facility1,Room1,04/28/2024,23.35,52.94,13.23,1140,646,6:00:00 AM
Facility1,Room1,04/28/2024,23.37,53.34,13.37,1170,647,7:00:00 AM
Facility1,Room1,04/28/2024,23.42,53.28,13.4,1031,646,8:00:00 AM
Facility1,Room1,04/28/2024,22.77,52.11,12.45,1106,639,9:00:00 AM
Facility1,Room1,04/28/2024,22.64,58.81,14.18,1162,635,10:00:00 AM
Facility1,Room1,04/28/2024,22.89,61.01,15.0,1056,645,11:00:00 AM
Facility1,Room1,04/28/2024,22.79,61.99,15.15,1140,647,12:00:00 PM
Facility1,Room1,04/28/2024,22.81,63.48,15.54,1080,637,1:00:00 PM
Facility1,Room1,04/28/2024,22.97,63.79,15.77,983,639,2:00:00 PM
Facility1,Room1,04/28/2024,22.9,63.97,15.74,1019,643,3:00:00 PM
Facility1,Room1,04/28/2024,22.76,64.34,15.7,960,648,4:00:00 PM
Facility1,Room1,04/28/2024,22.79,62.98,15.39,1092,637,5:00:00 PM
Facility1,Room1,04/28/2024,23.02,63.96,15.85,923,649,6:00:00 PM
Facility1,Room1,04/28/2024,22.97,62.79,15.51,962,644,7:00:00 PM
Facility1,Room1,04/28/2024,22.81,63.25,15.48,940,643,8:00:00 PM
Facility1,Room1,04/28/2024,22.91,63.46,15.62,1005,640,9:00:00 PM
Facility1,Room1,04/28/2024,22.98,62.42,15.43,919,638,10:00:00 PM
Facility1,Room1,04/28/2024,23.11,62.01,15.45,997,649,11:00:00 PM
Facility1,Room1,04/29/2024,23.26,61.91,15.57,992,648,12:00:00 AM
Facility1,Room1,04/29/2024,23.12,61.13,15.24,1111,645,1:00:00 AM
Facility1,Room1,04/29/2024,22.69,62.34,15.14,1075,647,2:00:00 AM
Facility1,Room1,04/29/2024,22.68,65.95,16.01,937,648,3:00:00 AM
Facility1,Room1,04/29/2024,22.57,64.19,15.49,1111,643,4:00:00 AM
Facility1,Room1,04/29/2024,22.91,65.2,16.05,954,637,5:00:00 AM
Facility1,Room1,04/29/2024,22.72,63.87,15.54,1142,650,6:00:00 AM
Facility1,Room1,04/29/2024,22.67,63.84,15.5,1125,647,7:00:00 AM
Facility1,Room1,04/29/2024,22.83,65.46,16.04,912,647,8:00:00 AM
Facility1,Room1,04/29/2024,22.19,63.5,14.95,1019,637,9:00:00 AM
Facility1,Room1,04/29/2024,22.67,66.1,16.04,1151,639,10:00:00 AM
Facility1,Room1,04/29/2024,22.97,61.92,15.3,1054,636,11:00:00 AM
Facility1,Room1,04/29/2024,23.12,61.12,15.24,1120,639,12:00:00 PM
Facility1,Room1,04/29/2024,23.17,59.92,14.98,1084,643,1:00:00 PM
Facility1,Room1,04/29/2024,23.18,57.84,14.43,964,641,2:00:00 PM
Facility1,Room1,04/29/2024,23.18,57.12,14.25,1139,639,3:00:00 PM
Facility1,Room1,04/29/2024,23.19,57.34,14.31,1061,638,4:00:00 PM
Facility1,Room1,04/29/2024,23.26,57.36,14.38,1159,645,5:00:00 PM
Facility1,Room1,04/29/2024,23.26,55.81,13.96,1088,635,6:00:00 PM
Facility1,Room1,04/29/2024,23.16,55.43,13.76,1117,648,7:00:00 PM
Facility1,Room1,04/29/2024,23.21,55.9,13.94,1069,640,8:00:00 PM
Facility1,Room1,04/29/2024,23.32,55.69,13.98,1068,649,9:00:00 PM
Facility1,Room1,04/29/2024,23.27,55.13,13.78,911,637,10:00:00 PM
Facility1,Room1,04/29/2024,23.27,54.56,13.62,1065,642,11:00:00 PM
Facility1,Room1,04/30/2024,23.26,54.86,13.7,1098,643,12:00:00 AM
